chrom_coord,local_coord,ref,mmRate,DMS_signal
68085583,1,C,0.0371873,0.8756016688697162
68085585,3,C,0.00701167,0.11686010505742556
68085588,6,C,0.00309313,0.01833161808098087
68085589,7,C,0.0345083,0.8082404025281973
68085590,8,C,0.00878008,0.16132532977224653
68085593,11,C,0.0172074,0.37322340631767725
68085594,12,A,0.0396781,0.9382307999646976
68085597,15,A,0.0166206,0.3584687997147644
68085598,16,A,0.0317976,0.7400820655845786
68085600,18,C,0.0154933,0.33012376218329964
68085603,21,C,0.00739173,0.12641640326039594
68085608,26,A,0.0421347,1.0
68085611,29,A,0.0539279,1.0
68085613,31,C,0.0191208,0.42133428613024243
68085616,34,C,0.0179853,0.39278306629791887
68085619,37,C,0.030446,0.7060971877991373
68085620,38,C,0.0109871,0.21681904460653506
68085622,40,C,0.0163784,0.3523788785845234
68085623,41,C,0.007622,0.13220635428707067
68085625,43,C,0.022839,0.5148253874781467
68085629,47,C,0.024358,0.553019401503069
68085630,48,C,0.0257651,0.5883997814467612
68085632,50,C,0.01802,0.3936555694491137
68085635,53,C,0.014615,0.30803962622669046
68085636,54,C,0.0131001,0.2699487033521974
68085638,56,C,0.0208479,0.4647608046440301
68085639,57,C,0.0108401,0.21312284970089743
68085641,59,C,0.0247565,0.5630393584411413
68085642,60,C,0.00236407,0.0
68085644,62,C,0.00997747,0.1914327230923926
68085645,63,C,0.00764376,0.13275349170983716
68085647,65,C,0.0231126,0.5217048359555784
68085648,66,C,0.0187863,0.41292355690618937
68085651,69,A,0.0248368,0.5650584363385746
68085654,72,A,0.0291812,0.6742948251008346
68085657,75,A,0.055857,1.0
68085659,77,C,0.00857182,0.15608880221409624
68085662,80,C,0.0261485,0.598040061221057
68085663,81,A,0.0171839,0.37263251801643577
68085665,83,C,0.0125197,0.25535501952068657
68085666,84,A,0.0350756,0.8225046975619948
68085667,85,C,0.0204139,0.45384822920833795
68085668,86,C,0.0140816,0.2946277189976624
68085669,87,C,0.0358346,0.8415891324829404
68085674,92,C,0.0121207,0.24532249049109864
68085675,93,C,0.0152444,0.32386537502674717
68085676,94,A,0.0331826,0.7749067590832733
68085677,95,C,0.0412762,0.9784137188674156
68085679,97,C,0.0149019,0.31525349233844174
68085680,98,C,0.0147229,0.31075268357579455
68085682,100,A,0.0357697,0.8399572750041929
