chrom_coord,local_coord,ref,mmRate,DMS_signal
809927,1,C,,
809933,7,A,,
809935,9,C,,
809941,15,A,,
809942,16,A,,
809943,17,C,,
809944,18,C,,
809945,19,C,,
809946,20,C,,
809948,22,C,,
809949,23,C,,
809951,25,C,,
809955,29,C,,
809958,32,C,,
809961,35,C,0.00799343,0.06759796637479436
809963,37,C,0.00507016,0.0
809964,38,C,0.0277586,0.5246495890617492
809967,41,C,0.0171268,0.27879886062970605
809968,42,C,0.0102013,0.11865295685460542
809973,47,C,0.0361288,0.7182028695149074
809974,48,C,0.0221561,0.3950968598869602
809976,50,C,0.0267735,0.5018700453740945
809977,51,C,0.0263005,0.4909323495419348
809978,52,C,0.0218018,0.3869039938545411
809982,56,C,0.0329719,0.6452024213699914
809984,58,C,0.0280575,0.5315613803603381
809985,59,C,0.0150135,0.22993071559354694
809986,60,A,0.0206252,0.35969618642088524
809987,61,C,0.0483151,1.0
809988,62,C,0.0220868,0.3934943602650391
809990,64,A,0.0252329,0.4662450682091361
809994,68,C,0.034055,0.6702481261391506
809996,70,C,0.0371767,0.7424346062221384
809997,71,A,0.0339847,0.668622502424561
809998,72,C,0.0455408,0.9358468297100192
810000,74,C,0.0148448,0.2260296811603855
810004,78,A,0.0138349,0.20267665997455422
810006,80,A,0.0702519,1.0
810007,81,C,0.0457801,0.9413804250855706
810010,84,C,0.00852421,0.07987177228133513
810012,86,C,0.017166,0.27970532506230783
810013,87,C,0.0130769,0.1851485977318965
810015,89,C,0.0212063,0.3731335966705006
810016,90,C,0.0232287,0.41989976168310095
810018,92,C,0.0228085,0.4101830179438334
810019,93,C,0.00581702,0.017270459850331626
810021,95,C,0.0154211,0.23935609576519237
810022,96,C,0.037265,0.7444764636047593
810024,98,C,0.0331503,0.6493277595020365
810025,99,C,0.0292866,0.5599832026590856
810027,101,C,0.0217929,0.3866981894297922
