chrom_coord,local_coord,ref,mmRate,DMS_signal
167827074,1,C,0.0271972,0.5410160212927636
167827077,4,C,0.00711625,0.14155888332345348
167827078,5,C,0.0102244,0.20338726810501565
167827080,7,C,0.0227681,0.4529108464987488
167827083,10,C,0.00319447,0.06354549179838713
167827084,11,C,0.00218785,0.043521461848476044
167827085,12,C,0.00986035,0.19614546076633263
167827088,15,C,0.0019655,0.03909839946211105
167827089,16,C,0.00248756,0.04948339586159704
167827091,18,C,0.0,0.0
167827092,19,C,0.00770296,0.1532299196747204
167827095,22,C,0.00682294,0.1357242603032389
167827096,23,C,0.00634301,0.1261773282992445
167827097,24,C,0.0129561,0.2577271804991387
167827098,25,C,0.00199874,0.03975962093151863
167827101,28,C,0.00956697,0.1903094452821331
167827102,29,C,0.000262012,0.005212032480217065
167827103,30,C,0.0110333,0.21947818406782493
167827104,31,C,0.0176592,0.3512828571769583
167827106,33,C,0.0175923,0.34995205945423374
167827108,35,C,0.0200116,0.3980776040071135
167827111,38,C,0.0130279,0.25915545070080725
167827114,41,A,0.0501806,0.9982096891622538
167827117,44,A,0.0280059,0.5571029587870445
167827120,47,C,0.0156176,0.31067065043981973
167827122,49,C,0.0292109,0.5810732316702009
167827125,52,C,0.011329,0.22536034978695302
167827126,53,C,0.011586,0.2304726818458503
167827127,54,A,0.0281827,0.5606199249660836
167827130,57,A,0.027625,0.5495259654748501
167827131,58,C,0.0208623,0.41500001989234264
167827132,59,C,0.0367998,0.7320342307432177
167827133,60,A,0.0248229,0.4937856321587568
167827137,64,C,0.00942749,0.18753486133047945
167827140,67,C,0.00707324,0.14070331366643724
167827144,71,C,0.0160956,0.3201791902225158
167827147,74,C,0.00697384,0.13872601480785987
167827148,75,C,0.0116557,0.2318591781279714
167827152,79,A,0.0544726,1.0
167827153,80,C,0.0335687,0.667760082433868
167827155,82,A,0.0532745,1.0
167827158,85,A,0.0502706,1.0
167827160,87,C,0.0178091,0.3542647193389377
167827163,90,C,0.0137014,0.2725529434699407
167827166,93,A,0.0343075,0.6824565451774993
167827167,94,A,0.0385339,0.7665295421180571
167827169,96,C,0.0231465,0.4604381089543391
167827173,100,C,0.0120816,0.24033132685903888
167827174,101,C,0.00479824,0.0954482341567437
