chrom_coord,local_coord,ref,mmRate,DMS_signal
26204609,3,C,0.00737107,0.08083253097399479
26204610,4,A,0.00379495,0.041616130822222756
26204612,6,A,0.0,0.0
26204619,13,C,0.0276169,0.3028520858784025
26204622,16,C,0.0386817,0.4241907502407078
26204624,18,A,0.0307616,0.33733745369527596
26204629,23,C,0.0449852,0.4933161091091728
26204644,38,C,0.0447286,0.4905021855610411
26204645,39,A,0.0286819,0.3145310748837036
26204649,43,C,0.0324454,0.355802319129197
26204654,48,C,0.0427596,0.4689097636348084
26204656,50,C,0.0212411,0.23293387170000018
26204659,53,C,0.0356564,0.3910147451348512
26204660,54,A,0.0257403,0.2822729396179819
26204661,55,A,0.0313143,0.3433984651724872
26204662,56,A,0.0269534,0.29557602089716567
26204665,59,C,0.0334679,0.367015245192972
26204668,62,A,0.0194979,0.21381761476662856
26204669,63,A,0.0405287,0.44444529737008903
26204670,64,A,0.0354752,0.3890276720759211
26204674,68,A,0.0268227,0.29414274027463716
26204675,69,C,0.0681877,0.7477590597152739
26204681,75,A,0.025304,0.27748839229120925
26204682,76,A,0.0342108,0.37516202541084814
26204683,77,A,0.035858,0.39322552840571384
26204686,80,A,0.0239105,0.26220701090258297
26204689,83,C,0.0235808,0.2585914590950264
26204691,85,C,0.0277357,0.3041548688773037
26204693,87,A,0.0382675,0.41964855564352876
26204694,88,A,0.041311,0.4530241453502271
26204696,90,C,0.124667,1.0
26204699,93,C,0.0225665,0.24746845576349882
26204700,94,A,0.0342419,0.3755030738221767
26204701,95,C,0.0440588,0.48315703360258977
26204702,96,C,0.0911894,1.0
26204705,99,A,0.0407252,0.4466001530879686
26204706,100,A,0.0392714,0.43065751063171814
