chrom_coord,local_coord,ref,mmRate,DMS_signal
43781067,1,A,,
43781066,2,C,,
43781065,3,C,,
43781064,4,C,,
43781058,10,C,,
43781057,11,C,,
43781055,13,C,,
43781054,14,C,,
43781053,15,C,,
43781052,16,C,,
43781049,19,C,,
43781048,20,C,,
43781047,21,C,,
43781046,22,C,,
43781044,24,C,,
43781043,25,C,,
43781042,26,C,,
43781041,27,C,,
43781039,29,C,,
43781038,30,C,,
43781037,31,C,,
43781034,34,C,,
43781033,35,C,,
43781029,39,C,,
43781028,40,C,,
43781025,43,C,,
43781024,44,A,,
43781023,45,C,,
43781022,46,C,,
43781021,47,A,,
43781020,48,C,,
43781018,50,C,,
43781017,51,C,,
43781016,52,C,,
43781015,53,C,,
43781014,54,A,,
43781012,56,A,,
43781008,60,C,,
43781007,61,A,,
43781006,62,C,,
43781005,63,A,,
43781001,67,C,,
43780999,69,C,,
43780996,72,C,,
43780991,77,C,,
43780990,78,C,,
43780988,80,C,,
43780987,81,A,,
43780985,83,A,,
43780983,85,C,,
43780982,86,A,,
43780981,87,A,,
43780980,88,A,,
43780979,89,A,,
43780976,92,C,0.0157935,0.23134837980066975
43780975,93,C,0.034481,0.9580891743524569
43780974,94,C,0.0355587,1.0
43780973,95,A,0.0120136,0.08435132137518216
43780971,97,A,0.0174926,0.2974249167383523
43780969,99,C,0.0168111,0.27092196816379477
43780968,100,C,0.00984458,0.0
43780967,101,A,0.0179588,0.3155550335768831
