chrom_coord,local_coord,ref,mmRate,DMS_signal
12938607,1,C,,
12938608,2,C,0.00617789,0.08444030832177192
12938611,5,C,0.00159669,0.0
12938612,6,C,0.00471497,0.05747588505928902
12938615,9,A,0.0193986,0.3281233670471567
12938616,10,C,0.0301217,0.5257706800143253
12938619,13,C,0.0241277,0.41528975622127956
12938620,14,A,0.0268664,0.4657692533837777
12938622,16,A,0.0273034,0.4738240020820695
12938624,18,C,0.023571,0.4050287067925861
12938625,19,C,0.0361792,0.6374220306777177
12938627,21,C,0.027754,0.48212942488172694
12938630,24,C,0.0216492,0.36960624443932033
12938631,25,C,0.022117,0.3782286962495284
12938634,28,A,0.0252576,0.43611598174576444
12938639,33,C,0.014612,0.23989714251799554
12938645,39,A,0.0232974,0.39998573369452517
12938646,40,A,0.0386527,0.6830133828635866
12938647,41,A,0.033119,0.5810166714866136
12938651,45,C,0.00724953,0.10419269023261264
12938652,46,C,0.010165,0.15793039775528717
12938653,47,C,0.0223656,0.38281087136713776
12938655,49,C,0.0289039,0.503324288790573
12938657,51,C,0.0321299,0.5627856601880313
12938662,56,C,0.0242697,0.41790708875024396
12938663,57,C,0.0161267,0.26781597055758954
12938665,59,C,0.0109663,0.17269989462471783
12938666,60,C,0.0127543,0.20565616618660731
12938667,61,C,0.0145171,0.23814795338420172
12938668,62,C,0.0238363,0.4099186949611372
12938669,63,C,0.0228181,0.3911513148133095
12938671,65,C,0.0183963,0.3096490544148962
12938674,68,C,0.0124749,0.20050628795708164
12938675,69,C,0.0207414,0.35287374817316636
12938676,70,C,0.0180062,0.3024587627279314
12938678,72,C,0.0414987,0.7354706249581826
12938679,73,C,0.0355805,0.6263868406418658
12938680,74,A,0.0253558,0.43792599621297784
12938683,77,C,0.0294856,0.514046136199718
12938686,80,C,0.0875978,1.0
12938688,82,A,0.0434767,0.7719289611715033
12938690,84,C,0.031198,0.5456089546687222
12938691,85,C,0.0272314,0.4724969038983693
12938695,89,C,0.0558504,1.0
12938696,90,C,0.0287795,0.5010313580398464
12938698,92,C,0.0544397,0.9739980915590841
12938701,95,C,0.0561234,1.0
12938704,98,C,0.037845,0.6681259217111604
12938706,100,C,0.0235447,0.40454394731715115
