chrom_coord,local_coord,ref,mmRate,DMS_signal
25735370,2,A,,
25735373,5,C,,
25735374,6,C,,
25735378,10,A,,
25735379,11,C,,
25735380,12,C,,
25735381,13,C,,
25735383,15,A,,
25735384,16,A,,
25735389,21,C,,
25735390,22,C,,
25735395,27,A,,
25735398,30,C,,
25735402,34,A,,
25735415,47,C,0.0160712,0.5338151815400763
25735418,50,C,0.00661765,0.2198094750932529
25735420,52,C,0.0,0.0
25735421,53,A,0.0,0.0
25735423,55,C,0.0260331,0.8647060582004431
25735425,57,C,0.00664984,0.22087868652076142
25735426,58,C,0.00466053,0.15480248320119047
25735428,60,A,0.0189083,0.6280512716607487
25735431,63,C,0.0156126,0.5185824893792994
25735432,64,C,0.0101678,0.3377299767822682
25735434,66,C,0.00745782,0.24771625872325728
25735438,70,A,0.0227179,0.7545895709535878
25735439,71,A,0.0162294,0.5390698956696772
25735443,75,C,0.00909112,0.30196736231287136
25735444,76,C,0.0100982,0.33541816829035787
25735445,77,C,0.00750122,0.24915781746677607
25735450,82,A,0.00319472,0.10611466702982432
25735451,83,C,0.0158581,0.5267369288155636
25735452,84,C,0.0109349,0.36320969365215916
25735454,86,C,0.0137098,0.455379771011383
25735455,87,A,0.0145753,0.48412790678363
25735456,88,C,0.0213651,0.7096554541740434
25735457,89,A,0.0199586,0.6629376575666888
25735458,90,C,0.0301063,1.0
25735461,93,C,0.025751,0.8553359263675709
25735463,95,A,0.0129058,0.4286743970531085
25735466,98,C,0.0419687,1.0
25735468,100,C,0.0165984,0.551326466553512
