chrom_coord,local_coord,ref,mmRate,DMS_signal
12686860,5,C,,
12686865,10,A,,
12686866,11,C,,
12686870,15,C,,
12686872,17,C,,
12686877,22,A,,
12686879,24,C,,
12686882,27,C,,
12686883,28,C,,
12686887,32,C,,
12686889,34,A,,
12686891,36,C,,
12686892,37,A,,
12686893,38,C,,
12686894,39,C,,
12686898,43,A,,
12686902,47,C,,
12686903,48,A,,
12686905,50,C,,
12686906,51,C,,
12686910,55,C,,
12686912,57,C,,
12686914,59,C,,
12686917,62,C,,
12686919,64,C,,
12686920,65,C,,
12686921,66,C,0.0100529,0.2073776015247017
12686923,68,C,0.00812211,0.15943794006369147
12686924,69,C,0.0135535,0.294294137714765
12686925,70,A,0.019383,0.4390350243399076
12686928,73,C,0.00405864,0.05854588232723581
12686930,75,C,0.00719158,0.1363337738004967
12686931,76,C,0.00170068,0.0
12686932,77,C,0.0105927,0.220780317126426
12686933,78,A,0.0340133,0.8022913230948305
12686936,81,C,0.023661,0.545253655951943
12686937,82,C,0.016348,0.3636788890097236
12686939,84,C,0.0165457,0.3685875901480357
12686942,87,C,0.0190457,0.43066018926680344
12686943,88,C,0.0229941,0.5286951694110205
12686944,89,A,0.0419761,1.0
12686946,91,C,0.0356857,0.8438154090013213
12686948,93,C,0.0234818,0.5408042920471097
12686949,94,C,0.0117057,0.24841503825410138
12686950,95,C,0.0324451,0.7633544231196099
12686951,96,A,0.0258457,0.5994976588698516
12686952,97,C,0.0481501,1.0
12686954,99,C,0.0347269,0.8200093257872915
12686955,100,C,0.0240647,0.5552771392576415
