chrom_coord,local_coord,ref,mmRate,DMS_signal
20116159,1,C,0.0,0.0
20116160,2,A,0.00209644,0.25494056486182476
20116161,3,C,0.0,0.0
20116162,4,C,0.00245098,0.2980549052989998
20116163,5,C,0.00490197,0.5961110266622078
20116165,7,C,0.0,0.0
20116166,8,C,0.00239808,0.2916219256376737
20116170,12,C,0.00492012,0.598318183200073
20116172,14,C,0.0,0.0
20116173,15,C,0.00951732,1.0
20116175,17,C,0.00258398,0.31422855926792936
20116176,18,C,0.00520961,0.6335220259629709
20116178,20,C,0.00767232,0.9330033745781777
20116179,21,C,0.00268817,0.326898732253063
20116183,25,C,0.00282486,0.3435211139148147
20116184,26,C,0.00801744,0.9749721825312377
20116185,27,A,0.0,0.0
20116192,34,C,0.00245098,0.2980549052989998
20116195,37,C,0.0,0.0
20116196,38,C,0.0,0.0
20116202,44,C,,
20116203,45,C,,
20116207,49,C,0.00822325,1.0
20116208,50,C,,
20116209,51,A,,
20116212,54,C,,
20116214,56,C,,
20116215,57,A,,
20116216,58,C,,
20116217,59,A,,
20116218,60,C,,
20116221,63,A,,
20116227,69,C,,
20116230,72,C,,
20116231,73,C,,
20116235,77,C,,
20116236,78,C,,
20116237,79,A,,
20116239,81,A,,
20116243,85,C,,
20116244,86,A,,
20116245,87,C,,
20116246,88,C,,
20116247,89,A,,
20116250,92,C,,
20116251,93,A,,
20116252,94,A,,
20116253,95,A,,
20116254,96,A,,
20116255,97,C,,
20116257,99,C,,
20116259,101,C,,
