chrom_coord,local_coord,ref,mmRate,DMS_signal
212035544,2,A,,
212035543,3,C,,
212035542,4,A,,
212035540,6,C,,
212035538,8,C,,
212035536,10,C,,
212035533,13,A,,
212035532,14,A,,
212035530,16,A,,
212035529,17,A,,
212035528,18,A,,
212035527,19,A,,
212035526,20,A,,
212035525,21,C,,
212035524,22,C,,
212035523,23,A,,
212035521,25,C,,
212035520,26,A,,
212035519,27,A,,
212035517,29,A,,
212035516,30,A,,
212035513,33,C,,
212035510,36,C,,
212035504,42,A,0.0167491,0.0
212035503,43,A,0.0222316,0.17661498416666402
212035501,45,A,0.0418038,0.8071200079891503
212035497,49,C,0.0222765,0.17806140692801073
212035493,53,C,0.0289961,0.39452872067289263
212035492,54,C,0.025648,0.2866719712906022
212035485,61,A,0.0348769,0.5839746666623715
212035483,63,A,0.0211435,0.14156258758266999
212035477,69,C,0.0399576,0.7476459389023296
212035476,70,A,0.0421071,0.8168906098492049
212035475,71,A,0.0480746,1.0
212035473,73,C,0.0477912,1.0
212035469,77,C,0.0305171,0.44352669439245407
212035466,80,A,0.0328323,0.5181092774006913
212035465,81,C,0.0267158,0.3210704172720274
212035463,83,A,0.041475,0.79652794108646
212035460,86,C,0.0266798,0.3199107019177182
212035458,88,A,0.0305627,0.4449956671745791
212035455,91,C,0.0298092,0.4207221805225807
212035453,93,A,0.0458982,0.9390183009525773
212035450,96,A,0.0454424,0.9243350159944077
212035449,97,A,0.0448811,0.9062531207618042
212035448,98,C,0.0370378,0.6535865808047782
212035446,100,A,0.0183725,0.052296719616263095
