chrom_coord,local_coord,ref,mmRate,DMS_signal
34236884,2,C,0.0153103,0.1075195296506772
34236885,3,C,0.0190006,0.18306488593373837
34236886,4,C,0.027375,0.3545000081885328
34236887,5,C,0.029622,0.4004990910728616
34236890,8,A,0.0340922,0.49201003914118674
34236892,10,C,0.0150422,0.10203116555575573
34236893,11,C,0.0100581,0.0
34236898,16,C,0.023138,0.26776297473018784
34236901,19,C,0.039526,0.6032471626733922
34236903,21,C,0.027493,0.35691562535824833
34236905,23,C,0.0142989,0.08681482451974254
34236906,24,C,0.0115644,0.030835967311377156
34236908,26,C,0.0354645,0.5201028479717005
34236910,28,A,0.0348856,0.5082519939077317
34236911,29,A,0.0339433,0.4889618578143169
34236917,35,A,0.0299346,0.406898429439413
34236918,36,C,0.0260985,0.3283683529585169
34236920,38,C,0.0194681,0.19263523361884013
34236921,39,C,0.0223596,0.25182808994284406
34236923,41,A,0.0306704,0.42196123548582565
34236925,43,C,0.0164519,0.13088960220107757
34236926,44,C,0.0142806,0.08644019914511716
34236931,49,C,0.0219868,0.2441963773930987
34236933,51,A,0.0339396,0.4888861138861139
34236937,55,C,0.0440732,0.6963344033016164
34236941,59,C,0.0281527,0.37042056304351384
34236943,61,C,0.0136583,0.07370088927465976
34236947,65,C,0.0230174,0.2652941320974108
34236949,67,C,0.0589069,1.0
34236952,70,C,0.0691501,1.0
34236954,72,C,0.0212761,0.2296474017785493
34236955,73,C,0.0318484,0.44607646451908745
34236956,74,A,0.0352351,0.5154067244231179
34236957,75,A,0.0448751,0.7127503643897087
34236959,77,A,0.0357831,0.5266250143299324
34236960,78,A,0.0367986,0.5474136519218487
34236963,81,C,0.030024,0.40872856651545175
34236967,85,A,,
34236971,89,C,,
34236973,91,C,,
34236976,94,C,,
34236977,95,C,,
34236979,97,C,,
34236981,99,C,,
34236982,100,C,,
