chrom_coord,local_coord,ref,mmRate,DMS_signal
225924266,6,A,,
225924264,8,A,,
225924263,9,A,,
225924261,11,A,,
225924254,18,C,,
225924253,19,A,,
225924252,20,C,,
225924251,21,C,,
225924250,22,A,,
225924248,24,C,0.0384274,0.628570805478321
225924247,25,C,,
225924246,26,C,0.0315016,0.4790266088826981
225924245,27,A,0.0522236,0.9264629832877483
225924243,29,A,0.0284512,0.4131613489422887
225924242,30,A,0.0125313,0.06941352841864432
225924240,32,C,0.0355389,0.5662013446410955
225924237,35,C,0.0556293,1.0
225924232,40,A,0.013706,0.09477804482698386
225924230,42,C,0.0337257,0.5270501220722682
225924228,44,C,0.0554908,0.9970094615454541
225924226,46,C,0.0104639,0.02477353418811632
225924225,47,C,0.0113146,0.043142133923005616
225924221,51,C,0.020838,0.24877458098453709
225924220,52,C,0.026871,0.37904114052443033
225924218,54,C,0.00952683,0.004540004443702635
225924215,57,C,0.0161726,0.14803769935393574
225924214,58,A,0.0631005,1.0
225924213,59,C,0.0640962,1.0
225924211,61,C,0.031301,0.4746951863990744
225924210,62,C,0.0314396,0.47768788408716134
225924208,64,C,0.0323569,0.49749453336048216
225924207,65,C,0.028658,0.41762664390546617
225924206,66,C,0.029796,0.44219872160418966
225924202,70,C,0.0476051,0.8267387821879644
225924200,72,C,0.0333648,0.5192574482221195
225924199,73,C,0.0263716,0.3682579282197357
225924198,74,C,0.0324693,0.4999215118607778
225924197,75,C,0.0109296,0.03482908478943046
225924194,78,C,0.0516796,0.9147167528236837
225924192,80,C,0.0544182,0.973849522582668
225924188,84,C,0.0332655,0.5171133293157196
225924187,85,C,0.0182515,0.1929260054417004
225924185,87,C,0.0329795,0.5109379213879208
225924184,88,C,0.0326372,0.5035468649764331
225924183,89,C,0.0413286,0.6912144889752774
225924180,92,C,0.0119772,0.05744921536691965
225924179,93,C,0.0244911,0.32765354147768877
225924178,94,C,0.0218417,0.2704468080374446
225924177,95,C,0.00931657,0.0
225924175,97,A,0.0211749,0.2560490387848007
225924173,99,C,0.0303243,0.4536059524022877
