chrom_coord,local_coord,ref,mmRate,DMS_signal
75855341,1,A,,
75855340,2,A,,
75855338,4,C,,
75855336,6,C,,
75855335,7,A,,
75855331,11,C,,
75855324,18,A,0.0162559,0.23976768740541926
75855321,21,C,0.0137553,0.1914204659592523
75855319,23,C,0.00385471,0.0
75855315,27,A,0.0365044,0.6312572152998095
75855314,28,C,0.0205916,0.3235951880149315
75855313,29,C,0.0237617,0.38488668873735565
75855312,30,C,0.0129022,0.1749264186843083
75855311,31,C,0.0408077,0.7144582862624946
75855304,38,A,0.0313338,0.5312875507354845
75855302,40,A,0.0205232,0.3222727254271853
75855300,42,A,0.0262719,0.4334195189677677
75855299,43,C,0.0223674,0.3579289462505962
75855297,45,A,0.0205666,0.3231118318059599
75855293,49,C,0.0278939,0.4647796698058396
75855291,51,C,0.0864315,1.0
75855289,53,C,0.0492759,0.8781845682149984
75855288,54,A,0.0365461,0.6320634534563739
75855287,55,A,0.0377745,0.6558136441403984
75855286,56,C,0.0555764,1.0
75855285,57,A,0.0488574,0.8700931852768152
75855284,58,A,0.0350952,0.6040113925125029
75855282,60,A,0.0344921,0.592350907327274
75855281,61,A,0.0344988,0.5924804467912785
75855279,63,C,0.0629406,1.0
75855278,64,A,0.0177462,0.2685815177346293
75855277,65,C,0.0360619,0.6227018104010137
75855275,67,C,0.025702,0.42240093082805297
75855272,70,A,0.0253675,0.4159336247520141
75855268,74,C,0.028478,0.4760728042722502
75855265,77,C,0.0365535,0.6322065268942296
75855262,80,A,0.0234467,0.3787964005043145
75855258,84,A,0.0220461,0.35171685225289423
75855256,86,C,0.0386354,0.6724584985525416
75855253,89,C,0.0482311,0.8579841455296607
75855252,90,A,0.0339949,0.5827379190432486
75855251,91,A,0.0272081,0.451520242281333
75855249,93,A,0.0344271,0.5910941811839482
75855248,94,A,0.0250799,0.4103730949240057
75855247,95,C,0.0273541,0.45434304254172664
75855246,96,A,0.028244,0.47154859015627676
75855245,97,C,0.0499149,0.8905391529163104
75855244,98,C,0.0235362,0.3805268157324325
75855242,100,A,0.0369342,0.6395670752444478
