chrom_coord,local_coord,ref,mmRate,DMS_signal
12686954,1,C,0.0347269,0.6047390839466013
12686955,2,C,0.0240647,0.41906604486578924
12686957,4,C,0.00578535,0.1007468924467911
12686958,5,C,0.0094239,0.1641091100329824
12686959,6,C,0.0088889,0.15479254535512654
12686965,12,C,0.0316494,0.5511470693744493
12686966,13,C,0.0173176,0.3015711036733386
12686967,14,A,0.00849401,0.14791587577449386
12686971,18,A,0.0371292,0.6465730714711118
12686972,19,A,0.0330379,0.5753266021879125
12686973,20,C,0.0430855,0.7502969110799205
12686974,21,A,0.029856,0.5199165514431098
12686978,25,A,0.0574246,1.0
12686980,27,C,0.0293633,0.51133660486969
12686981,28,A,0.0218233,0.3800339924004695
12686983,30,C,0.0257023,0.44758343984982046
12686985,32,C,0.0182657,0.3180814494136659
12686987,34,C,0.0218274,0.3801053903727671
12686988,35,C,0.0,0.0
12686990,37,C,0.0015361,0.026749859816176346
12686991,38,C,0.00480697,0.08370924655983672
12686992,39,C,0.00327087,0.056959386743660384
12686993,40,C,0.00895237,0.15589782079457234
12686994,41,A,0.0406521,0.7079213438143235
12686996,43,C,0.0426332,0.7424204957457258
12686999,46,C,0.0240958,0.41960762460687584
12687004,51,A,0.0242481,0.4222597980656374
12687006,53,A,0.00578956,0.10082020597444301
12687008,55,A,0.0259698,0.4522417221887484
12687009,56,C,0.0140339,0.24438829351880553
12687011,58,C,0.0306304,0.5334020611375613
12687014,61,A,0.0446234,0.7770781163473495
12687015,62,A,0.0350633,0.6105972005029203
12687018,65,A,0.0423857,0.7381104961984933
12687019,66,A,0.0328052,0.5712743319065349
12687021,68,A,0.0508635,0.885744088770318
12687022,69,A,0.0606911,1.0
12687024,71,A,0.0736035,1.0
12687028,75,A,0.0225844,0.3932878940384435
12687029,76,A,0.0301076,0.5242979489626397
12687032,79,A,0.0290261,0.5054645570017031
12687033,80,C,0.0476681,0.8300989471411206
12687038,85,A,0.0320637,0.5583617474044225
12687041,88,C,0.0268757,0.4680171912385981
12687042,89,A,0.0270805,0.4715836070255605
12687047,94,A,,
12687049,96,C,,
12687050,97,C,,
12687052,99,C,,
