chrom_coord,local_coord,ref,mmRate,DMS_signal
9986841,3,A,,
9986840,4,A,,
9986835,9,A,,
9986834,10,A,,
9986832,12,A,,
9986831,13,C,0.01564,0.18958027688714557
9986830,14,C,0.023301,0.2994044750242771
9986829,15,A,0.0171152,0.21072799351577062
9986826,18,C,0.0143925,0.17169675160636347
9986825,19,A,0.0220767,0.28185353313949835
9986823,21,C,0.0141492,0.1682089265956907
9986822,22,C,0.00716502,0.06808727561730775
9986821,23,C,0.0297519,0.3918812952517699
9986820,24,A,0.0115757,0.13131653997437387
9986818,26,C,0.026517,0.34550741474611696
9986815,29,A,0.0543512,0.744524344101103
9986814,30,A,0.0601607,0.8278063802684005
9986811,33,C,0.0380215,0.5104300733375059
9986810,34,A,0.0355621,0.4751733662629123
9986807,37,A,0.0316235,0.4187116005948655
9986806,38,A,0.0191258,0.2395509321366447
9986804,40,C,0.0146734,0.17572359108642094
9986802,42,C,0.0496174,0.6766629958252182
9986799,45,C,0.0144991,0.1732249149690339
9986797,47,C,0.0208906,0.2648502070188285
9986796,48,A,0.0314049,0.4155778622170066
9986795,49,C,0.0363928,0.4870818588086003
9986794,50,A,0.0246766,0.319124376728681
9986791,53,C,0.0252207,0.32692431749443135
9986789,55,C,0.0721724,1.0
9986788,56,A,0.0470506,0.6398666569949886
9986785,59,A,0.0326612,0.4335875398204107
9986783,61,A,0.0346843,0.4625896720813728
9986779,65,C,0.023728,0.30552572976968306
9986772,72,A,0.0306016,0.4040621621303916
9986771,73,C,0.034581,0.4611088158396856
9986770,74,A,0.0287002,0.37680465914932615
9986769,75,C,0.0542089,0.7424844037023413
9986765,79,C,0.0215624,0.27448079001171777
9986764,80,A,0.0154371,0.1866716057212372
9986763,81,A,0.0451613,0.6127826134575284
9986762,82,A,0.0386663,0.5196735980678051
9986757,87,C,0.00907017,0.09539853669039956
9986753,91,A,0.0723116,1.0
9986751,93,A,0.0726473,1.0
9986750,94,A,0.0300628,0.39633819946803855
9986747,97,C,0.00859715,0.0886175626396456
9986746,98,C,0.00241546,0.0
9986745,99,C,0.00851092,0.08738141323286257
