chrom_coord,local_coord,ref,mmRate,DMS_signal
85556138,1,C,,
85556143,6,C,,
85556153,16,A,,
85556154,17,A,,
85556155,18,A,,
85556157,20,A,,
85556158,21,C,,
85556161,24,A,,
85556173,36,C,,
85556176,39,C,,
85556178,41,C,,
85556180,43,C,,
85556182,45,C,,
85556186,49,A,,
85556188,51,C,,
85556190,53,C,,
85556192,55,C,,
85556195,58,C,,
85556198,61,C,,
85556199,62,C,,
85556203,66,A,0.0150916,0.22695506548246275
85556208,71,A,0.0173467,0.2693888303477344
85556218,81,A,0.0145104,0.21601874153244016
85556219,82,C,0.0237389,0.3896695769983441
85556220,83,A,0.0169173,0.26130889658286915
85556227,90,A,0.0202901,0.32477419840433536
85556229,92,C,0.0134595,0.19624416679211198
85556231,94,C,0.006006,0.0559931506849315
85556232,95,C,0.0030303,0.0
85556237,100,C,0.0561743,1.0
