chrom_coord,local_coord,ref,mmRate,DMS_signal
231708525,3,C,0.00586006,0.10938584704716905
231708526,4,C,0.000701107,0.0
231708527,5,C,0.00362341,0.061961911454413966
231708528,6,C,0.00150446,0.017033581888201813
231708529,7,C,0.000888107,0.003964981537498135
231708530,8,A,0.0102945,0.20340976538483338
231708531,9,C,0.0223027,0.458020948799727
231708535,13,C,0.017759,0.3616803786824528
231708538,16,C,0.0403977,0.8416912211046935
231708540,18,C,0.0335447,0.6963863094657913
231708543,21,A,0.0333239,0.6917046628161677
231708544,22,A,0.0307451,0.6370260831963808
231708545,23,A,0.0376351,0.783115509898852
231708546,24,A,0.0222727,0.4573848555049412
231708548,26,C,0.0284842,0.5890879721903405
231708549,27,C,0.0139352,0.2806039273290551
231708550,28,A,0.0215698,0.44248118960810995
231708552,30,C,0.030275,0.6270585012670873
231708557,35,C,0.0582668,1.0
231708558,36,A,0.0426355,0.8891395402737488
231708564,42,C,0.034102,0.7082028025719288
231708565,43,C,0.0401626,0.8367063699845555
231708567,45,C,0.0398817,0.8307504164343777
231708568,46,A,0.024417,0.5028506839052473
231708570,48,C,0.046123,0.9630853857925976
231708571,49,C,0.0436177,0.9099652347450358
231708573,51,C,0.0531945,1.0
231708574,52,C,0.0186992,0.38161554254103963
231708576,54,C,0.0461593,0.9638550586792884
231708577,55,C,0.0390689,0.8135165287676479
231708581,59,C,0.0470502,0.982744909223444
231708583,61,C,0.03929,0.8182045363502193
231708585,63,C,0.047864,1.0
231708586,64,C,0.0384097,0.7995394387702214
231708588,66,C,0.0324656,0.6735060336523462
231708589,67,A,0.0276271,0.5709147867583103
231708591,69,C,0.0257987,0.5321470207520985
231708592,70,C,0.0244671,0.5039129597075396
231708594,72,C,0.0440979,0.9201469680835738
231708595,73,C,0.0152585,0.3086620025620566
231708597,75,C,0.024081,0.49572643900364644
231708598,76,C,0.0260848,0.5382132304733723
231708600,78,C,0.0227812,0.46816663685156046
231708601,79,C,0.0372898,0.7757940760758676
231708603,81,C,0.0233776,0.48081217155190203
231708605,83,C,0.0424772,0.8857830879882623
231708607,85,C,0.0302093,0.6256654569515064
231708608,86,C,0.0256969,0.5299885441717921
231708610,88,C,0.0389827,0.8116888207006302
231708611,89,C,0.0293295,0.6070109609264216
231708613,91,C,0.0402206,0.8379361503544748
231708614,92,C,0.0348267,0.723568696262971
231708616,94,C,0.026038,0.5372209249335065
231708617,95,C,0.0204819,0.4194143264281944
231708619,97,C,0.0272064,0.5619946384544307
231708620,98,C,0.0376106,0.7825960337081104
231708622,100,C,0.0244076,0.5026513746728811
