chrom_coord,local_coord,ref,mmRate,DMS_signal
40040682,4,C,,
40040683,5,C,,
40040692,14,C,,
40040694,16,C,,
40040695,17,C,,
40040697,19,C,,
40040699,21,C,,
40040700,22,C,,
40040701,23,C,,
40040702,24,A,,
40040706,28,A,,
40040710,32,C,,
40040711,33,C,,
40040712,34,C,,
40040715,37,A,,
40040716,38,A,,
40040723,45,C,0.004415,0.0
40040725,47,C,0.0269689,0.6309312669594651
40040727,49,C,0.0379211,0.9373122220046436
40040730,52,A,0.0204433,0.44838168237894094
40040732,54,A,0.0296189,0.7050633619604443
40040736,58,C,0.0135549,0.25568299437715053
40040741,63,C,0.0186777,0.39899012504545833
40040746,68,C,0.0177437,0.3728620583545473
40040750,72,C,0.0137479,0.2610820488432596
40040751,73,C,0.0142695,0.27567348308948997
40040754,76,A,0.0392018,0.9731390046717207
40040755,77,A,0.040162,1.0
40040757,79,C,0.0188956,0.4050857414608219
40040760,82,A,0.0268607,0.6279044395333875
40040762,84,A,0.0355012,0.8696170307997874
40040764,86,C,0.0193238,0.41706436903796124
40040767,89,C,0.0288935,0.6847707499930064
40040770,92,A,0.040617,1.0
40040772,94,C,0.0299923,0.7155089937617143
40040774,96,C,0.0150813,0.2983830810977145
40040775,97,A,0.0296819,0.7068257476151846
40040778,100,C,0.0125127,0.22652810026016168
40040779,101,C,0.0132633,0.24752566648949562
