chrom_coord,local_coord,ref,mmRate,DMS_signal
61714550,3,C,0.0174487,0.2928048262494152
61714549,4,A,0.0467123,0.9237619044538882
61714546,7,C,0.0280695,0.5218015640463393
61714540,13,A,0.0421983,0.8264348411050525
61714539,14,A,0.0437416,0.8597101749256679
61714536,17,C,0.0382731,0.7418029870827108
61714533,20,C,0.0360874,0.694676765912673
61714532,21,C,0.0315505,0.5968559520652355
61714531,22,C,0.0226947,0.4059146566277919
61714530,23,A,0.027128,0.5015017345950922
61714525,28,C,0.0129455,0.1957106233977365
61714522,31,C,0.02203,0.39158295547405436
61714521,32,A,0.0433775,0.8518597576094714
61714518,35,C,0.0204726,0.3580036093377059
61714513,40,C,0.0180456,0.3056746809487771
61714510,43,A,0.0387277,0.7516046891204556
61714507,46,C,0.0262545,0.48266806382964955
61714506,47,A,0.04319,0.8478170406449373
61714505,48,C,0.0502482,1.0
61714504,49,A,0.049098,0.9752003570527624
61714499,54,C,0.00440076,0.011476141501562108
61714496,57,C,0.00445062,0.012551180796770995
61714493,60,C,0.00823704,0.09419077743064312
61714492,61,A,0.101778,1.0
61714489,64,A,0.03295,0.6270307914885176
61714487,66,C,0.0038685,0.0
61714486,67,A,0.00844919,0.09876497691878128
61714484,69,C,0.00683024,0.06385854156020844
61714481,72,C,0.00644045,0.055454218116977906
61714480,73,C,0.00476007,0.019223280875038
61714479,74,C,0.00712719,0.07026112717417318
61714477,76,A,0.0353466,0.6787042607002632
61714476,77,A,0.0301995,0.567726828763446
61714475,78,C,0.0553539,1.0
61714474,79,C,0.0202685,0.3536029771645784
61714473,80,C,0.0234663,0.42255124548024237
61714471,82,C,0.023352,0.4200868052186625
61714469,84,C,0.0361923,0.6969385312970976
61714468,85,C,0.0194385,0.3357072167349077
61714467,86,A,0.0269564,0.4978018400291506
61714465,88,C,0.0057867,0.041358611633969165
61714462,91,C,0.035147,0.6744006537342846
61714461,92,C,0.014554,0.2303917446641526
61714460,93,C,0.0207201,0.3633399957308909
61714458,95,C,0.0165163,0.2727012033281802
61714457,96,C,0.0107488,0.14834722949911272
61714455,98,C,0.00990787,0.13021580562185608
61714454,99,C,0.0115705,0.16606403232448674
61714452,101,C,0.0206351,0.3615072973736354
