chrom_coord,local_coord,ref,mmRate,DMS_signal
45012245,2,C,,
45012247,4,C,,
45012248,5,A,,
45012252,9,A,,
45012253,10,C,,
45012254,11,A,0.0469993,0.5493802882663846
45012256,13,A,0.0443421,0.49349371034128847
45012257,14,C,0.0354198,0.3058387298275576
45012258,15,A,0.0401962,0.40629659931477324
45012260,17,C,0.0247933,0.08234079202798118
45012263,20,A,0.0684246,1.0
45012264,21,C,0.0333537,0.2623842444101855
45012265,22,C,0.0471994,0.5535888176367036
45012266,23,A,0.0228616,0.041713024988274595
45012270,27,A,0.0280382,0.15058795321612828
45012271,28,A,0.0326105,0.24675316480988008
45012273,30,C,0.0242165,0.07020945899049978
45012275,32,A,0.0208783,0.0
45012276,33,A,0.034165,0.27944761211703123
45012289,46,A,,
45012293,50,C,,
45012295,52,C,,
45012296,53,C,,
45012297,54,A,,
45012299,56,A,,
45012301,58,C,,
45012302,59,A,,
45012303,60,C,,
45012305,62,C,,
45012313,70,C,,
45012315,72,A,,
45012317,74,C,,
45012318,75,C,,
45012322,79,C,,
45012325,82,C,,
45012327,84,A,,
45012328,85,A,,
45012333,90,A,,
45012336,93,C,,
45012339,96,C,,
45012340,97,C,,
45012341,98,A,,
45012342,99,A,,
45012343,100,C,,
