chrom_coord,local_coord,ref,mmRate,DMS_signal
112705170,1,A,,
112705168,3,C,0.0280825,0.509401570755042
112705167,4,C,0.038294,0.7690371224300556
112705163,8,A,0.0466328,0.9810577793666079
112705162,9,C,0.0242787,0.41268691458685747
112705159,12,C,0.0165971,0.21737609308690312
112705158,13,A,0.0473778,1.0
112705156,15,C,0.0368892,0.7333189592813448
112705154,17,C,0.0358668,0.7073236218644586
112705153,18,A,0.0215529,0.3433812702881989
112705151,20,C,0.0202365,0.30991074781598743
112705149,22,C,0.0144718,0.16333864139274396
112705148,23,C,0.0226481,0.37122760590926096
112705147,24,A,0.0269417,0.48039581867641934
112705145,26,A,0.0590557,1.0
112705143,28,C,0.0336169,0.650118115551614
112705142,29,C,0.0197777,0.2982453910017587
112705141,30,C,0.0232767,0.3872102634799326
112705139,32,C,0.0311689,0.5878757583562526
112705138,33,C,0.0111274,0.07830459751849285
112705137,34,C,0.0270885,0.48412832604418043
112705135,36,C,0.0264673,0.4683338193898673
112705133,38,C,0.0357847,0.7052361637248594
112705130,41,C,0.0348373,0.6811477612710664
112705129,42,C,0.023546,0.39405743128741255
112705126,45,C,0.00804767,0.0
112705125,46,A,0.017246,0.23387489438758532
112705123,48,C,0.0178373,0.24890916963661197
112705122,49,C,0.00955471,0.03831769689039928
112705117,54,A,0.029109,0.5355011539499107
112705116,55,A,0.0429388,0.8871348759843917
112705115,56,C,0.0226254,0.3706504402604314
112705112,59,C,0.0149015,0.17426410744129248
112705111,60,A,0.0177998,0.24795570215506538
112705109,62,C,0.0158361,0.19802705966138426
112705108,63,C,0.0292943,0.5402125545987262
112705105,66,C,0.0122079,0.1057771738867886
112705101,70,A,0.0161016,0.20477760943073417
112705097,74,C,,
112705096,75,A,,
112705092,79,C,,
112705091,80,C,,
112705090,81,C,,
112705089,82,C,,
112705087,84,C,,
112705086,85,C,,
112705085,86,C,,
112705084,87,C,,
112705083,88,A,,
112705079,92,A,,
112705078,93,A,,
112705075,96,A,,
112705072,99,A,,
112705071,100,A,,
