chrom_coord,local_coord,ref,mmRate,DMS_signal
81007191,5,A,,
81007194,8,C,,
81007197,11,C,,
81007201,15,A,,
81007202,16,A,,
81007203,17,C,,
81007206,20,C,,
81007207,21,A,,
81007208,22,A,,
81007216,30,C,0.0257008,0.36712820444774685
81007221,35,A,0.0331049,0.6127395042725969
81007222,36,A,0.0447791,1.0
81007225,39,C,0.0184968,0.1281546892415477
81007227,41,C,0.0237342,0.3018914866514516
81007230,44,C,0.0192527,0.15322965872299774
81007232,46,A,0.0353087,0.6858447003874528
81007234,48,C,0.0376553,0.7636869062151691
81007238,52,A,0.0491837,1.0
81007239,53,A,0.039368,0.8205011676662597
81007240,54,C,0.0287818,0.46933217451303005
81007241,55,A,0.0357747,0.7013030093944057
81007243,57,C,0.0168386,0.07314832015285806
81007245,59,C,0.0146335,0.0
81007249,63,A,0.035118,0.6795187357358952
81007252,66,A,0.0234877,0.2937145055994904
81007256,70,A,0.0375183,0.7591422960564724
81007258,72,A,0.0391618,0.8136610317923675
81007259,73,C,0.0258343,0.37155671142720664
81007262,76,C,0.0272871,0.419749482511544
81007263,77,A,0.0327415,0.6006846770341276
81007266,80,A,0.0236863,0.30030253171275406
81007268,82,A,0.027179,0.4161635528899739
81007275,89,C,0.0216133,0.23153627726766088
81007276,90,C,0.0183897,0.12460193195690242
81007280,94,A,,
81007281,95,A,,
81007283,97,A,,
81007285,99,A,,
81007287,101,C,,
