chrom_coord,local_coord,ref,mmRate,DMS_signal
150974741,4,C,0.0236789,0.4688366725380288
150974740,5,C,0.0173184,0.3131901073338518
150974737,8,C,0.0281539,0.5783435319498191
150974733,12,C,0.0284469,0.585513478275552
150974729,16,C,0.0351449,0.7494189406979367
150974726,19,A,0.0299672,0.6227164455076738
150974725,20,A,0.0350769,0.747754925851009
150974723,22,A,0.0355997,0.7605482635270947
150974719,26,A,0.0302448,0.6295095414121906
150974716,29,A,0.0442643,0.9725780141548934
150974714,31,A,0.0212141,0.40852102849821187
150974711,34,C,0.0233125,0.4598705690098769
150974709,36,C,0.0267993,0.5451953773667553
150974704,41,A,0.0343264,0.7293895855183724
150974702,43,C,0.011395,0.1682397316825001
150974701,44,C,0.0198098,0.3741566748284963
150974700,45,A,0.0157773,0.27547814732502274
150974697,48,C,0.00724485,0.06668221378577568
150974696,49,C,0.00451988,0.0
150974694,51,C,0.0295961,0.6136353291886312
150974689,56,C,0.00922464,0.11512927192988033
150974688,57,C,0.0076502,0.07660145522992524
150974686,59,C,0.0299336,0.6218942264068389
150974683,62,A,0.0352881,0.7529231601991141
150974681,64,C,0.0392838,0.850701162020721
150974680,65,A,0.0366018,0.785070458793364
150974679,66,A,0.0602222,1.0
150974678,67,C,0.0397047,0.8610009245070724
150974677,68,C,0.0243455,0.4851489121992354
150974676,69,A,0.0356858,0.7626551999729841
150974675,70,C,0.0232273,0.45778565628990264
150974674,71,C,0.0201425,0.38229811217515614
150974673,72,C,0.0160922,0.2831840043146926
150974671,74,A,0.0364758,0.7819871371652332
150974669,76,C,0.0330632,0.698478062656032
150974668,77,A,0.0412419,0.8986174483702686
150974666,79,A,0.0453849,1.0
150974665,80,C,0.0334021,0.706771219003441
150974662,83,A,0.0293616,0.6078969250473877
150974659,86,A,0.0359008,0.7679164233860645
150974658,87,C,0.035825,0.7660615362478718
150974657,88,A,0.0555302,1.0
150974656,89,C,0.0245245,0.48952918657570704
150974653,92,A,0.0360287,0.7710462395466829
150974651,94,C,0.0137748,0.22647535716365733
150974650,95,A,0.0325072,0.6848722942017402
150974648,97,C,0.0270242,0.5506988617649031
150974645,100,C,0.00964622,0.12544567456470104
150974644,101,C,0.00820802,0.09025176055217884
