chrom_coord,local_coord,ref,mmRate,DMS_signal
54310559,4,C,,
54310558,5,A,,
54310555,8,A,,
54310553,10,C,0.00308642,0.04984280257160219
54310550,13,C,0.0229794,0.5047966542001914
54310548,15,C,0.0187531,0.4081408759740078
54310546,17,C,0.033985,0.7564955001993127
54310544,19,C,0.0446323,1.0
54310542,21,C,0.01761,0.381998098582353
54310541,22,A,0.00849257,0.1734818332739855
54310539,24,C,0.00208333,0.026902063726536165
54310538,25,C,0.0106943,0.22383555321670973
54310537,26,A,0.0158165,0.3409806274495275
54310535,28,A,0.0273866,0.6055896281486656
54310533,30,A,0.0443014,0.9924322937285464
54310532,31,C,0.028968,0.6417563573649746
54310530,33,C,0.0255929,0.5645675830017745
54310527,36,C,0.00833335,0.16984046067640063
54310517,46,C,0.00595237,0.11538728062742667
54310516,47,C,0.00694443,0.13807576259677756
54310510,53,C,0.0286223,0.6338501740526703
54310507,56,A,0.0146444,0.3141746180183679
54310505,58,C,0.0689398,1.0
54310504,59,C,0.0332832,0.7404452848432954
54310500,63,C,0.0111656,0.23461421736217983
54310499,64,C,0.00673982,0.13339631750701597
54310496,67,A,0.0354839,0.790775448613582
54310493,70,C,0.0190881,0.41580234953380507
54310489,74,A,0.0287179,0.6360365527760036
54310486,77,C,0.0364956,0.8139130987641701
54310483,80,C,0.00917958,0.18919380028985527
54310482,81,C,0.00524347,0.09917468777208238
54310479,84,A,0.00090703,0.0
54310475,88,C,0.0218384,0.4787019039562249
54310472,91,A,0.0167569,0.3624876415857467
54310470,93,C,0.0410815,0.9187929542802137
54310468,95,C,0.0148767,0.319487335355505
54310467,96,C,0.0215217,0.47145895268342547
54310465,98,A,0.0246907,0.5439342055520755
54310464,99,A,0.0126353,0.26822635972287884
54310462,101,A,0.0250197,0.5514584586899064
