chrom_coord,local_coord,ref,mmRate,DMS_signal
64653825,2,C,0.0450507,0.7817570728396231
64653824,3,C,0.00725997,0.05959190334524752
64653821,6,C,0.0248788,0.39628043392516993
64653820,7,C,0.0111574,0.13407017345388167
64653818,9,C,0.0273317,0.44315433512402885
64653817,10,C,0.0282245,0.460215372667484
64653815,12,C,0.0155877,0.21873136815456443
64653814,13,C,0.0224865,0.35056457358107507
64653812,15,C,0.0476818,0.8320363020965509
64653811,16,C,0.0176593,0.25831878456923935
64653809,18,C,0.0414186,0.7123491489355196
64653808,19,C,0.0406323,0.6973232822011797
64653807,20,A,0.0267336,0.43172489229837857
64653806,21,C,0.064549,1.0
64653805,22,C,0.0178092,0.26118331137005024
64653804,23,A,0.0267871,0.4327472550992017
64653799,28,A,0.0268518,0.43398364525272043
64653797,30,A,0.0200564,0.3041263709216323
64653796,31,A,0.0187623,0.2793966568927509
64653793,34,C,0.0476711,0.8318318295363861
64653791,36,C,0.035252,0.5945079816914887
64653786,41,C,0.024678,0.39244322924469743
64653784,43,C,0.0564713,1.0
64653782,45,C,0.0108239,0.12769712683566672
64653781,46,A,0.0309334,0.5119813276422441
64653778,49,C,0.0447596,0.7761942726280417
64653777,50,A,0.0298046,0.49041042802413004
64653775,52,A,0.0268405,0.43376770694151856
64653773,54,A,0.0353837,0.597024714044169
64653772,55,A,0.0564157,0.9989375070705464
64653771,56,C,0.0437187,0.7563031055368876
64653768,59,C,0.0420236,0.7239104478980986
64653765,62,A,0.0204654,0.3119421912120369
64653762,65,C,0.0315124,0.523045777393208
64653759,68,A,0.0246891,0.3926553456388869
64653757,70,C,0.0396681,0.6788978202842895
64653754,73,C,0.0247573,0.3939586193401231
64653753,74,A,0.018994,0.28382434775164267
64653751,76,C,0.0426174,0.7352577195079817
64653750,77,C,0.0144112,0.19624894132898754
64653748,79,C,0.0466195,0.8117361898850673
64653746,81,C,0.0495154,0.8670756372664427
64653745,82,C,0.0150142,0.20777202112144216
64653742,85,C,0.0327202,0.546126334231229
64653739,88,C,0.00415399,0.00023791433402331268
64653738,89,C,0.00414154,0.0
64653737,90,C,0.0109866,0.13080625632527262
64653735,92,C,0.00574714,0.030682349775729915
64653733,94,C,0.010039,0.1126980135204136
64653732,95,C,0.00432569,0.0035190300891882573
64653731,96,C,0.0189389,0.28277140961472025
64653730,97,C,0.0239428,0.3783938623070314
64653727,100,C,0.0580488,1.0
