chrom_coord,local_coord,ref,mmRate,DMS_signal
21628766,6,C,0.0028071,0.02980286748868791
21628765,7,C,0.00718188,0.13250145252445814
21628762,10,A,0.0350483,0.7866696401847493
21628760,12,C,0.00299342,0.03417675608739796
21628759,13,A,0.0277846,0.6161532457319255
21628758,14,C,0.0159148,0.337507996220502
21628754,18,C,0.0148181,0.311762807157571
21628751,21,C,0.0137717,0.287198417775378
21628750,22,C,0.00386746,0.054694969863785484
21628747,25,C,0.0127645,0.26355425398930704
21628746,26,A,0.0254348,0.5609913552786793
21628745,27,C,0.0441358,1.0
21628744,28,A,0.0358665,0.8058770019895184
21628740,32,C,0.0098056,0.19409365408203386
21628739,33,C,0.0141501,0.29608141179508546
21628737,35,C,0.021624,0.4715322812556854
21628735,37,C,0.0381891,0.8604003685597412
21628734,38,A,0.029407,0.6542393173428486
21628733,39,C,0.0156595,0.33151479227433045
21628732,40,C,0.0228142,0.4994723961665092
21628730,42,C,0.010464,0.20954968807404056
21628725,47,C,0.0149078,0.3138685274629826
21628724,48,C,0.0254538,0.5614373829910853
21628719,53,C,0.0040495,0.05896838485149038
21628718,54,C,0.00806966,0.15334221476234347
21628717,55,C,0.01219,0.2500677844747143
21628713,59,C,0.0138504,0.28904591151044934
21628711,61,C,0.034306,0.7692440417153287
21628706,66,C,0.0024138,0.020570093841883172
21628705,67,C,0.00871785,0.16855856754678886
21628701,71,A,0.0217493,0.4744737166432893
21628700,72,A,0.0231049,0.5062966201663214
21628696,76,A,0.0314638,0.7025229909679388
21628695,77,C,0.0328425,0.7348881702886855
21628694,78,C,0.00701057,0.1284799258185489
21628693,79,C,0.0202118,0.4383806846525385
21628691,81,A,0.0364837,0.8203658600998867
21628689,83,C,0.0343018,0.7691454461157442
21628685,87,C,0.0132885,0.27585522879461005
21628684,88,C,0.00616939,0.10873310523319618
21628683,89,A,0.0624163,1.0
21628682,90,C,0.0283174,0.6286608017935008
21628681,91,A,0.0170539,0.36424853133638113
21628680,92,C,0.011011,0.22239059116278248
21628679,93,C,0.00980037,0.1939708790854084
21628678,94,C,0.0273583,0.6061457923740998
21628675,97,A,0.0497751,1.0
21628674,98,C,0.0165151,0.3516001244182566
21628673,99,A,0.0132301,0.2744842804575305
21628671,101,C,0.00153755,0.0
