chrom_coord,local_coord,ref,mmRate,DMS_signal
43789536,1,C,,
43789538,3,C,,
43789539,4,C,,
43789544,9,C,,
43789545,10,C,,
43789546,11,A,,
43789549,14,A,,
43789552,17,A,,
43789555,20,C,,
43789559,24,C,,
43789561,26,C,,
43789562,27,A,,
43789565,30,A,,
43789568,33,C,,
43789570,35,C,,
43789574,39,C,,
43789576,41,C,,
43789577,42,A,,
43789583,48,C,,
43789589,54,A,0.00716788,0.10204585085092537
43789590,55,C,0.023141,0.4234517279083159
43789591,56,C,0.0307983,0.5775294048049746
43789592,57,A,0.0331861,0.6255759325489368
43789595,60,C,0.00209644,0.0
43789597,62,A,0.0214095,0.3886110533171984
43789598,63,C,0.00660994,0.09081916532891085
43789600,65,C,0.00703275,0.0993268093507823
43789601,66,C,0.00490197,0.05645195367347275
43789605,70,A,0.0221284,0.403076523120002
43789606,71,C,0.0181199,0.3224188020120062
43789607,72,A,0.0837983,1.0
43789614,79,C,0.003643,0.031119372622372958
43789616,81,C,0.012467,0.20867300392010407
43789619,84,C,0.0517941,1.0
43789620,85,C,0.0151348,0.26235359974694983
43789623,88,C,0.011365,0.18649892167961227
43789626,91,C,0.0190081,0.3402908708377818
43789629,94,C,0.0403611,0.7699489271728286
43789630,95,A,0.0318849,0.5993936133009079
