chrom_coord,local_coord,ref,mmRate,DMS_signal
155689076,1,A,,
155689077,2,C,,
155689078,3,C,,
155689079,4,C,,
155689081,6,A,,
155689082,7,C,,
155689083,8,C,,
155689084,9,C,,
155689092,17,C,0.0138633,0.1860606656802186
155689093,18,A,0.0228903,0.4495643155283252
155689096,21,C,0.0169992,0.2775995042266546
155689098,23,C,0.0227973,0.44684958866049823
155689099,24,A,0.0387363,0.9121187450722599
155689102,27,A,0.0147714,0.21256865996703211
155689103,28,C,0.0166668,0.26789654497003434
155689107,32,C,0.0176433,0.2964011770822174
155689109,34,C,0.0298806,0.6536154469710216
155689115,40,A,0.0373863,0.8727114195715459
155689117,42,C,0.0127526,0.15363865350714978
155689118,43,C,0.00908853,0.04668220969426043
155689121,46,C,0.00782317,0.009745577549383972
155689122,47,C,0.00870366,0.03544761905317917
155689123,48,C,0.0107904,0.09636083565714926
155689124,49,C,0.0426267,1.0
155689125,50,A,0.0240131,0.4823395341003263
155689128,53,C,0.0165178,0.2635471438592148
155689129,54,A,0.0417469,1.0
155689131,56,C,0.00906324,0.045943979129880415
155689138,63,C,0.0174909,0.29195252789235904
155689142,67,C,0.0270016,0.5695756765143141
155689144,69,C,0.0315885,0.7034700923211469
155689145,70,C,0.00748931,0.0
155689147,72,A,0.0356851,0.82305235131835
155689150,75,C,0.015507,0.23404127377319886
155689154,79,A,0.0320714,0.7175662386058096
155689156,81,A,0.0397636,0.942106260247729
155689157,82,A,0.0318241,0.7103474003863085
155689158,83,C,0.025605,0.5288080685185385
155689160,85,A,0.018525,0.32213853922590585
155689163,88,C,0.0163457,0.25852343962316093
155689164,89,C,0.0113146,0.11166255419601902
155689166,91,C,0.0295479,0.6439037305309567
155689168,93,A,0.0255643,0.5276200106312207
155689169,94,C,0.0268108,0.5640061078435464
155689171,96,C,0.0313968,0.6978742521000456
155689172,97,A,0.0250723,0.5132582297820716
155689173,98,C,0.0413986,0.9898329100208157
