chrom_coord,local_coord,ref,mmRate,DMS_signal
43635845,2,A,,
43635846,3,A,,
43635847,4,C,,
43635848,5,C,,
43635850,7,C,,
43635851,8,A,,
43635852,9,A,,
43635855,12,A,,
43635858,15,A,,
43635860,17,C,,
43635863,20,A,0.0357263,0.6738039299444684
43635868,25,A,0.0435357,0.9344230563861597
43635872,29,C,0.0386841,0.7725130820162324
43635876,33,A,0.0168428,0.043614507689021836
43635880,37,C,0.0310186,0.516696256941478
43635883,40,C,0.0344346,0.6306966841093551
43635885,42,C,0.0472349,1.0
43635886,43,C,0.0315691,0.53506781290047
43635889,46,A,0.018538,0.10018755339598459
43635892,49,C,0.0230517,0.2508209632635626
43635895,52,A,0.0435602,0.9352406824006836
43635900,57,C,0.0383763,0.7622410294745836
43635904,61,C,0.0156062,0.0023460860743272295
43635905,62,C,0.0155359,0.0
43635907,64,C,0.0299957,0.4825595365228535
43635908,65,A,0.0425445,0.9013442439128578
43635910,67,C,0.0292236,0.4567926366937206
43635911,68,C,0.0166209,0.036209152071764235
43635913,70,C,0.0455007,1.0
43635914,71,A,0.0258787,0.3451649935924819
43635917,74,C,0.0203916,0.16204680158052112
43635918,75,C,0.0216984,0.20565797202050404
43635919,76,C,0.0324237,0.5635879431866724
43635924,81,A,,
43635925,82,A,,
43635928,85,C,,
43635935,92,C,,
43635936,93,C,,
43635937,94,A,,
43635938,95,A,,
43635940,97,A,,
