chrom_coord,local_coord,ref,mmRate,DMS_signal
151059627,2,C,,
151059626,3,C,,
151059625,4,C,,
151059623,6,C,,
151059622,7,A,,
151059620,9,C,,
151059619,10,C,,
151059616,13,C,,
151059615,14,C,,
151059614,15,C,,
151059613,16,C,,
151059612,17,A,,
151059611,18,C,,
151059610,19,C,,
151059608,21,C,,
151059605,24,C,,
151059604,25,C,,
151059601,28,C,,
151059599,30,C,,
151059596,33,A,,
151059595,34,C,,
151059593,36,C,,
151059590,39,C,,
151059588,41,C,,
151059587,42,C,,
151059586,43,C,,
151059585,44,C,,
151059584,45,C,,
151059583,46,A,,
151059582,47,C,,
151059581,48,C,,
151059579,50,C,,
151059577,52,C,,
151059576,53,C,,
151059574,55,C,,
151059573,56,A,,
151059571,58,A,,
151059569,60,C,,
151059567,62,A,,
151059565,64,C,0.0379361,0.6341693164202229
151059564,65,C,0.0393482,0.6587791294982271
151059563,66,C,0.0250067,0.4088381662107841
151059559,70,A,0.0167731,0.2653445347689203
151059558,71,A,0.0238535,0.38874041361425804
151059556,73,C,0.00154775,0.0
151059555,74,C,0.00475138,0.055832260796747274
151059554,75,C,0.0540154,0.9143963310970545
151059553,76,A,0.0226998,0.3686339471118194
151059552,77,C,0.0589273,1.0
151059551,78,A,0.0279492,0.4601195025056836
151059550,79,C,0.0535749,0.9067193799881665
151059546,83,C,0.021956,0.35567114067642563
151059543,86,C,0.0160207,0.25223184915183194
151059542,87,C,0.0415376,0.6969355807077608
151059541,88,A,0.0287503,0.47408092255864676
151059540,89,C,0.0382687,0.6399658066331995
151059537,92,A,0.0239057,0.3896501453915201
151059535,94,C,0.061265,1.0
151059534,95,A,0.0282827,0.46593167774930266
151059532,97,A,0.0189407,0.3031210596806702
151059529,100,C,0.0428863,0.7204404705160636
151059528,101,C,0.0125779,0.19223137860091266
