chrom_coord,local_coord,ref,mmRate,DMS_signal
30075990,2,C,,
30075995,7,C,,
30075996,8,C,,
30075999,11,A,,
30076000,12,A,,
30076003,15,A,,
30076006,18,A,,
30076008,20,C,,
30076011,23,C,,
30076014,26,C,,
30076017,29,C,,
30076020,32,C,,
30076023,35,C,,
30076026,38,C,,
30076029,41,C,,
30076033,45,C,0.0281571,0.22529861891841108
30076035,47,A,0.0243474,0.09969569388717275
30076036,48,A,0.0394508,0.5976433585108453
30076037,49,A,0.0287669,0.24540326329567155
30076039,51,C,0.0516548,1.0
30076042,54,A,0.0471715,0.8521889928885342
30076046,58,A,0.0344478,0.43269823581580746
30076047,59,A,0.0401508,0.6207218286060934
30076048,60,A,0.042715,0.7052615614892868
30076050,62,A,0.0385926,0.569349154174071
30076054,66,A,0.0354482,0.4656806665062163
30076057,69,C,0.0464531,0.8285038887222109
30076058,70,A,0.0627201,1.0
30076062,74,A,0.045719,0.8043011674408944
30076064,76,C,0.0438613,0.7430542047324051
30076065,77,C,0.0227472,0.0469383112494354
30076068,80,A,0.0439253,0.7451642362839707
30076070,82,A,0.0390499,0.5844259889948666
30076072,84,C,0.0405912,0.6352414832203038
30076073,85,C,0.0296239,0.2736579045408539
30076076,88,A,0.0380878,0.5527062803110977
30076077,89,A,0.049987,0.9450138965359215
30076078,90,C,0.0435864,0.7339909598335712
30076079,91,C,0.0213235,0.0
30076082,94,A,0.0420814,0.6843722491287877
30076085,97,C,0.0430681,0.7169030011901896
30076087,99,C,0.036352,0.49547826832348113
30076088,100,A,0.0371511,0.5218239903993565
