chrom_coord,local_coord,ref,mmRate,DMS_signal
27490163,1,A,,
27490159,5,C,0.0177028,0.38169379974976686
27490154,10,A,0.0311943,0.7120285784941447
27490153,11,A,0.0311618,0.711232827072198
27490151,13,C,0.0185021,0.40126438779782536
27490149,15,C,0.0178746,0.38590026418947215
27490146,18,A,0.0429556,1.0
27490145,19,A,0.0286699,0.6502195049691617
27490141,23,C,0.0127842,0.2612635553194147
27490138,26,A,0.0164367,0.35069377281664177
27490137,27,C,0.027104,0.6118789772268186
27490136,28,A,0.0206954,0.45496659068260786
27490135,29,C,0.0406049,0.9424439117670824
27490134,30,A,0.0196188,0.42860640665590977
27490131,33,C,0.0329045,0.7539022425499305
27490130,34,A,0.0374655,0.8655767728729565
27490126,38,C,0.0326969,0.7488192273131271
27490124,40,A,0.0269395,0.6078512507988122
27490122,42,C,0.0143065,0.29853655192339246
27490120,44,C,0.0136048,0.2813556666070874
27490117,47,C,0.0267803,0.6039532930642307
27490110,54,C,0.0270106,0.6095921100634398
27490107,57,A,0.0358739,0.8266069893907972
27490105,59,C,0.021282,0.46932929173226523
27490103,61,C,0.020369,0.4469747979403506
27490101,63,C,0.0196414,0.4291597599524019
27490098,66,A,0.0341288,0.7838788107311365
27490091,73,C,0.0100924,0.19535574985492843
27490090,74,C,0.0157299,0.333388015738739
27490087,77,C,0.0131384,0.26993602158567553
27490086,78,C,0.0111754,0.22187263570010216
27490079,85,C,0.0100814,0.19508641860442347
27490078,86,A,0.0643556,1.0
27490076,88,C,0.00698853,0.11935855089993366
27490075,89,C,0.0021137,0.0
27490074,90,C,0.00650176,0.10744015337190484
27490072,92,C,0.0187448,0.40720681457033103
27490070,94,A,0.0420761,0.9784657422891687
27490067,97,C,0.0190587,0.4148925490733782
27490063,101,C,0.0125059,0.25444947468163825
