chrom_coord,local_coord,ref,mmRate,DMS_signal
22557628,1,A,,
22557626,3,C,,
22557623,6,C,,
22557621,8,A,,
22557617,12,C,,
22557615,14,C,,
22557612,17,A,,
22557610,19,C,,
22557607,22,A,,
22557605,24,C,,
22557604,25,C,,
22557603,26,A,,
22557598,31,C,,
22557596,33,C,,
22557592,37,C,,
22557588,41,C,,
22557587,42,C,,
22557584,45,C,,
22557583,46,C,,
22557582,47,A,0.0257606,0.5030168882802449
22557580,49,C,0.0356408,0.7385744952541348
22557579,50,A,0.0364733,0.7584224444662725
22557578,51,A,0.0371489,0.7745296810881587
22557577,52,C,0.0483407,1.0
22557574,55,C,0.0386016,0.8091640544460836
22557572,57,C,0.0338058,0.6948255621559092
22557562,67,A,0.0340374,0.7003472258646554
22557561,68,A,0.0380224,0.7953551268981315
22557560,69,C,0.046606,1.0
22557558,71,C,0.0269503,0.5313809785837648
22557556,73,C,0.0285573,0.5696940769428103
22557553,76,A,0.0298827,0.6012934425713596
22557550,79,A,0.00764913,0.07121444177315021
22557549,80,A,0.0253438,0.4930798009149368
22557548,81,A,0.0155624,0.259877722328025
22557547,82,A,0.0325136,0.6640177303578018
22557546,83,A,0.0225155,0.4256492246306255
22557545,84,C,0.0344196,0.7094594014669124
22557542,87,A,,
22557541,88,A,,
22557537,92,C,0.0317116,0.6448969432489317
22557535,94,A,0.0371631,0.7748682286903357
22557533,96,C,0.0331519,0.6792356834894625
22557532,97,C,0.00466212,0.0
22557531,98,C,0.0074627,0.06676969321865311
22557528,101,A,0.0332817,0.6823302946699256
