chrom_coord,local_coord,ref,mmRate,DMS_signal
78214241,1,C,,
78214242,2,C,,
78214244,4,A,,
78214245,5,C,,
78214246,6,A,,
78214249,9,C,,
78214250,10,C,,
78214251,11,C,,
78214252,12,C,,
78214254,14,C,,
78214257,17,C,,
78214259,19,C,,
78214261,21,C,,
78214262,22,C,,
78214263,23,A,,
78214266,26,A,0.0144583,0.2976774265123637
78214267,27,A,0.0234124,0.6061813096418963
78214268,28,C,0.0231949,0.598687581117458
78214269,29,C,0.0207399,0.514103197082993
78214271,31,C,0.0142893,0.2918547133140644
78214272,32,C,0.020658,0.5112814206868941
78214273,33,A,0.0162835,0.36056272905399517
78214275,35,A,0.0178492,0.41450723825267616
78214280,40,A,0.0344754,0.9873450736228683
78214281,41,A,0.0313116,0.8783397480797969
78214283,43,C,0.0327175,0.9267785201832811
78214285,45,C,0.0232891,0.6019331407818354
78214289,49,A,0.023496,0.6090616577092206
78214290,50,C,0.026505,0.712733515778347
78214291,51,C,0.0217815,0.5499904045820964
78214292,52,C,0.0356379,1.0
78214298,58,C,0.0138175,0.27559935185277706
78214299,59,A,0.0190267,0.4550767340573941
78214301,61,A,0.0307292,0.8582737825964272
78214307,67,C,0.0103696,0.1568056664301979
78214310,70,C,0.0159159,0.34789746649958814
78214313,73,C,0.0348427,1.0
78214316,76,C,0.0203536,0.5007936461451055
78214317,77,A,0.0242305,0.6343680650710595
78214324,84,C,0.0127162,0.2376552450759313
78214325,85,C,0.0145745,0.3016809725102475
78214326,86,C,0.0146993,0.30598082225668377
78214327,87,C,0.0142022,0.288853776511864
78214329,89,A,0.0317869,0.8947156982759602
78214330,90,C,0.0283997,0.7780133660553737
78214335,95,C,0.015882,0.3467294784675033
78214336,96,C,0.00581843,0.0
78214337,97,C,0.0188817,0.4500809150411019
78214338,98,C,0.0252036,0.6678951787590179
78214339,99,C,0.0191508,0.4593524660568552
