chrom_coord,local_coord,ref,mmRate,DMS_signal
59707446,2,A,,
59707442,6,A,,
59707440,8,C,,
59707438,10,C,,
59707437,11,A,,
59707436,12,C,,
59707434,14,C,,
59707432,16,A,,
59707430,18,A,,
59707428,20,A,,
59707427,21,A,,
59707426,22,A,,
59707425,23,C,,
59707419,29,C,,
59707417,31,C,,
59707414,34,C,,
59707413,35,C,,
59707412,36,C,,
59707411,37,A,,
59707409,39,A,,
59707408,40,A,,
59707406,42,A,0.0344325,0.4345037762282806
59707405,43,A,0.0423016,0.5929020596144866
59707401,47,A,0.0438841,0.6247564373017279
59707400,48,A,0.0334178,0.41407872912607285
59707397,51,C,0.0128467,0.0
59707395,53,C,0.0412836,0.5724105863218409
59707393,55,A,0.039221,0.5308922043833234
59707389,59,A,0.0352283,0.45052255269811103
59707386,62,A,0.0150671,0.044694761590363764
59707385,63,A,0.0496822,0.7414672539010291
59707384,64,A,0.0625259,1.0
59707381,67,A,0.0210993,0.16611781188102873
59707377,71,A,0.0247976,0.24056144221324016
59707376,72,C,0.0466001,0.6794272049469395
59707372,76,A,0.0342092,0.43000893734198625
59707368,80,A,,
59707357,91,C,,
59707355,93,C,,
59707354,94,C,,
59707351,97,A,,
59707350,98,C,,
59707349,99,A,,
