chrom_coord,local_coord,ref,mmRate,DMS_signal
57427129,2,C,,
57427127,4,A,,
57427125,6,A,,
57427122,9,C,,
57427120,11,C,,
57427118,13,A,,
57427117,14,A,,
57427114,17,C,,
57427112,19,A,,
57427111,20,A,,
57427110,21,C,,
57427109,22,C,,
57427105,26,C,,
57427104,27,C,0.000977467,0.0
57427103,28,C,0.030084,0.7145191556534514
57427099,32,C,0.0277253,0.6566168169434513
57427096,35,A,0.0252978,0.5970255475075225
57427095,36,A,0.0388125,0.9287899672997971
57427094,37,A,0.0394201,0.9437055822572721
57427090,41,C,0.0157811,0.36340567774813887
57427088,43,C,0.0278333,0.6592680454085719
57427085,46,A,0.0374228,0.8946750395407403
57427083,48,A,0.0465805,1.0
57427081,50,C,0.00950288,0.2092853483565685
57427080,51,C,0.00161937,0.015757699124502988
57427079,52,C,0.0085355,0.18553770583260196
57427078,53,C,0.0114673,0.25750873929594126
57427075,56,C,0.0210604,0.4930041077102806
57427073,58,C,0.028628,0.6787766681977512
57427070,61,A,0.0417133,1.0
57427068,63,C,0.0179824,0.4174440964543428
57427067,64,A,0.0260693,0.615964647144935
57427064,67,C,0.020139,0.4703852011569274
57427059,72,A,,
57427055,76,C,,
57427053,78,A,,
57427052,79,A,,
57427047,84,C,,
57427046,85,C,,
57427045,86,C,,
57427044,87,C,,
57427040,91,C,,
57427036,95,C,,
57427034,97,C,,
57427033,98,C,,
57427032,99,A,,
