chrom_coord,local_coord,ref,mmRate,DMS_signal
30594848,2,C,,
30594849,3,A,0.0305094,0.6797141494542248
30594851,5,C,0.0257833,0.5453920184897919
30594852,6,A,0.0186315,0.34212822461504705
30594855,9,C,0.0257928,0.5456620212921368
30594857,11,C,0.0108071,0.11974823233428508
30594858,12,C,0.0314136,0.7054127319679339
30594860,14,A,0.0198133,0.37571657322674945
30594862,16,C,0.026503,0.5658468623684872
30594863,17,C,0.0318823,0.7187338175952016
30594867,21,C,0.0184107,0.3358527910615998
30594870,24,C,0.0240778,0.49691941013198304
30594872,26,C,0.0490712,1.0
30594874,28,C,0.0306078,0.6825108100595655
30594876,30,C,0.0211758,0.41444065935252766
30594877,31,C,0.0159644,0.26632564839041384
30594879,33,C,0.0258188,0.5464009763301333
30594882,36,C,0.0256513,0.5416404006045789
30594883,37,C,0.00728675,0.019695141256939788
30594886,40,C,0.0223764,0.44856332929939674
30594888,42,C,0.0178945,0.32118169142260783
30594889,43,C,0.0136271,0.19989643260929005
30594890,44,A,0.0101709,0.10166657098146305
30594891,45,C,0.0285187,0.6231357727565467
30594892,46,C,0.0121401,0.15763388870541328
30594893,47,C,0.0144658,0.2237334168542002
30594895,49,C,0.0131776,0.18712103685623516
30594897,51,C,0.0169301,0.29377214378246075
30594901,55,A,0.0285957,0.625324216522921
30594902,56,C,0.0195418,0.36800017734920915
30594903,57,A,0.028104,0.6113494399005026
30594905,59,C,0.0305824,0.6817889078301381
30594906,60,C,0.0261685,0.5563399215911863
30594907,61,C,0.0311304,0.6973638063232951
30594908,62,A,0.0133774,0.19279962210976212
30594912,66,C,0.0263455,0.5613705001190855
30594913,67,C,0.0381859,0.8978906244226914
30594915,69,C,0.0336855,0.7699831916150204
30594916,70,A,0.0233003,0.4748218123611262
30594919,73,C,0.0239354,0.49287221023157146
30594921,75,C,0.0417786,1.0
30594922,76,A,0.0207981,0.40370591635824765
30594925,79,C,0.0163173,0.27635554196383555
30594926,80,C,0.00659378,0.0
30594927,81,C,0.0154821,0.2526180324355788
30594929,83,C,0.0201629,0.3856526763530409
30594931,85,C,0.0414459,0.9905442176484064
30594932,86,C,0.0441624,1.0
30594934,88,C,0.0272798,0.5879245651960135
30594937,91,C,0.0152128,0.244964163522792
30594938,92,C,0.0114653,0.1384551633346426
30594939,93,A,0.0228881,0.4631065328741202
30594943,97,C,0.024234,0.5013588246294851
30594946,100,C,0.0343985,0.7902476124646935
