chrom_coord,local_coord,ref,mmRate,DMS_signal
98515576,2,C,,
98515583,9,C,,
98515589,15,C,,
98515591,17,A,,
98515592,18,A,,
98515594,20,C,,
98515595,21,A,,
98515598,24,C,,
98515601,27,C,,
98515603,29,C,0.00105023,0.0
98515605,31,C,0.00799682,0.14280240198483823
98515606,32,C,0.00702397,0.12280333528147012
98515608,34,C,0.00262467,0.03236606936367465
98515609,35,C,0.0115535,0.21591776464355772
98515612,38,C,0.00442198,0.06931372067336324
98515613,39,C,0.00254453,0.0307186157936403
98515617,43,A,0.0325222,0.6469754096894692
98515627,53,C,0.0169817,0.3275063280184077
98515639,65,C,0.0175342,0.33886417799899143
98515641,67,A,0.0206456,0.4028258330751692
98515643,69,C,0.0279589,0.5531667638679347
98515646,72,C,0.030456,0.6045001343412663
98515647,73,C,0.0171425,0.3308119248996347
98515648,74,A,0.0108219,0.20087812112175674
98515650,76,C,0.0293112,0.580966258037606
98515655,81,C,0.0158981,0.3052305520202891
98515656,82,C,0.0156328,0.2997767283101554
98515658,84,C,0.0553855,1.0
98515659,85,A,0.0456056,0.915933408668599
98515667,93,C,0.049695,1.0
98515670,96,A,0.0440056,0.8830418974126097
98515674,100,C,0.0377026,0.7534699002585479
