chrom_coord,local_coord,ref,mmRate,DMS_signal
40177925,3,A,,
40177927,5,A,,
40177929,7,A,,
40177930,8,C,,
40177931,9,A,,
40177933,11,A,,
40177935,13,A,,
40177939,17,A,,
40177941,19,A,,
40177943,21,A,,
40177945,23,A,,
40177947,25,A,,
40177949,27,C,,
40177950,28,A,,
40177951,29,A,,
40177953,31,A,0.0344862,0.5681792667713746
40177957,35,A,0.0354304,0.5879919465087023
40177959,37,A,0.0407538,0.6996958432611813
40177967,45,A,0.0470899,0.8326497937840391
40177969,47,A,0.0296262,0.46619915289358077
40177971,49,A,0.0346194,0.5709742772998772
40177973,51,A,0.023965,0.34740700871971936
40177977,55,A,0.0360322,0.6006198544370267
40177981,59,C,0.0603692,1.0
40177982,60,A,0.0340795,0.5596452518919304
40177983,61,A,0.0407513,0.6996433843548655
40177985,63,C,0.0100695,0.055829915635586876
40177986,64,C,0.0108609,0.07243630701889675
40177987,65,A,0.0234479,0.33655640853737223
40177988,66,A,0.0261148,0.39251747143874843
40177989,67,A,0.0543708,0.9854290141817407
40177990,68,A,0.0550652,1.0
40177994,72,C,0.00740885,0.0
40177995,73,C,0.0239588,0.3472769106320564
40177997,75,A,0.01876,0.23818756577035377
40177998,76,C,0.0463381,0.8168743514767707
40177999,77,A,0.0313725,0.5028427481332497
40178001,79,A,0.0420621,0.7271486381143331
40178004,82,C,0.0276488,0.42470625635408504
40178006,84,C,0.0228644,0.3243124998032791
40178009,87,C,0.028935,0.45169531447540573
40178016,94,C,0.0418568,0.7228407127276847
40178019,97,A,0.0352524,0.5842568723790219
40178020,98,A,0.0224762,0.3161666808305714
40178022,100,A,0.0370065,0.6210641394063959
