chrom_coord,local_coord,ref,mmRate,DMS_signal
76445014,1,C,,
76445015,2,C,,
76445016,3,C,,
76445021,8,A,,
76445022,9,C,,
76445023,10,C,,
76445027,14,C,,
76445029,16,C,,
76445030,17,C,,
76445031,18,A,,
76445033,20,C,,
76445037,24,C,,
76445038,25,C,,
76445039,26,C,,
76445040,27,C,,
76445043,30,C,,
76445044,31,A,,
76445046,33,A,,
76445049,36,C,,
76445050,37,A,,
76445051,38,C,,
76445052,39,C,,
76445054,41,C,,
76445055,42,A,,
76445056,43,A,,
76445057,44,A,,
76445058,45,C,,
76445059,46,A,,
76445060,47,A,,
76445061,48,A,,
76445062,49,C,,
76445063,50,C,,
76445064,51,C,,
76445065,52,A,,
76445066,53,A,,
76445069,56,C,,
76445070,57,C,,
76445077,64,C,,
76445078,65,C,,
76445079,66,C,,
76445080,67,C,0.0223187,0.2933512402324303
76445082,69,A,0.0541618,0.8893077396432695
76445085,72,C,0.0302479,0.4417494261856958
76445090,77,C,0.0153004,0.16200091630620797
76445093,80,A,0.0309985,0.4557972088594234
76445096,83,A,0.0378956,0.584879225751199
76445098,85,C,0.00664438,0.0
76445099,86,C,0.0258947,0.3602775269913565
76445104,91,A,0.0506244,0.8231038675009246
76445106,93,A,0.0600763,1.0
76445109,96,A,0.0402418,0.6287893079642282
76445111,98,C,0.0251115,0.3456196221284954
76445112,99,C,0.0478631,0.7714250208489607
76445113,100,C,0.0221147,0.28953329769920305
76445114,101,C,0.0367526,0.5634875183223812
