chrom_coord,local_coord,ref,mmRate,DMS_signal
29790728,1,A,,
29790729,2,A,,
29790734,7,A,,
29790736,9,A,,
29790739,12,C,,
29790743,16,C,,
29790744,17,C,,
29790745,18,C,,
29790746,19,A,,
29790747,20,A,0.0425044,0.698247823005481
29790750,23,A,0.0212569,0.3210198745289866
29790754,27,A,0.0492606,0.8181973448549642
29790759,32,A,0.0425451,0.6989704104865021
29790760,33,A,0.0179707,0.26267670548399513
29790764,37,C,0.00317534,0.0
29790765,38,C,0.00511154,0.03437527962537657
29790767,40,C,0.0160837,0.2291749222730223
29790771,44,C,0.0178615,0.2607379695398307
29790774,47,C,0.0165231,0.23697602642930288
29790776,49,C,0.0239276,0.36843546139784994
29790778,51,A,0.0395194,0.6452521563998882
29790779,52,C,0.0346978,0.5596495077883213
29790781,54,C,0.030178,0.47940501401145064
29790782,55,A,0.0410902,0.6731401272890223
29790784,57,C,0.0268464,0.4202558137222736
29790785,58,A,0.0502548,0.8358483638630984
29790787,60,A,0.0262404,0.40949689447169096
29790790,63,C,0.126245,1.0
29790792,65,A,0.0317083,0.5065739482179964
29790793,66,C,0.0312056,0.4976490163578183
29790795,68,C,0.018331,0.2690734688602079
29790797,70,A,0.0382507,0.6227276665430989
29790799,72,A,0.0403406,0.659831734763879
29790803,76,C,0.0216519,0.32803270143324437
29790806,79,C,0.0344836,0.5558466026670759
29790807,80,A,0.030501,0.48513955347999554
29790809,82,C,0.0529389,0.8835018542269415
29790812,85,C,0.0356231,0.5760772767364469
29790813,86,A,0.0193493,0.2871523590794626
29790815,88,C,0.00985569,0.11860288154394397
29790818,91,C,0.00907103,0.10467203405357729
29790821,94,C,0.013337,0.18041003199979547
29790823,96,A,0.0192249,0.28494376245442554
29790825,98,C,0.0197998,0.29515053254874896
29790827,100,C,0.0336605,0.5412332917179759
29790828,101,A,0.0595007,1.0
