chrom_coord,local_coord,ref,mmRate,DMS_signal
81533854,3,A,,
81533853,4,A,,
81533850,7,A,,
81533848,9,A,,
81533847,10,C,,
81533845,12,A,,
81533843,14,A,,
81533841,16,C,,
81533840,17,A,,
81533837,20,A,,
81533836,21,A,,
81533834,23,A,,
81533832,25,C,,
81533831,26,A,,
81533829,28,C,,
81533826,31,C,,
81533824,33,A,,
81533821,36,C,,
81533818,39,C,,
81533809,48,C,0.016102,0.2592213885791131
81533806,51,A,0.041775,0.8049772560977425
81533803,54,C,0.0182621,0.3051407298881534
81533802,55,C,0.0139272,0.2129895551089493
81533794,63,C,0.0412923,0.7947160339090134
81533793,64,A,0.0454046,0.8821351845340616
81533791,66,A,0.0673134,1.0
81533788,69,C,0.0467032,0.9097407845636526
81533786,71,A,0.0474192,0.9249614911870834
81533785,72,A,0.0500161,0.9801663138552222
81533782,75,C,0.043529,0.842263735731119
81533780,77,A,0.0509491,1.0
81533779,78,C,0.043741,0.8467704254017439
81533778,79,A,0.0351891,0.664974390523367
81533776,81,C,0.0265204,0.48069542473211774
81533774,83,C,0.0139515,0.21350612378345954
81533772,85,A,0.0394153,0.7548148239478687
81533763,94,C,0.0104477,0.1390224479913132
81533762,95,A,0.0308051,0.5717794494100701
81533761,96,C,0.0205719,0.3542423893278188
81533760,97,C,0.0108995,0.14862679890257857
81533757,100,C,0.0109523,0.14974921972620586
81533756,101,C,0.00390792,0.0
