chrom_coord,local_coord,ref,mmRate,DMS_signal
181243915,7,C,0.0276439,0.5635696524507597
181243910,12,C,0.0232561,0.44769701886369917
181243908,14,C,0.0164568,0.26814170696513945
181243906,16,C,0.00856932,0.05984983405268484
181243904,18,C,0.0137906,0.19773293362318656
181243902,20,C,0.00805135,0.04617132819118484
181243898,24,C,0.0158137,0.2511587791516934
181243897,25,A,0.0335333,0.7190964057776285
181243896,26,C,0.0241183,0.47046592006219584
181243893,29,C,0.0255002,0.5069590128088933
181243892,30,A,0.0441704,1.0
181243891,31,A,0.0415221,0.9300639282718872
181243888,34,C,0.0122829,0.1579177256239133
181243885,37,C,0.0516772,1.0
181243882,40,C,0.0205158,0.37533141928791597
181243881,41,A,0.027862,0.5693292179244227
181243878,44,A,0.0163766,0.26602379247184393
181243876,46,A,0.0179965,0.3088019681288199
181243865,57,C,0.021663,0.4056265752319143
181243863,59,A,0.0326371,0.6954296355919491
181243858,64,C,0.0419431,0.9411816589661197
181243856,66,C,0.049834,1.0
181243854,68,A,0.0168193,0.2777145748431898
181243853,69,A,0.038187,0.8419909030026852
181243851,71,C,0.0407222,0.9089402399528461
181243850,72,C,0.0157831,0.250350697063229
181243849,73,A,0.0159222,0.2540240375372616
181243847,75,C,0.0263104,0.5283547026152283
181243846,76,C,0.0290541,0.6008100890897298
181243845,77,A,0.0177978,0.3035547161360789
181243841,81,C,0.022152,0.4185400439005119
181243840,82,C,0.00962804,0.08780841799709722
181243839,83,A,0.0145658,0.21820434653095114
181243837,85,C,0.025521,0.507508297365758
181243836,86,C,0.0285052,0.5863147865290075
181243834,88,C,0.0345184,0.7451108392856765
181243831,91,C,0.00630296,0.0
181243829,93,C,0.00821617,0.050523880146109694
181243826,96,C,0.0434048,0.9797821030415574
181243825,97,A,0.0322495,0.6851939291380669
181243823,99,C,0.00991384,0.0953557990717091
181243821,101,A,0.0157535,0.24956902288615232
