chrom_coord,local_coord,ref,mmRate,DMS_signal
55232639,6,C,,
55232640,7,C,,
55232643,10,C,,
55232646,13,C,,
55232650,17,A,,
55232652,19,C,,
55232654,21,C,,
55232655,22,C,,
55232659,26,A,,
55232660,27,A,,
55232661,28,A,0.022258,0.5166930530342775
55232662,29,C,0.0430778,1.0
55232663,30,C,0.0110572,0.25667977473315723
55232664,31,C,0.00190476,0.044216742730594415
55232665,32,C,0.00896057,0.2080089976739759
55232671,38,C,0.0250666,0.5818913686399956
55232672,39,C,0.00831104,0.19293092962036132
55232675,42,C,0.0270229,0.6273045513002057
55232677,44,C,0.00229167,0.05319839917544536
55232680,47,C,0.0,0.0
55232684,51,C,0.00686738,0.1594180761320216
55232687,54,C,0.0056067,0.1301528861733886
55232688,55,C,0.00326656,0.07582931347468998
55232693,60,C,0.0314077,0.7290924791888165
55232695,62,A,0.0256432,0.5952764533007722
55232697,64,C,0.00999984,0.23213441726364856
55232698,65,C,0.0133895,0.31082135113678044
55232700,67,C,0.0367878,0.85398511530301
55232701,68,C,0.0196301,0.45568947346429023
55232702,69,A,0.0217902,0.5058336312439354
55232704,71,C,0.014848,0.3446786976122272
55232707,74,C,0.00588675,0.13665391454531103
55232717,84,C,0.0111345,0.25847420248944936
55232720,87,C,0.0115542,0.2682170398674027
55232721,88,A,0.0238103,0.5527278551829481
55232722,89,C,0.0299234,0.6946362163341675
55232725,92,C,0.049652,1.0
55232728,95,C,0.0298578,0.6931133901916997
55232731,98,C,0.0319723,0.7421989980918247
55232733,100,C,0.0327275,0.7597300697807223
