chrom_coord,local_coord,ref,mmRate,DMS_signal
10116802,2,C,0.0129415,0.27954505891913495
10116801,3,C,0.00852799,0.14954771276174295
10116800,4,C,0.0281415,0.7272521359603922
10116799,5,A,0.0191452,0.46227140061919075
10116798,6,C,0.0323685,0.8517559395560101
10116796,8,C,0.0322665,0.8487515894337595
10116795,9,C,0.0125963,0.2693773955642243
10116794,10,A,0.0330389,0.8715021780065667
10116793,11,C,0.0445725,1.0
10116791,13,C,0.027799,0.7171639995204823
10116790,14,C,0.018981,0.45743498601062665
10116789,15,C,0.0150222,0.3408308559717497
10116786,18,C,0.0143929,0.3222951938939824
10116785,19,A,0.0275483,0.7097797781905978
10116784,20,C,0.0163653,0.38039107802267813
10116782,22,C,0.0254868,0.6490595058668773
10116781,23,C,0.00415447,0.02072824857875095
10116780,24,C,0.0178687,0.42467284247161413
10116775,29,C,0.0141087,0.3139242497298294
10116774,30,C,0.00345073,0.0
10116772,32,C,0.0334546,0.8837463774753858
10116771,33,C,0.0289385,0.7507273030920949
10116768,36,C,0.0177096,0.41998664536916247
10116767,37,C,0.0122883,0.2603054363715462
10116764,40,C,0.0170361,0.40014909823841993
10116762,42,C,0.0225064,0.561273573471235
10116761,43,C,0.0251095,0.6379463558558466
10116760,44,A,0.0282691,0.7310105190545015
10116757,47,C,0.0073314,0.1143028567540589
10116756,48,C,0.0146702,0.330462902608689
10116755,49,C,0.0190519,0.4595233038897204
10116754,50,C,0.0170272,0.39988695396304713
10116750,54,C,0.0231427,0.580015416439745
10116748,56,C,0.0164446,0.3827268129706632
10116745,59,C,0.0126973,0.2723522912735116
10116744,60,C,0.00706333,0.10640701227100298
10116742,62,C,0.0221005,0.5493180272494557
10116739,65,C,0.0270545,0.6952351890693496
10116737,67,A,0.0235649,0.5924510695928252
10116731,73,A,0.0374015,1.0
10116730,74,A,0.0488507,1.0
10116727,77,C,0.0184909,0.4429993782173424
10116725,79,C,0.0135625,0.29783624936930736
10116724,80,A,0.0310081,0.8116861561608176
10116722,82,C,0.0230565,0.5774764460423137
10116720,84,C,0.0214206,0.5292919718757484
10116716,88,C,0.00775635,0.126819509542788
10116715,89,C,0.00453448,0.03192122004891199
10116712,92,C,0.0187079,0.4493909858303656
10116711,93,C,0.0119388,0.2500111190408936
10116710,94,C,0.0164565,0.3830773204849257
10116709,95,C,0.0205414,0.5033956519984673
10116706,98,A,0.0228702,0.571989088907262
10116703,101,C,0.0117864,0.24552226650529577
