chrom_coord,local_coord,ref,mmRate,DMS_signal
59619855,1,C,,
59619860,6,C,,
59619863,9,A,,
59619867,13,C,,
59619871,17,C,,
59619873,19,C,,
59619874,20,C,,
59619878,24,A,,
59619880,26,C,,
59619881,27,C,,
59619884,30,C,,
59619885,31,C,,
59619887,33,C,,
59619892,38,C,,
59619894,40,C,,
59619895,41,A,,
59619897,43,C,0.0106675,0.002400240995857092
59619898,44,C,0.0201601,0.3098837454124949
59619903,49,C,0.0266783,0.5210207340656066
59619904,50,C,0.0145219,0.12725164307995301
59619907,53,A,0.015873,0.17101636115690977
59619910,56,C,0.0179232,0.23742626790058277
59619913,59,C,0.0115721,0.03170196845675196
59619915,61,C,0.0282751,0.5727441459709316
59619918,64,C,0.0413699,0.9969098111875202
59619920,66,C,0.0189188,0.26967565974235475
59619921,67,C,0.0105934,0.0
59619922,68,C,0.0167981,0.20098212290140877
59619927,73,C,0.0198874,0.3010504698447456
59619928,74,C,0.0147982,0.13620152954628645
59619930,76,C,0.0171149,0.21124388197681387
59619931,77,C,0.0443603,1.0
59619932,78,A,0.0414653,1.0
59619936,82,C,0.0221469,0.374240004664436
59619939,85,C,0.0298428,0.6235249531127013
59619941,87,C,0.0273211,0.541842257846132
59619943,89,C,0.0246336,0.4547889828614371
59619944,90,C,0.019961,0.303434514882466
59619948,94,C,0.0156626,0.16420110197299162
59619949,95,C,0.013407,0.09113789562676743
59619950,96,C,0.0305819,0.6474658184303526
59619951,97,C,0.029199,0.6026710374159026
59619955,101,A,0.0128229,0.07221777733148918
