chrom_coord,local_coord,ref,mmRate,DMS_signal
25734965,1,C,,
25734966,2,C,,
25734971,7,C,,
25734972,8,A,,
25734975,11,C,,
25734979,15,C,,
25734981,17,A,,
25734982,18,C,,
25734984,20,C,,
25734986,22,C,,
25734987,23,A,,
25734988,24,C,,
25734989,25,C,0.0,0.0
25734992,28,A,0.0084575,0.33503010616384094
25734993,29,C,0.00349305,0.13837149421644748
25734994,30,A,0.0196428,0.7781175724924734
25734997,33,A,0.0056704,0.2246236729519886
25734998,34,A,0.0080819,0.32015132308667404
25735000,36,C,0.0159568,0.632102677864047
25735003,39,C,0.00868461,0.3440266994137221
25735005,41,C,0.0160465,0.6356559974647442
25735008,44,A,0.0165609,0.656033116780225
25735010,46,A,0.00564973,0.22380486452226273
25735011,47,C,0.0135617,0.5372246870543496
25735012,48,A,0.00832619,0.32982847409285376
25735015,51,C,0.00546447,0.2164660909523055
25735018,54,C,0.00254453,0.10079741720804945
25735020,56,A,0.00581866,0.23049675170337505
25735021,57,C,0.00522396,0.20693867849786088
25735022,58,C,0.0134703,0.533604024718745
25735025,61,A,0.00549119,0.21752456029155443
25735026,62,C,0.00114751,0.045456742196165426
25735031,67,C,0.00248756,0.09854064332118524
25735033,69,A,0.0175699,0.6960030106163841
25735038,74,A,0.00842307,0.33366621771510063
25735040,76,A,0.0148685,0.5889914435113295
25735041,77,C,0.025244,1.0
25735042,78,A,0.0258882,1.0
25735044,80,A,0.0233246,0.9239660909523055
25735045,81,A,0.0120276,0.47645381080652827
25735047,83,C,0.0230197,0.9118879733798131
25735048,84,C,0.0117184,0.46420535572809385
25735049,85,A,0.0,0.0
25735050,86,A,0.00701997,0.2780846933924893
25735051,87,A,0.0174491,0.6912177151006179
25735052,88,C,0.020486,0.8115195690064967
25735053,89,A,0.0214199,0.8485144984946917
25735056,92,A,0.00292398,0.1158287117730946
25735059,95,A,0.0090407,0.35813262557439396
25735062,98,A,0.0174723,0.6921367453652353
25735063,99,A,0.0092794,0.367588337822849
