chrom_coord,local_coord,ref,mmRate,DMS_signal
110678063,6,A,0.0,0.0
110678060,9,C,0.0229372,0.48238978235129587
110678058,11,A,0.0260513,0.5478820839931776
110678057,12,A,0.0343806,0.7230546950415465
110678055,14,C,0.0303857,0.639038383481496
110678052,17,C,0.00641768,0.1349695367525358
110678049,20,C,0.0274858,0.5780508989654904
110678046,23,C,0.00479555,0.10085469546216438
110678043,26,C,0.0366934,0.7716949427013341
110678041,28,A,0.0422633,0.8888349095987095
110678035,34,C,0.0430882,0.9061832926385568
110678030,39,C,0.0387948,0.8158892597336227
110678029,40,A,0.0345465,0.7265437200704115
110678021,48,C,0.00711227,0.1495773842196803
110678020,49,C,0.00195696,0.041156614951702565
110678018,51,C,0.00889445,0.18705821981909226
110678015,54,C,0.01321,0.27781808698797666
110678014,55,C,0.0088036,0.18514756325566625
110678011,58,C,0.0146155,0.3073770060842372
110678010,59,C,0.00619186,0.13022034065839314
110678009,60,A,0.00819323,0.17231093753614685
110678007,62,C,0.0970172,1.0
110678004,65,C,0.0262349,0.5517433558153572
110678003,66,C,0.0251078,0.5280394371291991
110678001,68,C,0.015742,0.33106830623502864
110677997,72,C,0.0257735,0.5420397021184419
110677996,73,C,0.0215161,0.45250278133550376
110677995,74,A,0.0319782,0.6725300794336802
110677991,78,A,0.0292079,0.6142681985568602
110677990,79,C,0.0284532,0.5983961841549053
110677989,80,A,0.0272157,0.5723704549612927
110677988,81,C,0.049734,1.0
110677987,82,C,0.0350056,0.7361990027150882
110677986,83,C,0.0475491,1.0
110677985,84,C,0.0452515,0.9516794219028332
110677982,87,A,0.0178288,0.37495557224006343
110677981,88,A,0.0124599,0.2620428146904989
110677980,89,A,0.0323497,0.6803430559148334
110677979,90,A,0.0245855,0.5170550020925738
110677975,94,C,0.0227658,0.4787850874149038
110677974,95,C,0.0260743,0.548365794515564
110677971,98,C,0.0364612,0.7668115695144598
110677970,99,A,0.0344937,0.7254332889581507
