chrom_coord,local_coord,ref,mmRate,DMS_signal
26124169,2,C,,
26124173,6,A,0.0021209,0.011782775510490664
26124187,20,C,0.034627,0.3081893109690825
26124189,22,C,0.0499053,0.4475043309406264
26124193,26,A,0.0253779,0.2238514886185064
26124195,28,C,0.0285773,0.2530251843108909
26124198,31,A,0.0195461,0.17067428084865965
26124201,34,C,0.0325614,0.2893541588086182
26124202,35,C,0.000828715,0.0
26124204,37,C,0.043597,0.3899821628665285
26124216,49,A,0.00777114,0.06330443030480785
26124224,57,C,0.0372512,0.3321180514316553
26124227,60,A,0.040302,0.3599367395664076
26124231,64,C,0.0587002,0.5277005353054924
26124232,65,A,0.0330784,0.2940684179425067
26124233,66,A,0.026473,0.23383714660210653
26124237,70,C,0.0346022,0.3079631724264898
26124241,74,A,0.0251881,0.22212079928850248
26124242,75,C,0.110496,1.0
26124248,81,A,0.0333984,0.29698633462112245
26124249,82,A,0.0401972,0.358981121854161
26124251,84,C,0.13477,1.0
26124252,85,A,0.033133,0.29456628747579555
26124253,86,A,0.033911,0.3016604724006799
26124256,89,A,0.0198315,0.17327669778639998
26124259,92,C,0.0427527,0.3822834220797934
26124260,93,A,0.0235234,0.20694124961696644
26124261,94,A,0.0375846,0.335158155871188
26124262,95,A,0.0313578,0.278379144701175
26124264,97,C,0.050398,0.4519970107767325
26124266,99,C,0.0494992,0.4438013123056707
26124268,101,C,0.0375671,0.3349985823028262
