chrom_coord,local_coord,ref,mmRate,DMS_signal
179623676,2,C,,
179623672,6,C,0.00185457,0.0
179623671,7,C,0.0131641,0.25317823525869465
179623670,8,A,0.0106552,0.19701331289317295
179623666,12,C,0.0250456,0.5191607475493187
179623663,15,C,0.01903,0.38449387880922037
179623660,18,A,0.0105684,0.19507018432633996
179623658,20,C,0.037435,0.7965132483087731
179623657,21,C,0.0133581,0.257521172378114
179623656,22,A,0.0113343,0.21221583143852182
179623655,23,C,0.020795,0.42400565208641194
179623653,25,C,0.0209919,0.4284135093998845
179623652,26,A,0.0465113,0.9996977853035456
179623650,28,A,0.0413028,0.8830988781566605
179623649,29,A,0.0407999,0.8718408210568873
179623646,32,C,0.0341106,0.722092319650022
179623644,34,C,0.00926107,0.16580393698443013
179623639,39,C,0.00933204,0.16739269083682803
179623637,41,A,0.0220722,0.4525974009983831
179623632,46,A,0.0349819,0.7415974800219297
179623629,49,C,0.0234739,0.48397624099987846
179623627,51,C,0.0286617,0.6001117522788667
179623619,59,C,0.0256189,0.5319947983254172
179623618,60,C,0.033436,0.7069905393368245
179623616,62,C,0.0409425,0.8750331037023987
179623614,64,C,0.0542607,1.0
179623610,68,C,0.0430848,0.9229912180886466
179623609,69,A,0.0465248,1.0
179623605,73,C,0.0333328,0.704680275879484
179623604,74,A,0.0419761,0.8981715563139031
179623602,76,C,0.0233111,0.48033175562337604
179623600,78,A,0.030866,0.6494578156414239
179623599,79,C,0.0355449,0.7542009521777703
179623598,80,C,0.0256539,0.5327783179088176
179623597,81,A,0.0229867,0.4730696483989449
179623596,82,C,0.032547,0.6870891419184544
179623588,90,A,,
179623587,91,C,,
179623586,92,C,,
179623578,100,C,0.0428016,0.9166514253452468
