chrom_coord,local_coord,ref,mmRate,DMS_signal
62880893,1,A,,
62880895,3,C,,
62880896,4,A,,
62880898,6,A,0.0108811,0.06436493253622363
62880901,9,C,0.00856019,0.0
62880902,10,A,0.0150249,0.1792833944514223
62880905,13,A,0.0283484,0.5487790572071414
62880907,15,C,0.0338048,0.7000993660044024
62880908,16,C,0.0193155,0.2982730060864797
62880910,18,A,0.0320958,0.6527043055736202
62880911,19,A,0.0446188,1.0
62880912,20,A,0.0267286,0.5038577471510967
62880913,21,C,0.017653,0.25216751283535327
62880916,24,C,0.0172845,0.24194803959442698
62880918,26,C,0.0328698,0.6741693592736935
62880921,29,A,0.0339321,0.7036297294876314
62880924,32,C,0.0163123,0.21498637911999377
62880925,33,A,0.033944,0.7039597477551132
62880926,34,C,0.0306809,0.6134654108963158
62880927,35,A,0.0312137,0.6282413548386919
62880929,37,A,0.0301325,0.5982568379646359
62880932,40,C,0.0216389,0.3627069928652269
62880933,41,C,0.0267244,0.5037412701155147
62880938,46,A,0.0148948,0.17567537961113863
62880940,48,A,0.0519454,1.0
62880942,50,C,0.0378549,0.812419280721026
62880946,54,C,0.0199641,0.31626038829561093
62880952,60,C,0.0191378,0.2933449181762691
62880953,61,C,0.0289154,0.5645034570106834
62880955,63,A,0.0640574,1.0
62880960,68,C,0.0183777,0.27226534799871654
62880961,69,C,0.0290967,0.5695313823799643
62880962,70,A,0.0155381,0.1935157788944166
62880966,74,A,0.0314914,0.63594270550085
62880974,82,A,0.0372861,0.7966449621879491
62880976,84,C,0.0370378,0.7897589507748636
62880977,85,C,0.0138543,0.14681958067712536
62880978,86,A,0.0331848,0.682905136942328
62880979,87,C,0.0331814,0.6828108460087619
62880980,88,C,0.0189035,0.28684716354845624
62880981,89,A,0.0322582,0.657208084282783
62880983,91,C,0.0305305,0.6092944237173868
62880986,94,A,0.0338368,0.7009868100850255
62880987,95,C,0.0301711,0.5993273173868876
62880988,96,C,0.0241089,0.431206582838329
62880990,98,C,0.0256551,0.4740867715089406
62880991,99,A,0.0402233,0.8781012357381496
62880992,100,A,0.039873,0.8683864963180776
