chrom_coord,local_coord,ref,mmRate,DMS_signal
3067518,1,C,,
3067519,2,C,,
3067521,4,A,,
3067524,7,C,,
3067525,8,A,,
3067528,11,C,,
3067530,13,C,,
3067532,15,C,,
3067534,17,C,,
3067538,21,C,,
3067539,22,A,,
3067544,27,C,,
3067545,28,C,,
3067546,29,C,,
3067547,30,C,,
3067548,31,A,,
3067552,35,C,0.0101356,0.0762120301621238
3067553,36,C,0.0100626,0.07427611274146591
3067556,39,C,0.0300856,0.6052743937528741
3067559,42,C,0.0117087,0.11792972460646514
3067561,44,C,0.00726178,0.0
3067562,45,A,0.0172383,0.2645714913087916
3067563,46,C,0.0176023,0.2742245589953597
3067564,47,C,0.011087,0.10144260323080749
3067565,48,C,0.0146159,0.19502697289874726
3067568,51,A,0.0173645,0.26791824169902484
3067569,52,C,0.0175317,0.27235228817483303
3067573,56,C,0.0216761,0.3822593588347581
3067576,59,C,0.0103907,0.08297713336773783
3067578,61,C,0.0288781,0.573252198061855
3067579,62,C,0.0262057,0.5023817088157436
3067580,63,C,0.0163002,0.23969362648250173
3067581,64,C,0.0287598,0.5701149510637203
3067583,66,C,0.03907,0.8435354413440889
3067586,69,C,0.0115842,0.11462805722465816
3067587,70,C,0.00834307,0.02867518010661865
3067589,72,C,0.0297608,0.5966608872017826
3067590,73,C,0.02023,0.3439096303140271
3067592,75,C,0.0298424,0.598824871606244
3067594,77,C,0.0228483,0.4133454191155138
3067595,78,C,0.0192945,0.31910071597121265
3067596,79,A,0.04497,1.0
3067600,83,A,0.0386522,0.8324556290379126
3067601,84,C,0.0330478,0.68383020996483
3067603,86,C,0.0265299,0.5109793037168023
3067606,89,A,0.0332945,0.6903725500699847
3067607,90,C,0.037044,0.7898071030666524
3067609,92,A,0.0448048,0.9956189923576344
3067610,93,C,0.0321413,0.6597903587069344
3067612,95,C,0.0304335,0.6145004988302285
3067613,96,C,0.0177308,0.277632304044052
3067614,97,C,0.0459999,1.0
3067618,101,C,0.00916183,0.050388217741383697
