chrom_coord,local_coord,ref,mmRate,DMS_signal
31736541,5,A,,
31736538,8,C,,
31736537,9,A,,
31736535,11,C,,
31736532,14,C,0.00351965,0.05859446976232553
31736530,16,C,0.00941184,0.17322755523197853
31736528,18,C,0.0264956,0.5055936398665607
31736525,21,A,0.0430931,0.8284994925431657
31736523,23,C,0.000507869,0.0
31736522,24,C,0.00882421,0.16179516082267875
31736521,25,A,0.0012531,0.014498536014221361
31736519,27,C,0.00841151,0.15376604526915352
31736518,28,C,0.00250691,0.03889152213529105
31736517,29,C,0.00535583,0.09431751652043541
31736513,33,A,0.0485587,0.9348332312622049
31736511,35,A,0.0336521,0.6448239899000069
31736508,38,A,0.0371405,0.7126911250997098
31736507,39,C,0.0085499,0.15645843514425006
31736506,40,C,0.0108874,0.20193470751247206
31736504,42,A,0.0208227,0.39522686103546484
31736502,44,C,0.0135258,0.2532650163964579
31736498,48,A,0.0227419,0.4325650693473757
31736495,51,A,0.0202261,0.3836199544708098
31736493,53,C,0.0515615,0.9932529748631875
31736479,67,C,0.061986,1.0
31736472,74,C,0.0332906,0.6377909749433812
31736463,83,A,0.03643,0.6988682838087485
31736460,86,C,0.03852,0.7395294214556294
31736459,87,C,0.0217456,0.41318196339637697
31736457,89,A,0.0323902,0.6202736121025911
31736447,99,C,0.0519083,1.0
31736446,100,A,0.0400696,0.7696770285836708
31736445,101,A,0.0367197,0.7045044233189407
