chrom_coord,local_coord,ref,mmRate,DMS_signal
153971235,4,C,0.0052663,0.0
153971233,6,C,0.00937697,0.08406501604337131
153971232,7,C,0.00810164,0.0579839545836597
153971230,9,C,0.0106239,0.10956528496667603
153971229,10,C,0.00866728,0.0695515422700399
153971228,11,A,0.0431979,0.7757179638722501
153971224,15,C,0.062355,1.0
153971223,16,C,0.0284748,0.47462406976054583
153971220,19,C,0.0189354,0.2795391288520963
153971214,25,A,0.0340442,0.5885207582205662
153971210,29,C,0.0322488,0.5518040356901104
153971208,31,A,0.0333037,0.573377206346999
153971207,32,C,0.0435892,0.7837202216009833
153971205,34,A,0.0377089,0.6634654909026211
153971204,35,C,0.0406843,0.7243137343119551
153971201,38,A,0.0428986,0.7695971467544127
153971198,41,A,0.0359038,0.6265503990903644
153971197,42,A,0.0411608,0.7340583696499089
153971193,46,A,0.026801,0.44039412090709973
153971190,49,A,0.0327621,0.5623012472724225
153971188,51,A,0.0446267,0.8049375545771156
153971186,53,A,0.0332612,0.5725080625865309
153971184,55,A,0.0408275,0.727242237523697
153971181,58,C,0.0372225,0.6535183961945819
153971178,61,C,0.0208474,0.318640372852448
153971176,63,C,0.0248549,0.4005955168542313
153971175,64,A,0.0388482,0.6867646788155922
153971174,65,A,0.0335433,0.5782771321118966
153971172,67,A,0.0335151,0.5777004296637743
153971168,71,C,0.0246131,0.3956506001182035
153971165,74,C,0.018983,0.28051256986382056
153971163,76,C,0.0263182,0.4305206477881825
153971162,77,C,0.0186295,0.27328333882086847
153971161,78,C,0.0228303,0.3591915531496748
153971160,79,A,0.0394691,0.6994623578949952
153971156,83,C,0.0139325,0.1772276154580797
153971155,84,C,0.00710877,0.037679324808226
153971153,86,C,0.0106083,0.10924625808048066
153971152,87,C,0.00767381,0.04923464222975253
153971151,88,C,0.0270797,0.44609365893162817
153971149,90,C,0.00925953,0.08166331620268025
153971148,91,C,0.0262835,0.42981101747081213
153971147,92,C,0.0291941,0.4893340722759501
153971145,94,A,0.056245,1.0
153971143,96,C,0.0445862,0.8041093116994931
153971138,101,A,0.054165,1.0
