chrom_coord,local_coord,ref,mmRate,DMS_signal
38804157,1,C,,
38804158,2,A,,
38804160,4,C,,
38804161,5,C,,
38804162,6,C,,
38804165,9,C,,
38804166,10,C,,
38804171,15,C,,
38804172,16,C,,
38804177,21,A,,
38804179,23,C,,
38804181,25,C,,
38804186,30,C,,
38804189,33,C,,
38804190,34,C,,
38804196,40,A,,
38804199,43,C,,
38804203,47,A,,
38804206,50,A,,
38804209,53,A,,
38804211,55,A,,
38804212,56,C,,
38804213,57,A,,
38804214,58,C,,
38804215,59,C,,
38804216,60,A,,
38804224,68,C,,
38804225,69,C,,
38804226,70,C,,
38804229,73,A,,
38804231,75,C,,
38804233,77,C,,
38804234,78,C,,
38804237,81,C,,
38804239,83,A,0.0295176,0.5227978396245448
38804240,84,C,0.00555557,0.007949394427517043
38804241,85,A,0.0151093,0.21322094430589547
38804242,86,C,0.0331802,0.6014925042826991
38804243,87,C,0.0260707,0.44873770758441145
38804247,91,C,0.0275237,0.4799568818727035
38804248,92,C,0.0458148,0.8729596615179737
38804252,96,A,0.0332505,0.60300297087077
38804253,97,C,0.0517275,1.0
38804255,99,A,0.0310197,0.5550719770632533
38804257,101,A,0.00518559,0.0
