chrom_coord,local_coord,ref,mmRate,DMS_signal
43407829,1,C,,
43407827,3,C,,
43407826,4,C,,
43407825,5,C,,
43407824,6,A,,
43407823,7,C,,
43407821,9,C,,
43407820,10,C,,
43407819,11,C,,
43407814,16,C,,
43407813,17,C,,
43407812,18,C,,
43407809,21,A,,
43407807,23,C,,
43407806,24,C,,
43407803,27,A,,
43407801,29,C,0.0148868,0.3366896451898894
43407799,31,C,0.012538,0.2835676418969042
43407797,33,C,0.0171018,0.3867855398143625
43407794,36,C,0.00509933,0.11532979608822305
43407793,37,C,0.00493456,0.11160324956123685
43407792,38,C,0.00595237,0.13462270893267472
43407791,39,C,0.0,0.0
43407787,43,C,0.0169239,0.38276203658470387
43407786,44,C,0.00383143,0.08665413703884636
43407785,45,C,0.0199402,0.450980658235177
43407779,51,C,0.00775959,0.17549598328176735
43407778,52,C,0.0130525,0.29520391177694544
43407776,54,C,0.0185663,0.41990763357397454
43407775,55,C,0.0166649,0.37690432249543143
43407773,57,C,0.0200374,0.45317899726790783
43407770,60,C,0.0238114,0.5385342597115923
43407767,63,C,0.0252894,0.5719616783368615
43407765,65,C,0.00689022,0.1558337404331542
43407764,66,C,0.0056116,0.1269156308237891
43407762,68,C,0.0214244,0.4845483001320812
43407757,73,C,0.0105462,0.23851978505129456
43407756,74,C,0.00637784,0.14424541786534947
43407754,76,C,0.0496081,1.0
43407751,79,A,0.0271533,0.6141168647885794
43407749,81,C,0.0167325,0.3784332084893883
43407747,83,C,0.0311045,0.7034797988022218
43407743,87,C,0.0225034,0.5089516727279306
43407742,88,C,0.0203449,0.46013361920787416
43407741,89,C,0.0322879,0.7302443503591525
43407737,93,A,0.0442152,1.0
43407731,99,C,0.0127021,0.2872790352638911
43407729,101,C,0.0216199,0.4889698565199298
