chrom_coord,local_coord,ref,mmRate,DMS_signal
33272073,1,C,,
33272075,3,C,0.0036321,0.04087296257090057
33272077,5,C,0.00432947,0.05778120558485787
33272079,7,C,0.00944628,0.18184198671431115
33272082,10,C,0.0431907,1.0
33272083,11,C,0.036391,0.8351363264522342
33272084,12,A,0.0180678,0.39087701160739957
33272085,13,C,0.026721,0.6006801411489275
33272086,14,A,0.0276359,0.6228625572744699
33272089,17,A,0.010173,0.19946184183154167
33272092,20,C,0.00664846,0.1140068052908057
33272093,21,C,0.0137066,0.2851365446637821
33272095,23,A,0.0206074,0.4524514612657531
33272096,24,C,0.0242468,0.5406913620716325
33272097,25,A,0.0278489,0.6280268972403028
33272098,26,C,0.0372212,0.8552651294552132
33272100,28,C,0.0152216,0.3218688218855515
33272101,29,C,0.0157049,0.333586782005209
33272103,31,C,0.0102134,0.20044136922412217
33272104,32,C,0.0116462,0.23518064764217578
33272106,34,C,0.0286074,0.6464172815787267
33272112,40,C,0.0267916,0.6023918895131894
33272115,43,C,0.0278386,0.6277771662466499
33272116,44,A,0.0165192,0.3533300779403158
33272118,46,C,0.0333233,0.7607577080804706
33272119,47,C,0.0368901,0.84723736906701
33272120,48,A,0.0241385,0.5380655497791457
33272125,53,A,,
33272126,54,A,,
33272128,56,A,,
33272129,57,C,,
33272133,61,A,,
33272134,62,A,,
33272136,64,C,,
33272137,65,C,,
33272141,69,C,,
33272142,70,C,,
33272146,74,A,0.0360255,0.8262745130366853
33272148,76,C,0.0167579,0.3591175331039041
33272149,77,C,0.00729718,0.12973549365998474
33272150,78,A,0.0300879,0.6823130812003964
33272152,80,C,0.00194632,0.0
33272155,83,C,0.00623053,0.10387378838038056
33272156,84,A,0.0474797,1.0
33272158,86,C,0.0404813,0.9343086258055037
33272160,88,C,0.0212034,0.4669019148790696
33272161,89,A,0.0146001,0.3068001022199873
33272163,91,C,0.0156543,0.3323599481917294
33272165,93,C,0.0307215,0.6976751741691838
33272169,97,C,0.0284529,0.6426713166739323
33272170,98,A,0.0505557,1.0
33272171,99,A,0.0409781,0.9463539032469395
