chrom_coord,local_coord,ref,mmRate,DMS_signal
100428794,10,A,,
100428796,12,A,,
100428799,15,C,,
100428800,16,C,,
100428801,17,C,,
100428803,19,C,,
100428805,21,A,,
100428806,22,A,,
100428807,23,C,,
100428810,26,A,,
100428811,27,C,,
100428815,31,C,,
100428816,32,C,,
100428817,33,A,,
100428821,37,A,,
100428823,39,C,,
100428827,43,C,,
100428830,46,C,,
100428834,50,A,,
100428840,56,C,,
100428843,59,A,,
100428846,62,C,,
100428856,72,C,,
100428861,77,C,,
100428872,88,A,,
100428875,91,C,0.0515144,1.0
100428878,94,A,0.0238071,0.0
100428880,96,A,0.034065,0.3702237316519472
100428883,99,A,0.0359374,0.4378015901946418
100428884,100,A,,
