chrom_coord,local_coord,ref,mmRate,DMS_signal
65147572,1,C,,
65147575,4,C,,
65147576,5,C,,
65147579,8,C,,
65147580,9,C,,
65147585,14,C,,
65147587,16,C,,
65147588,17,C,,
65147590,19,C,,
65147592,21,A,,
65147593,22,C,,
65147598,27,C,,
65147602,31,C,,
65147605,34,A,,
65147608,37,C,,
65147611,40,C,,
65147613,42,C,,
65147614,43,C,,
65147616,45,C,,
65147617,46,C,,
65147618,47,C,,
65147621,50,C,,
65147622,51,A,,
65147625,54,A,,
65147627,56,C,,
65147628,57,C,,
65147632,61,C,0.0205756,0.3134962128781844
65147636,65,A,0.0319552,0.5136816988147477
65147637,66,A,,
65147639,68,C,0.0129043,0.17854569455898536
65147640,69,C,0.00848765,0.10084970994953317
65147642,71,C,0.0289413,0.46066234522901456
65147644,73,C,0.0596001,1.0
65147647,76,A,0.0164455,0.2408411041338876
65147651,80,C,0.0133156,0.18578112378019776
65147654,83,C,0.0146702,0.20961071877911408
65147655,84,C,0.00275482,0.0
65147657,86,C,0.00775193,0.08790721058986779
65147658,87,C,0.0145654,0.20776711804392553
65147659,88,A,0.0416646,0.6844856776147465
65147661,90,C,0.0334457,0.5399019936219859
65147662,91,C,0.0283731,0.4506667923880399
65147663,92,A,0.0322461,0.5187990981837014
65147664,93,A,0.0463713,0.7672841087245941
