chrom_coord,local_coord,ref,mmRate,DMS_signal
26280037,3,A,,
26280038,4,C,,
26280043,9,C,,
26280047,13,C,,
26280050,16,A,,
26280052,18,C,,
26280053,19,A,,
26280056,22,A,,
26280057,23,A,,
26280060,26,A,,
26280061,27,A,,
26280062,28,A,,
26280063,29,C,0.0100069,0.04782466397617315
26280064,30,C,0.00837322,0.0
26280066,32,C,0.0132549,0.14290724354782142
26280068,34,C,0.022333,0.4086612969989853
26280069,35,C,0.0188271,0.3060289029964478
26280070,36,C,0.0125597,0.1225558244227568
26280072,38,A,0.0311737,0.6674656569802264
26280074,40,C,0.0218525,0.39459504715779786
26280075,41,A,0.0209267,0.3674929990766919
26280076,42,C,0.0150507,0.195477839728476
26280079,45,C,0.0169177,0.25013275846624305
26280082,48,C,0.012595,0.12358920344334769
26280085,51,C,0.0361205,0.8122792359903956
26280088,54,C,0.0328272,0.7158705354659778
26280091,57,C,0.0217221,0.39077769236218735
26280093,59,C,0.0291922,0.6094588431190131
26280094,60,C,0.0355678,0.7960993893988777
26280095,61,C,0.0111719,0.08192909907499403
26280098,64,C,0.0114199,0.08918909899302628
26280099,65,A,0.0201843,0.3457598380317437
26280103,69,C,0.042533,1.0
26280104,70,A,0.0366684,0.8283185664544677
26280106,72,C,0.0200727,0.3424928380686292
26280109,75,C,0.0152168,0.20034028322196454
26280110,76,C,0.0117678,0.09937359081352395
26280112,78,C,0.0494057,1.0
26280114,80,A,0.0388326,0.8916737754165864
26280115,81,C,0.0308303,0.6574128990292092
26280116,82,C,0.0279329,0.5725938515997469
26280118,84,C,0.0242421,0.46454865927122474
26280119,85,C,0.0173146,0.26175168575441643
26280121,87,C,0.0223295,0.40855883732272275
26280122,88,C,0.0147155,0.18566513016184527
26280123,89,C,0.0304155,0.6452699636824359
26280125,91,C,0.0322221,0.6981567211498433
26280128,94,C,0.0195088,0.3259851205130712
26280129,95,C,0.0196841,0.33111688658416416
26280130,96,C,0.0230687,0.4301983209493738
26280132,98,C,0.0436276,1.0
26280133,99,C,0.0270985,0.5481674647787544
