chrom_coord,local_coord,ref,mmRate,DMS_signal
108731532,1,C,,
108731531,2,C,,
108731530,3,C,,
108731528,5,C,,
108731527,6,A,,
108731526,7,C,,
108731523,10,C,,
108731521,12,C,,
108731519,14,C,,
108731518,15,A,,
108731514,19,C,0.00616529,0.10214759562528203
108731513,20,C,0.00124844,0.0
108731512,21,A,0.0191733,0.37238910093246547
108731509,24,C,0.0168259,0.3236218483274873
108731505,28,A,0.00611227,0.10104610472764382
108731502,31,C,0.00455897,0.06877628557823909
108731499,34,C,0.0232121,0.4562952012225676
108731498,35,A,0.0323752,0.6466586724437807
108731496,37,C,0.0148664,0.28291322113167283
108731489,44,A,0.00624976,0.10390246050878825
108731486,47,C,0.0258625,0.5113572810999785
108731483,50,C,0.0158745,0.3038565061921987
108731481,52,C,0.0110598,0.20383107758301902
108731480,53,C,0.0116676,0.2164581271413839
108731479,54,C,0.0254211,0.5021871927895766
108731476,57,C,0.0319797,0.6384421569776186
108731471,62,C,0.0347252,0.6954799400682583
108731470,63,A,0.0459892,0.9294896245457546
108731468,65,C,0.0233867,0.45992251753202884
108731463,70,A,0.0326165,0.6516716817534772
108731462,71,C,0.0252357,0.49833550639911783
108731459,74,C,0.0226339,0.44428309188619614
108731456,77,C,0.0256867,0.5077050347815175
108731453,80,C,0.0771196,1.0
108731450,83,C,0.016229,0.31122124635086995
108731448,85,C,0.004808,0.07394988569590874
108731447,86,C,0.00277684,0.03175252146266025
108731445,88,C,0.0205425,0.4008342412011611
108731444,89,A,0.0493832,1.0
108731441,92,C,0.00890694,0.1591053949370476
108731440,93,A,0.0347716,0.696443900416248
108731439,94,C,0.0181063,0.3502221679302026
108731438,95,C,0.0194023,0.37714657764991455
108731436,97,C,0.0152398,0.29067060893208985
108731433,100,C,0.0166049,0.31903057167003634
108731432,101,C,0.0124118,0.2319188877227185
