chrom_coord,local_coord,ref,mmRate,DMS_signal
161314380,2,C,,
161314381,3,A,,
161314382,4,C,,
161314385,7,C,0.0157412,0.16487107456681105
161314386,8,C,0.0195809,0.25335708507995475
161314389,11,C,0.0263462,0.40926364208299437
161314390,12,C,0.0284311,0.45731022992028725
161314391,13,A,0.0242157,0.3601662007729304
161314393,15,A,0.0351942,0.6131660878522722
161314394,16,C,0.0388635,0.6977252248619027
161314395,17,C,0.00873721,0.0034638988046541918
161314398,20,A,0.0085869,0.0
161314399,21,A,0.0303401,0.5013031965764301
161314400,22,C,0.0415944,0.7606589035634533
161314401,23,C,0.0283391,0.45519008694890684
161314402,24,C,0.0301317,0.4965006118456076
161314403,25,A,0.0314883,0.5277635026605489
161314404,26,A,0.042056,0.7712964904720315
161314406,28,A,0.0217591,0.3035537744306149
161314410,32,C,0.0287547,0.46476760237179476
161314413,35,C,0.0323301,0.5471628108486795
161314415,37,C,0.0607112,1.0
161314421,43,C,0.0519802,1.0
161314424,46,A,0.0397284,0.7176568732961079
161314429,51,A,,
161314430,52,C,,
161314433,55,C,,
161314434,56,A,,
161314440,62,A,,
161314441,63,C,,
161314446,68,A,,
161314454,76,C,,
161314455,77,C,,
161314458,80,C,,
161314461,83,C,,
161314462,84,C,,
161314463,85,C,,
161314465,87,C,,
161314466,88,C,,
161314469,91,A,,
161314471,93,A,,
161314473,95,C,,
161314476,98,A,,
161314477,99,A,,
161314478,100,C,,
