chrom_coord,local_coord,ref,mmRate,DMS_signal
36481643,1,C,,
36481642,2,C,,
36481641,3,C,,
36481639,5,A,,
36481636,8,A,,
36481635,9,A,,
36481631,13,A,,
36481630,14,C,,
36481628,16,A,,
36481627,17,C,,
36481626,18,A,,
36481623,21,C,0.0297713,0.48502321732547876
36481619,25,C,0.0102508,0.10690390979296172
36481618,26,C,0.010512,0.11196345043625948
36481617,27,C,0.00787022,0.060791194384762194
36481613,31,A,0.0295868,0.48144938406097476
36481612,32,C,0.0341225,0.5693075712577801
36481611,33,A,0.0307795,0.5045524243567681
36481608,36,C,0.0147613,0.19427396366583477
36481607,37,A,0.0300561,0.490539898700713
36481603,41,A,0.014371,0.18671370825588415
36481599,45,C,0.0276066,0.4430921773922987
36481597,47,A,0.0348681,0.5837501191277754
36481594,50,C,0.00957756,0.09386300189597183
36481589,55,C,0.0199527,0.2948333024698771
36481588,56,A,0.0253813,0.3999872930372817
36481586,58,C,0.00864565,0.07581156039177735
36481585,59,C,0.00473186,0.0
36481584,60,C,0.011937,0.13956622768242818
36481582,62,C,0.0147503,0.19406088959586434
36481581,63,C,0.0169549,0.236764807291937
36481579,65,C,0.0194483,0.28506288784323325
36481577,67,C,0.0577913,1.0
36481575,69,C,0.0563571,1.0
36481574,70,A,0.0389796,0.6633913953717213
36481570,74,C,0.0229692,0.3532640235667669
36481569,75,A,0.0193252,0.28267839529656424
36481565,79,A,0.0198388,0.2926270173271833
36481561,83,A,,
36481558,86,A,,
36481556,88,C,,
36481555,89,C,,
36481554,90,C,,
