chrom_coord,local_coord,ref,mmRate,DMS_signal
20858997,1,C,,
20858999,3,C,,
20859002,6,A,,
20859003,7,A,,
20859006,10,A,,
20859010,14,C,,
20859012,16,C,,
20859014,18,C,,
20859016,20,A,,
20859017,21,C,,
20859019,23,A,,
20859020,24,C,,
20859021,25,C,,
20859023,27,C,,
20859029,33,C,,
20859032,36,C,,
20859036,40,C,,
20859041,45,C,,
20859043,47,A,,
20859046,50,C,,
20859047,51,C,,
20859048,52,C,,
20859052,56,A,,
20859053,57,C,0.0217958,0.5653288098313544
20859056,60,C,0.0171474,0.44476088208288594
20859059,63,C,0.0336996,0.874083757411644
20859062,66,C,0.035885,0.9307675947108228
20859063,67,A,0.0367264,0.9525914167587449
20859070,74,C,0.0198831,0.5157181318766828
20859072,76,C,0.0251628,0.6526604105389296
20859073,77,C,0.0149188,0.38695654429348814
20859075,79,C,0.0243257,0.6309481197898025
20859076,80,C,0.00777928,0.20177516327663397
20859079,83,C,0.0124593,0.32316323513391537
20859085,89,C,0.0329662,0.8550611865892692
20859086,90,C,0.0207635,0.5385535168671637
20859087,91,C,0.0140872,0.3653869098567731
20859088,92,A,0.0174296,0.45208044778519596
20859090,94,A,0.0257974,0.6691203552401556
20859091,95,C,0.0407445,1.0
20859092,96,C,0.0,0.0
20859094,98,A,0.0385542,1.0
20859096,100,A,0.0327634,0.8498010592879635
