chrom_coord,local_coord,ref,mmRate,DMS_signal
150629613,3,C,,
150629612,4,A,,
150629611,5,C,,
150629607,9,C,,
150629606,10,A,,
150629605,11,A,,
150629601,15,C,,
150629600,16,C,,
150629598,18,C,,
150629597,19,C,,
150629596,20,A,,
150629590,26,A,0.0461455,0.6775066533269727
150629589,27,C,0.0605738,0.9399168154529963
150629586,30,A,0.0452118,0.6605252786413155
150629584,32,C,0.0186367,0.17719901709177088
150629583,33,A,0.0281435,0.35010094797064656
150629582,34,A,0.0237491,0.27017918196587826
150629581,35,C,0.0356851,0.48726142277984935
150629580,36,C,0.0332024,0.44210809844432275
150629579,37,C,0.0221098,0.24036492950556135
150629577,39,A,0.0322264,0.42435740583084797
150629573,43,A,0.0346504,0.46844314240365836
150629572,44,C,0.0411669,0.5869599338131961
150629571,45,A,0.0317002,0.4147873090550175
150629568,48,A,0.0179003,0.1638059740174237
150629566,50,C,0.0279247,0.3461215918806586
150629565,51,C,0.0224504,0.24655948473522277
150629563,53,A,0.0210182,0.22051179829975284
150629562,54,A,0.0329483,0.43748673472190064
150629560,56,C,0.0531785,0.8054171258173093
150629559,57,A,0.0411734,0.5870781505160523
150629557,59,C,0.0283005,0.3529563360242486
150629556,60,A,0.0203494,0.2083482089351094
150629554,62,C,0.0407624,0.5796032174585336
150629552,64,C,0.0460569,0.6758952687311183
150629551,65,A,0.0382724,0.5343171266721071
150629544,72,C,0.0106283,0.03154876429899224
150629543,73,C,0.0184945,0.1746127993769798
150629542,74,C,0.0454248,0.6643991490579857
150629541,75,C,0.089766,1.0
150629536,80,C,0.0149209,0.10961907486518296
150629535,81,C,0.0124084,0.06392377241502356
150629534,82,C,0.0288783,0.36346489154890615
150629533,83,C,0.0459766,0.6744348377712186
150629531,85,C,0.0154919,0.12000395753146792
150629530,86,C,0.00889363,0.0
150629529,87,C,0.0177175,0.16048135658940813
150629528,88,C,0.0638774,1.0
150629527,89,C,0.06709,1.0
150629524,92,C,0.0191666,0.186836406452304
150629523,93,C,0.0180928,0.16730700714047073
150629522,94,C,0.042259,0.6068221586115321
150629519,97,C,0.0362677,0.4978572767927699
150629517,99,C,0.0232797,0.26164211730116
150629516,100,C,0.0364953,0.5019966801112401
