chrom_coord,local_coord,ref,mmRate,DMS_signal
38315959,4,C,,
38315955,8,C,,
38315954,9,A,,
38315953,10,C,,
38315951,12,C,,
38315949,14,C,,
38315948,15,C,,
38315946,17,A,,
38315945,18,A,,
38315944,19,C,,
38315943,20,C,,
38315941,22,C,,
38315938,25,C,,
38315935,28,A,,
38315929,34,C,,
38315926,37,C,,
38315923,40,C,,
38315921,42,A,,
38315920,43,A,,
38315917,46,A,,
38315914,49,C,,
38315913,50,A,,
38315912,51,C,,
38315911,52,C,,
38315910,53,C,,
38315907,56,C,,
38315906,57,A,,
38315903,60,C,,
38315898,65,C,,
38315895,68,C,,
38315892,71,C,,
38315889,74,C,,
38315886,77,C,0.0252318,0.5150651187019045
38315881,82,A,0.0317227,0.6778562304862715
38315880,83,C,0.0445674,1.0
38315878,85,C,0.021585,0.4236037456326492
38315877,86,C,0.00633423,0.04111598525001022
38315876,87,C,0.00469483,0.0
38315875,88,C,0.0144982,0.24586752245967586
38315872,91,C,0.017669,0.32539086394481215
38315869,94,C,0.0256934,0.5266419997507058
38315866,97,A,,
38315865,98,A,,
