chrom_coord,local_coord,ref,mmRate,DMS_signal
154762813,4,C,,
154762814,5,C,,
154762815,6,C,,
154762816,7,C,,
154762818,9,C,,
154762819,10,C,,
154762821,12,C,,
154762822,13,C,,
154762824,15,C,,
154762825,16,C,,
154762826,17,C,,
154762828,19,C,,
154762829,20,C,,
154762830,21,C,,
154762831,22,C,,
154762833,24,C,,
154762836,27,C,,
154762837,28,A,,
154762838,29,A,,
154762841,32,C,,
154762842,33,A,,
154762843,34,C,,
154762845,36,C,,
154762846,37,A,,
154762847,38,C,,
154762848,39,A,,
154762852,43,C,,
154762853,44,A,,
154762857,48,C,,
154762859,50,C,,
154762872,63,C,0.00446814,0.0
154762873,64,C,0.0113193,0.18896071551306143
154762875,66,A,0.0267064,0.6133497862209457
154762877,68,C,0.014678,0.2815964670053226
154762878,69,A,0.0260075,0.5940735404359868
154762880,71,C,0.0188173,0.3957618185258264
154762882,73,C,0.0110818,0.1824102671314221
154762885,76,C,0.0100536,0.15405165228509976
154762886,77,C,0.00804372,0.0986174830501977
154762889,80,A,0.0311086,0.7347661393394831
154762890,81,C,0.0407252,1.0
154762894,85,A,0.0124094,0.21902658406390366
154762895,86,C,0.0357858,0.8637672221630766
154762896,87,C,0.0209733,0.455226099413466
154762897,88,A,0.0378287,0.9201121105792912
154762898,89,A,0.036538,0.8845135264690518
154762901,92,C,0.025293,0.5743670336204866
154762904,95,C,0.0237695,0.532347631054476
154762908,99,A,0.0228856,0.5079689307406613
