chrom_coord,local_coord,ref,mmRate,DMS_signal
17968510,2,A,0.0310202,0.6010621386121603
17968508,4,A,0.0452015,0.9413500994975094
17968505,7,C,0.0184969,0.3005587841555525
17968503,9,C,0.0105696,0.11033893461239164
17968502,10,C,0.00597129,0.0
17968501,11,C,0.0142183,0.19789146385035802
17968500,12,A,0.0429957,0.8884207358904421
17968497,15,C,0.0252717,0.46312377307801117
17968494,18,C,0.0246247,0.4475986582653479
17968491,21,C,0.0158191,0.23630352535284838
17968488,24,C,0.0276377,0.5198972223002077
17968485,27,C,0.0146433,0.20808956863456496
17968482,30,C,0.0093427,0.08089880576593647
17968481,31,C,0.00781812,0.04431568437321608
17968480,32,C,0.0121499,0.1482590875311732
17968479,33,A,0.0214786,0.3721062877674813
17968477,35,C,0.0230191,0.4090714181676477
17968474,38,C,0.0243204,0.44029681523985575
17968471,41,C,0.0335636,0.6620923967489881
17968467,45,C,0.035795,0.7156360461971747
17968466,46,C,0.0245409,0.44558783195730906
17968464,48,C,0.0476457,1.0
17968462,50,C,0.0352923,0.703573487903008
17968461,51,A,0.0766669,1.0
17968460,52,C,0.0631311,1.0
17968459,53,A,0.0265167,0.4929982212105702
17968457,55,C,0.0258666,0.47739872022183394
17968456,56,C,0.0187209,0.3059337852653462
17968455,57,A,0.038879,0.7896382936195137
17968452,60,C,0.0126538,0.1603504404741423
17968449,63,C,0.0104596,0.10769942513883218
17968448,64,C,0.0208173,0.3562380367232553
17968447,65,C,0.0203463,0.34493613706828724
17968446,66,C,0.0259404,0.4791695911231856
17968443,69,C,0.0258059,0.47594219090324247
17968441,71,C,0.0292687,0.5590339491308935
17968439,73,A,0.0334623,0.6596616484792466
17968436,76,C,0.0150311,0.2173950393058954
17968435,77,C,0.00834047,0.056849755041523065
17968434,78,C,0.0144453,0.20333845158215796
17968432,80,C,0.0228454,0.40490339275349063
17968429,83,C,0.0160328,0.2414313723937543
17968427,85,C,0.030605,0.5910991901265068
17968426,86,C,0.0249194,0.4546701441004204
17968425,87,A,0.0264473,0.49133293068816086
17968421,91,C,0.0175856,0.278691647944146
17968420,92,C,0.0145358,0.20551004801267733
17968418,94,C,0.00766555,0.04065468473338915
17968413,99,C,0.021799,0.3797944589977398
17968412,100,C,0.0148542,0.21315022816159845
17968411,101,C,0.0177517,0.28267730724922074
