chrom_coord,local_coord,ref,mmRate,DMS_signal
31722927,2,C,,
31722926,3,A,,
31722925,4,A,,
31722923,6,A,,
31722921,8,A,,
31722919,10,A,0.0124089,0.29391046897205114
31722913,16,C,0.0306187,0.7252179062055897
31722908,21,C,0.0268094,0.6349928943628612
31722906,23,C,0.0049268,0.11669351018474657
31722905,24,C,0.00771694,0.1827792515395547
31722904,25,C,0.00646627,0.15315656087162483
31722897,32,C,0.04222,1.0
31722896,33,A,0.0418518,0.9912790146849835
31722893,36,A,0.0300951,0.7128162008526764
31722890,39,C,0.0296779,0.7029346281383231
31722889,40,C,0.0284952,0.6749218379914732
31722887,42,C,0.00764512,0.18107816200852675
31722884,45,C,0.0100833,0.23882756987209852
31722881,48,C,0.0215421,0.5102344860255803
31722878,51,A,0.0374047,0.8859474182851729
31722876,53,C,0.00727703,0.1723597820937944
31722873,56,C,0.00251983,0.05968332543818095
31722872,57,C,0.0,0.0
31722870,59,C,0.00648805,0.15367243012790147
31722869,60,C,0.0144436,0.3421032685930838
31722868,61,C,0.0100001,0.23685693983893888
31722866,63,C,0.017578,0.4163429654192326
31722864,65,A,0.0293019,0.6940288962576977
31722862,67,C,0.0212262,0.5027522501184273
31722861,68,C,0.0203855,0.4828398863098058
31722857,72,C,0.0261938,0.6204121269540502
31722855,74,A,0.0178806,0.4235101847465656
31722851,78,A,0.0254904,0.6037517764092847
31722848,81,A,0.0246817,0.5845973472288015
31722845,84,A,0.039706,0.940454760776883
31722844,85,A,0.0397899,0.9424419706300332
31722842,87,C,0.0282466,0.6690336333491236
31722841,88,A,0.0243661,0.5771222169587873
31722840,89,A,0.0272405,0.6452036949313121
31722838,91,C,0.0272483,0.6453884414969209
31722836,93,A,0.0584711,1.0
31722830,99,C,0.0251857,0.59653481762198
