chrom_coord,local_coord,ref,mmRate,DMS_signal
35742260,9,A,,
35742253,16,C,0.0277519,0.4630948186789275
35742247,22,A,0.030045,0.530984009876514
35742246,23,A,0.045887,1.0
35742241,28,A,0.0409868,0.8549253784368699
35742238,31,A,0.0375615,0.7535164356916372
35742237,32,C,0.0454716,0.987701726909652
35742236,33,A,0.0229787,0.32178014098309216
35742232,37,A,0.0182102,0.18060461081620388
35742231,38,A,0.0270349,0.44186741905018495
35742229,40,C,0.0289578,0.49879652190389345
35742228,41,A,0.0276776,0.46089510348727397
35742226,43,C,0.0227572,0.31522244360824353
35742223,46,C,0.0280221,0.4710943213005262
35742222,47,C,0.0121099,0.0
35742220,49,C,0.0242982,0.3608450695885674
35742219,50,C,0.0287357,0.4922210610147112
35742218,51,A,0.0401489,0.8301186306698919
35742214,55,C,0.037801,0.7606070384964962
35742213,56,A,0.0379358,0.7645979080501286
35742209,60,A,0.0210922,0.2659286913322932
35742207,62,C,0.0421363,0.8889573113144705
35742202,67,C,0.0171246,0.14846449221513985
35742200,69,A,0.0250546,0.383238939991888
35742199,70,C,0.0215935,0.28077010755807935
35742197,72,C,0.0349699,0.676789896113047
35742193,76,C,0.0328937,0.6153222153470843
35742191,78,C,0.0223725,0.303833070334635
35742190,79,A,0.028505,0.4853909897534128
35742182,87,A,0.0276179,0.45912763381107324
35742180,89,C,0.0300287,0.5305014344037824
35742179,90,C,0.0180493,0.17584102838905652
35742176,93,A,0.0541671,1.0
35742174,95,C,0.0180267,0.17517193601582137
35742171,98,C,0.0203972,0.24535262056245213
35742170,99,C,0.0153933,0.09720787160531842
35742168,101,A,0.0432129,0.9208309772005294
