chrom_coord,local_coord,ref,mmRate,DMS_signal
46303281,1,C,,
46303276,6,A,,
46303272,10,A,,
46303270,12,C,,
46303267,15,C,,
46303264,18,C,,
46303263,19,A,,
46303262,20,A,,
46303261,21,C,,
46303259,23,A,,
46303258,24,C,0.03121,0.6258269026081952
46303257,25,C,0.0202649,0.3926934579881182
46303256,26,A,0.0522058,1.0
46303252,30,A,0.0301057,0.6023050286286106
46303249,33,C,0.0074304,0.11931530749370736
46303248,34,C,0.0134918,0.24842468623123684
46303247,35,A,0.0487766,1.0
46303246,36,C,0.032377,0.6506843027115866
46303243,39,C,0.0198891,0.3846888213481401
46303242,40,C,0.00757273,0.12234697309500615
46303241,41,C,0.0417461,0.8502485420506481
46303237,45,A,0.0319254,0.6410651065790317
46303234,48,C,0.0382838,0.7765006616924885
46303231,51,C,0.0229961,0.4508687203380606
46303229,53,C,0.0377259,0.7646172482240378
46303228,54,C,0.0199674,0.3863566314836119
46303227,55,A,0.0236334,0.46444337422485693
46303225,57,C,0.0282272,0.5622924955572989
46303223,59,A,0.0416708,0.8486446326866504
46303222,60,A,0.0620365,1.0
46303220,62,A,0.032772,0.6590979042889985
46303218,64,C,0.0202565,0.392514535827991
46303216,66,C,0.0227327,0.4452582326026422
46303213,69,C,0.0136921,0.2526911277399852
46303212,70,C,0.00822978,0.13634230706067316
46303210,72,C,0.0270766,0.5377844196712986
46303206,76,C,0.00194932,0.0025668939901111448
46303205,77,C,0.0085817,0.1438382935597181
46303204,78,C,0.0151817,0.2844199908025489
46303203,79,C,0.0109856,0.19504198174184556
46303202,80,A,0.0306244,0.6133534720164676
46303201,81,A,0.0413435,0.8416730585188354
46303200,82,C,0.0214818,0.41861374092369413
46303198,84,C,0.00812752,0.13416414276369557
46303196,86,C,0.010586,0.1865303989815069
46303195,87,C,0.0160102,0.3020672538579558
46303194,88,C,0.0106398,0.18767635281660752
46303193,89,C,0.00829263,0.13768102822305373
46303192,90,C,0.00182881,0.0
46303191,91,C,0.00442744,0.05535148725850567
46303189,93,C,0.0169853,0.3228371346127261
46303188,94,C,0.00845475,0.14113422591350946
46303187,95,C,0.0201099,0.38939191812862756
46303182,100,C,0.0383711,0.7783601741423823
