chrom_coord,local_coord,ref,mmRate,DMS_signal
120877199,1,C,,
120877198,2,A,,
120877197,3,C,,
120877193,7,C,,
120877190,10,A,,
120877189,11,C,,
120877188,12,A,,
120877187,13,C,0.0120981,0.2584942588168932
120877185,15,C,0.0110591,0.23629444769690314
120877182,18,C,0.0,0.0
120877181,19,C,0.0302144,0.64557648999406
120877177,23,C,0.0175344,0.3746490549589549
120877176,24,A,0.0323099,0.6903500262808159
120877174,26,C,0.0302508,0.6463542312113533
120877173,27,C,0.0275103,0.5877992914862976
120877171,29,C,0.016958,0.36233339458401526
120877167,33,C,0.00826835,0.1766658404946776
120877166,34,C,0.0203594,0.4350094653670126
120877164,36,A,0.0145085,0.3099961112939135
120877162,38,C,0.0273314,0.5839768216024033
120877160,40,C,0.0384382,0.8212904521582318
120877159,41,A,0.0405482,0.8663738029408874
120877157,43,C,0.0150308,0.32115584310139267
120877156,44,C,0.0124171,0.2653101777266881
120877154,46,C,0.0173085,0.3698223587780062
120877153,47,C,0.0059456,0.12703676322907898
120877151,49,C,0.0230971,0.4935045788445842
120877150,50,C,0.0256233,0.547480673985411
120877148,52,C,0.0111002,0.23717261154390176
120877147,53,C,0.0033501,0.07157996846302096
120877146,54,A,0.0162877,0.34801141826666265
120877145,55,C,0.0349679,0.7471422283567867
120877144,56,C,0.00735528,0.15715671485528457
120877142,58,A,0.0474543,1.0
120877139,61,C,0.0407908,0.8715573199550448
120877137,63,C,0.0455179,0.9725589822700642
120877136,64,C,0.0291299,0.6224045023524535
120877129,71,C,0.0230719,0.4929661426172274
120877128,72,C,0.0439762,0.9396182230749837
120877127,73,A,0.019938,0.4260056151206567
120877125,75,A,0.0393284,0.8403109255547816
120877124,76,C,0.0115807,0.24743922294251122
120877122,78,C,0.0439883,0.9398767579301828
120877121,79,C,0.0366411,0.7828926845319237
120877120,80,A,0.0243706,0.520714838191367
120877119,81,A,0.0468022,1.0
120877113,87,A,0.0231273,0.4941498476567341
120877112,88,C,0.0336174,0.7182867472041912
120877111,89,C,0.0174201,0.37220686207058645
120877108,92,C,0.0436943,0.933595001944353
120877105,95,A,0.00627127,0.13399519680698768
120877104,96,C,0.0104251,0.22274807594514787
120877103,97,A,0.0153529,0.3280379982137592
120877102,98,C,0.00741879,0.15851370234732554
120877100,100,C,0.0135102,0.28866591741413866
120877099,101,A,0.0529424,1.0
