chrom_coord,local_coord,ref,mmRate,DMS_signal
38315791,4,C,,
38315790,5,A,,
38315789,6,C,,
38315786,9,C,,
38315785,10,A,,
38315781,14,C,,
38315780,15,A,,
38315778,17,A,,
38315774,21,C,,
38315773,22,A,,
38315772,23,C,,
38315770,25,A,,
38315768,27,A,,
38315766,29,C,,
38315765,30,A,,
38315764,31,A,0.0588539,1.0
38315761,34,A,0.0123645,0.08881100747756936
38315759,36,C,0.0281681,0.398560463530508
38315755,40,A,0.0455415,0.7390778899264003
38315754,41,A,0.0435945,0.7009168259324323
38315753,42,C,0.0300607,0.43565529132454167
38315752,43,C,0.00783331,0.0
38315751,44,C,0.00979244,0.03839881114663707
38315748,47,A,0.0457225,0.7426254772827989
38315741,54,C,,
38315740,55,A,,
38315739,56,C,,
38315738,57,A,,
38315736,59,C,,
38315734,61,C,,
38315729,66,A,,
38315726,69,C,,
38315725,70,C,,
38315724,71,A,,
38315719,76,C,,
38315714,81,A,,
38315711,84,A,,
38315708,87,C,,
38315707,88,C,,
38315706,89,C,,
38315705,90,C,,
38315696,99,C,,
38315694,101,A,,
