chrom_coord,local_coord,ref,mmRate,DMS_signal
45507438,1,C,,
45507443,6,A,,
45507448,11,A,,
45507449,12,A,,
45507456,19,A,,
45507457,20,A,,
45507458,21,C,,
45507460,23,A,,
45507461,24,A,,
45507462,25,A,,
45507466,29,A,,
45507467,30,A,,
45507468,31,C,,
45507470,33,A,,
45507471,34,A,,
45507473,36,A,,
45507475,38,A,,
45507476,39,A,,
45507479,42,A,,
45507480,43,C,,
45507481,44,A,0.0304898,0.6136450378718533
45507484,47,A,0.0272298,0.5124879371708903
45507487,50,A,0.0357749,0.7776405571708283
45507488,51,A,0.0301384,0.6027411712502833
45507490,53,A,0.0323359,0.6709291248669599
45507493,56,A,0.0195036,0.2727456085096084
45507494,57,A,0.0322073,0.6669386944528053
45507495,58,C,0.0429409,1.0
45507496,59,A,0.0351051,0.7568568068488943
45507497,60,C,0.0317657,0.6532359411799387
45507501,64,A,0.0284164,0.5493078806346212
45507503,66,C,0.018531,0.2425660391409714
45507504,67,C,0.021782,0.34344387177251445
45507506,69,C,0.0330454,0.6929447576728903
45507507,70,C,0.0107138,0.0
45507508,71,A,0.0157807,0.15722482010481867
45507509,72,C,0.030868,0.6253805027445846
45507510,73,C,0.010782,0.00211623137049251
45507513,76,C,0.0289004,0.5643262968123102
45507514,77,A,0.038124,0.8505326262679547
45507515,78,A,0.0412315,0.9469576846815257
45507522,85,C,0.0369961,0.8155341312125509
45507524,87,C,0.0226528,0.3704646089781582
45507526,89,C,0.0408498,0.9351136155595756
45507532,95,A,0.0280859,0.5390525365298151
45507534,97,C,0.0255361,0.4599327894846263
45507537,100,A,0.0240167,0.41278613340945974
45507538,101,C,0.0458426,1.0
