chrom_coord,local_coord,ref,mmRate,DMS_signal
136289823,4,C,0.0195146,0.3909229496407201
136289821,6,A,0.0570142,1.0
136289819,8,C,0.00439931,0.08812843930103187
136289817,10,C,0.0,0.0
136289814,13,C,0.0046729,0.09360908506329214
136289812,15,A,0.0666235,1.0
136289811,16,A,0.0237204,0.47517493234079805
136289807,20,A,0.033802,0.6771328924884764
136289805,22,C,0.024091,0.4825989146482423
136289803,24,C,0.0339601,0.6803000042067897
136289801,26,A,0.0385216,0.7716774874647682
136289793,34,C,0.0182622,0.3658344568132966
136289792,35,C,0.0355663,0.7124759361609638
136289790,37,C,0.024296,0.4867055427459921
136289788,39,C,0.0356367,0.7138862123467277
136289784,43,C,0.0325916,0.652885757612787
136289780,47,A,0.0327965,0.6569903824773183
136289777,50,C,0.0402971,0.807244893257718
136289773,54,A,0.0165675,0.33188566346082576
136289772,55,A,0.0341213,0.6835292161548739
136289771,56,A,0.0224804,0.45033484043245803
136289767,60,C,0.0165172,0.33087803715196323
136289766,61,C,0.00999199,0.2001628628606571
136289764,63,C,0.0270167,0.541207508919396
136289753,74,C,0.0408401,0.8181224496337087
136289752,75,A,0.0321392,0.6438231305326797
136289751,76,A,0.0210355,0.42139012365958656
136289750,77,C,0.0499193,1.0
136289747,80,A,0.023122,0.46318758476180555
136289745,82,A,0.048342,0.9684030024459478
136289743,84,A,0.0185409,0.37141746779301793
136289742,85,A,0.0352521,0.7061817773887054
136289741,86,A,0.0406985,0.8152858713964338
136289738,89,C,0.0140056,0.2805648316382642
136289737,90,C,0.0118282,0.2369464315405064
136289736,91,C,0.0229455,0.4596518781313039
136289733,94,A,0.0174353,0.349269721330227
136289732,95,A,0.0224399,0.4495235309790001
136289731,96,C,0.0199182,0.39900799891024114
136289730,97,C,0.0184822,0.37024156989380863
136289728,99,C,0.0207812,0.41629590158515845
136289726,101,A,0.0421696,0.8447554352725299
