chrom_coord,local_coord,ref,mmRate,DMS_signal
109382488,2,C,,
109382486,4,C,,
109382484,6,C,,
109382482,8,C,,
109382481,9,C,,
109382480,10,C,,
109382478,12,C,,
109382472,18,A,,
109382470,20,C,,
109382467,23,A,0.0232545,0.3309696340895537
109382464,26,C,0.0111006,0.0
109382462,28,C,0.0208922,0.2666405243708829
109382459,31,A,0.0154226,0.11769479414303646
109382456,34,C,0.021039,0.2706381171011461
109382453,37,C,0.03019,0.5198341053480057
109382451,39,C,0.0255547,0.3936076640497139
109382450,40,C,0.0188599,0.211297828827872
109382448,42,C,0.0336521,0.614112482673921
109382447,43,A,0.0312178,0.5478227007714701
109382442,48,A,0.0338373,0.6191557672355339
109382438,52,A,0.0417579,0.834846046386236
109382430,60,A,0.0369175,0.7030344125199811
109382429,61,C,0.037681,0.7238257071354851
109382426,64,A,0.0467463,0.9706879508524838
109382424,66,C,0.0488592,1.0
109382419,71,C,0.0426291,0.8585701798099782
109382417,73,A,0.0331794,0.6012401251562409
109382415,75,C,0.0383289,0.7414690336336973
109382414,76,C,0.0193503,0.2246521849240648
109382411,79,A,0.0217814,0.2908548258405701
109382409,81,C,0.0281381,0.46395767126607673
109382405,85,C,0.0256372,0.39585426759362885
109382403,87,C,0.0358469,0.6738803064094918
109382402,88,C,0.0332919,0.6043036754433978
109382401,89,C,0.0282784,0.46777825886863766
109382399,91,A,0.0425147,0.8554548895624161
109382398,92,A,0.0316424,0.5593852203441524
109382397,93,C,0.0406259,0.8040199226079118
109382395,95,C,0.0320655,0.5709068925796725
109382394,96,C,0.0198402,0.23799292524120347
109382393,97,A,0.0265508,0.42073301908115274
109382391,99,C,0.0478227,1.0
109382389,101,C,0.0363169,0.6866791387202801
