chrom_coord,local_coord,ref,mmRate,DMS_signal
38849973,2,C,,
38849971,4,C,,
38849970,5,C,,
38849968,7,C,,
38849967,8,C,,
38849966,9,A,,
38849962,13,C,,
38849960,15,C,,
38849957,18,A,,
38849954,21,C,,
38849951,24,C,,
38849948,27,C,,
38849947,28,C,,
38849946,29,C,,
38849945,30,C,,
38849941,34,C,,
38849938,37,A,,
38849936,39,A,0.0369688,0.804452277430054
38849935,40,A,0.0227324,0.41962802629035895
38849933,42,C,0.0174984,0.2781477271652176
38849930,45,C,0.016299,0.2457267354245423
38849927,48,C,0.0324042,0.6810665354761716
38849924,51,C,0.0149982,0.21056479940964276
38849921,54,C,0.00802108,0.02196620853612221
38849917,58,A,0.0410822,0.9156416282938974
38849915,60,C,0.0427436,0.9605509460177243
38849914,61,A,0.0398285,0.8817528527850725
38849912,63,A,0.035751,0.7715339151307422
38849909,66,C,0.0174273,0.27622582245222604
38849908,67,A,0.0325937,0.6861889116099534
38849906,69,C,0.0194998,0.3322475878203682
38849905,70,A,0.0254658,0.4935145852564769
38849903,72,C,0.0111422,0.10633323016498375
38849902,73,C,0.00720845,0.0
38849899,76,A,0.0234578,0.4392363199444243
38849898,77,C,0.0259707,0.5071625415094926
38849896,79,A,0.0441389,0.9982673123473593
38849894,81,C,0.0264419,0.5198995527719623
38849893,82,A,0.044203,1.0
38849891,84,C,0.0301207,0.6193412272888845
38849888,87,A,0.0386063,0.8487155540478261
38849885,90,C,0.0345263,0.738429038871942
38849881,94,C,0.0433701,0.9774858729191193
38849877,98,A,0.026033,0.5088465733466147
38849875,100,C,0.0494357,1.0
