chrom_coord,local_coord,ref,mmRate,DMS_signal
30425751,3,A,,
30425753,5,A,,
30425757,9,C,,
30425758,10,C,,
30425761,13,A,,
30425762,14,C,,
30425763,15,C,,
30425767,19,C,,
30425768,20,C,,
30425771,23,C,,
30425774,26,C,,
30425776,28,C,,
30425780,32,A,,
30425781,33,C,,
30425785,37,C,,
30425788,40,C,0.0354341,0.5931379320160163
30425793,45,C,0.00146843,0.0
30425794,46,C,0.00757664,0.10666685060885155
30425795,47,C,0.00187266,0.007059014182815597
30425798,50,C,0.0128744,0.1991809217494229
30425799,51,C,0.00925704,0.1360114500517512
30425803,55,C,0.0140905,0.2204175126697456
30425804,56,A,0.0379639,0.6373154895443711
30425806,58,A,0.0338809,0.5660146090841478
30425807,59,C,0.0271309,0.4481402659280107
30425808,60,C,0.0145887,0.22911751233795113
30425809,61,C,0.0269632,0.4452117433580427
30425810,62,A,0.0334806,0.5590242239633475
30425811,63,A,0.0441886,0.7460165893731128
30425815,67,C,0.0189487,0.30525560658398926
30425816,68,C,0.00217865,0.012402476443903947
30425819,71,C,0.0398485,0.6702260061535646
30425822,74,C,0.0285236,0.472460798922611
30425825,77,A,0.0274612,0.4539082504531177
30425827,79,A,0.0240891,0.39502172118544215
30425828,80,C,0.0231339,0.3783411919139248
30425831,83,C,0.0423963,0.7147178952636691
30425832,84,A,0.0587328,1.0
30425837,89,A,0.0222889,0.36358507043734173
30425839,91,C,0.0340947,0.5697481697607081
30425840,92,C,0.0194079,0.31327455449173713
30425841,93,A,0.0327166,0.5456825946046381
30425844,96,A,0.0662533,1.0
30425845,97,C,0.0176414,0.2824264023161348
30425846,98,C,0.0110731,0.16772506184910443
30425849,101,C,0.0061604,0.08193524175678524
