chrom_coord,local_coord,ref,mmRate,DMS_signal
9102648,1,C,,
9102650,3,A,,
9102653,6,C,,
9102654,7,C,,
9102661,14,C,,
9102665,18,A,,
9102667,20,C,,
9102669,22,C,,
9102671,24,C,,
9102672,25,A,,
9102673,26,C,,
9102675,28,C,,
9102680,33,C,,
9102682,35,C,,
9102683,36,C,,
9102684,37,C,,
9102689,42,C,,
9102691,44,C,0.00637062,0.0
9102693,46,C,0.0160622,0.3105083368629609
9102695,48,C,0.0355831,0.9359380596809301
9102699,52,A,0.0341358,0.8895680440651315
9102702,55,C,0.0215309,0.4857199062667603
9102704,57,C,0.0264424,0.6430793560677663
9102706,59,C,0.0112893,0.15758948967672032
9102707,60,C,0.00760251,0.039468498954568096
9102711,64,C,0.0186433,0.39320414789449437
9102713,66,C,0.0218792,0.4968790829675016
9102716,69,C,0.00788283,0.04844966580140064
9102722,75,A,0.0253747,0.6088713372237199
9102723,76,A,0.0320598,0.8230551217833665
9102728,81,A,0.0332926,0.8625527762096477
9102729,82,A,0.0325874,0.8399588875809866
9102730,83,C,0.0375826,1.0
9102731,84,A,0.0318809,0.8173233482784493
9102738,91,C,0.0133636,0.22404794569264752
9102739,92,C,0.0119908,0.18006483407973475
9102740,93,C,0.0266029,0.6482216123424402
9102742,95,C,0.0412066,1.0
9102743,96,C,0.0235176,0.5493717476430524
9102744,97,A,0.0176116,0.36014953232701036
