chrom_coord,local_coord,ref,mmRate,DMS_signal
110339421,1,C,,
110339425,5,A,,
110339426,6,C,,
110339427,7,C,,
110339428,8,C,,
110339433,13,C,,
110339434,14,C,,
110339436,16,C,,
110339439,19,C,,
110339442,22,A,,
110339445,25,C,,
110339446,26,C,,
110339447,27,A,,
110339448,28,A,,
110339450,30,A,,
110339454,34,C,,
110339457,37,C,,
110339461,41,C,,
110339466,46,C,,
110339467,47,C,,
110339469,49,C,,
110339476,56,A,,
110339477,57,A,,
110339478,58,A,,
110339479,59,C,,
110339481,61,A,,
110339483,63,C,,
110339485,65,C,,
110339490,70,C,,
110339493,73,C,,
110339499,79,A,0.0326817,0.5208240111064046
110339500,80,C,0.0340833,0.5436858780782963
110339502,82,C,0.0400327,0.6407281093586705
110339503,83,A,0.0370003,0.5912658338124631
110339505,85,C,0.0104632,0.15841220223441801
110339507,87,C,0.0131634,0.20245587603400564
110339508,88,C,0.0097905,0.14743961525383042
110339510,90,C,0.0110659,0.16824300076749388
110339513,93,A,0.015684,0.24357004690254894
110339515,95,A,0.0620587,1.0
110339516,96,C,0.0342811,0.5469122460056938
110339518,98,A,0.0255915,0.40517389038429646
110339519,99,C,0.0288271,0.4579506146809952
110339520,100,C,0.000751371,0.0
