chrom_coord,local_coord,ref,mmRate,DMS_signal
158819367,1,C,,
158819365,3,C,0.0,0.0
158819362,6,C,0.0123467,0.3254072631337584
158819359,9,A,0.0151613,0.39958832226828633
158819358,10,C,0.011466,0.3021957024218353
158819356,12,C,0.0219371,0.5781700107795258
158819355,13,A,0.0300342,0.791575629310822
158819354,14,A,0.0334565,0.8817731133853246
158819350,18,C,0.0257782,0.6794053075327537
158819347,21,C,0.0350057,0.9226035322054805
158819342,26,A,0.0169953,0.4479248754029145
158819340,28,C,0.0304229,0.8018201321480248
158819339,29,A,0.0306983,0.8090785218608256
158819338,30,C,0.0318308,0.8389264752005018
158819337,31,A,0.0379423,1.0
158819336,32,C,0.0342889,0.9037116885375952
158819333,35,A,0.0240914,0.6349483294370663
158819331,37,C,0.0184599,0.486525592808027
158819330,38,A,0.0294256,0.7755354841430278
158819329,39,C,0.0285851,0.7533834269403805
158819326,42,C,0.0302526,0.7973317379283807
158819325,43,A,0.0465114,1.0
158819322,46,C,0.0177476,0.4677523502792398
158819320,48,C,0.00970164,0.2556945678042712
158819319,49,C,0.00793259,0.20906982444395833
158819313,55,A,,
158819310,58,C,,
158819306,62,C,,
158819303,65,C,,
158819300,68,C,,
158819299,69,C,,
158819293,75,C,,
158819289,79,A,,
158819288,80,C,,
158819280,88,C,,
158819275,93,C,,
