chrom_coord,local_coord,ref,mmRate,DMS_signal
135961237,2,C,,
135961236,3,C,,
135961235,4,C,,
135961234,5,C,,
135961233,6,C,,
135961231,8,C,,
135961230,9,C,,
135961229,10,C,,
135961228,11,C,,
135961226,13,C,,
135961225,14,C,,
135961224,15,C,,
135961222,17,C,,
135961221,18,C,,
135961218,21,C,,
135961217,22,C,,
135961216,23,C,,
135961211,28,A,,
135961210,29,C,,
135961209,30,C,,
135961206,33,C,,
135961205,34,A,,
135961200,39,C,,
135961199,40,C,,
135961198,41,C,,
135961191,48,C,,
135961187,52,C,,
135961185,54,C,,
135961184,55,A,,
135961181,58,C,,
135961180,59,C,,
135961179,60,C,,
135961178,61,C,,
135961175,64,C,,
135961172,67,C,,
135961169,70,C,,
135961166,73,C,,
135961162,77,A,0.0107227,0.0
135961157,82,C,0.0413122,1.0
135961153,86,C,0.023501,0.4177348436555028
135961152,87,A,0.018991,0.27029863188348946
135961149,90,A,0.0353894,0.8063780055247716
135961146,93,A,0.0180207,0.23857859723107605
135961144,95,A,0.0363791,0.8387322447244969
135961143,96,A,0.0341209,0.76490952777914
135961141,98,A,0.0314398,0.6772618055215024
135961139,100,C,0.0145858,0.12628843230520276
