chrom_coord,local_coord,ref,mmRate,DMS_signal
48325525,1,A,,
48325526,2,A,,
48325527,3,A,,
48325530,6,A,,
48325534,10,A,,
48325537,13,A,,
48325539,15,A,0.0307777,0.5747934647409274
48325540,16,A,0.0208571,0.32485248201327377
48325544,20,C,0.0147309,0.1705081431238768
48325549,25,C,0.0174294,0.23849452921852565
48325550,26,A,0.0260942,0.45679671125777455
48325551,27,C,0.0194731,0.28998379260990376
48325554,30,A,0.0160516,0.20378204348155798
48325557,33,C,0.00855088,0.014807855633548207
48325558,34,C,0.00796313,0.0
48325559,35,C,0.0115001,0.08911091644439133
48325561,37,A,0.0325803,0.6202084210404323
48325563,39,C,0.032726,0.6238792072008882
48325565,41,A,0.0351218,0.684239327195537
48325569,45,A,0.0407298,0.825528062870464
48325570,46,C,0.0476549,1.0
48325571,47,A,0.0409296,0.8305618519909794
48325572,48,A,0.032512,0.6184876612960319
48325574,50,A,0.0392849,0.7891250503567867
48325575,51,C,0.0169517,0.22645928866361967
48325577,53,C,0.0190569,0.27949799164915046
48325578,54,C,0.0201622,0.30734507430633606
48325580,56,A,0.0711149,1.0
48325581,57,C,0.0155603,0.1914041626261565
48325583,59,C,0.0200857,0.3054177226160486
48325584,60,C,0.0219895,0.3533823258574762
48325585,61,A,0.0204153,0.3137217110751171
48325587,63,C,0.0317778,0.5999901238972211
48325589,65,C,0.0289068,0.527657748697022
48325592,68,A,0.0292198,0.5355435144363679
48325593,69,C,0.0318208,0.6010734719061408
48325600,76,C,0.0424173,0.868043173685628
48325602,78,C,0.0431049,0.8853666641724469
48325605,81,C,0.0267484,0.4732787174771999
48325607,83,C,0.0353036,0.6888196218006906
48325609,85,C,0.0313007,0.5879699998261605
48325613,89,A,,
48325614,90,A,,
48325619,95,C,,
48325620,96,C,,
48325621,97,A,,
48325624,100,C,,
48325625,101,C,,
