chrom_coord,local_coord,ref,mmRate,DMS_signal
141738259,4,C,,
141738260,5,C,,
141738261,6,C,,
141738264,9,C,,
141738268,13,C,,
141738271,16,C,,
141738273,18,C,,
141738274,19,C,,
141738275,20,A,,
141738276,21,C,,
141738277,22,A,,
141738279,24,A,,
141738281,26,C,,
141738282,27,C,,
141738284,29,C,,
141738285,30,C,,
141738286,31,C,,
141738288,33,A,,
141738290,35,C,,
141738291,36,C,,
141738294,39,C,,
141738295,40,C,,
141738297,42,C,,
141738298,43,C,,
141738301,46,C,,
141738302,47,C,,
141738303,48,C,,
141738304,49,C,,
141738305,50,A,,
141738306,51,A,,
141738308,53,C,0.0245598,0.5639807403013626
141738309,54,C,0.0207466,0.4711301753622152
141738310,55,A,,
141738311,56,A,0.0657956,1.0
141738312,57,C,0.0139894,0.3065938705770459
141738315,60,C,0.00520833,0.09277678511858585
141738317,62,C,0.0157092,0.3484706149341071
141738318,63,C,0.0112157,0.23905489754344852
141738320,65,C,0.0129733,0.28185206342434793
141738321,66,C,0.00411523,0.06616004523214347
141738324,69,C,0.007904,0.15841574514940293
141738327,72,C,0.0131647,0.28651261050536986
141738329,74,C,0.0424663,1.0
141738330,75,C,0.0137968,0.30190410376510846
141738332,77,C,0.0168508,0.3762683189450508
141738335,80,C,0.0216057,0.4920490677201354
141738337,82,C,0.0350805,0.8201574261702624
141738338,83,C,0.0145324,0.31981579881630867
141738340,85,C,0.0261435,0.6025434801770911
141738341,86,C,0.0285654,0.661516202097295
141738342,87,A,0.00139816,0.0
141738346,91,C,0.00977176,0.20389528232834506
141738347,92,C,0.00591292,0.10993339362337815
141738349,94,A,0.0175432,0.3931281036832932
141738350,95,C,0.0153203,0.33900098713990945
141738355,100,A,0.0240051,0.5504739196856737
141738356,101,A,0.0275167,0.635980592254726
