chrom_coord,local_coord,ref,mmRate,DMS_signal
109426434,1,A,0.0327586,0.6062094740756222
109426433,2,C,0.0293903,0.5147881455988406
109426430,5,C,0.0255546,0.41068079481702435
109426427,8,C,0.0168383,0.1741057494225607
109426426,9,C,0.0142693,0.10437876760477369
109426416,19,A,0.0298956,0.5285028376628841
109426410,25,C,0.0104236,0.0
109426407,28,C,0.0166979,0.17029505722823718
109426406,29,C,0.0197634,0.25349788430586506
109426401,34,A,0.0472673,1.0
109426392,43,C,0.0416,0.8461799439252844
109426391,44,C,0.0168093,0.17331864063598387
109426385,50,A,0.0269148,0.4475989110757062
109426382,53,C,0.0338815,0.6366868691255222
109426373,62,C,0.0210864,0.2894063299831451
109426372,63,C,0.0327425,0.6057724929906606
109426370,65,C,0.0410313,0.8307444692036903
109426369,66,A,0.0310696,0.5603671726780969
109426367,68,A,0.0495669,1.0
109426366,69,A,0.0469139,0.9904081294766813
109426364,71,C,0.0234529,0.35363712113604223
109426363,72,C,0.0259306,0.42088606736022716
109426362,73,C,0.0165223,0.16552897781710307
109426361,74,C,0.027457,0.462315131216463
109426359,76,C,0.0315103,0.5723285120658349
109426356,79,A,0.0574573,1.0
109426354,81,C,0.0282455,0.4837163477066636
109426353,82,C,0.0265027,0.43641382380162685
109426351,84,C,0.0266251,0.4397359657146269
109426348,87,C,0.0428916,0.8812361407784778
109426347,88,C,0.013124,0.07329339887144885
109426345,90,C,0.0276616,0.467868319414174
109426344,91,C,0.0258708,0.41926299475894113
109426342,93,C,0.0430669,0.8859940776849231
109426341,94,C,0.0226111,0.33078925297947814
109426339,96,A,0.0280597,0.4786734231361129
109426338,97,C,0.040564,0.8180611610668854
109426337,98,C,0.0284958,0.4905099107852904
109426336,99,C,0.0296417,0.5216115645279926
109426334,101,C,0.0452136,0.944259127069214
