chrom_coord,local_coord,ref,mmRate,DMS_signal
10250262,1,C,0.02148,0.4723498117496926
10250264,3,C,0.0061541,0.0675931638305874
10250265,4,C,0.0113587,0.20504652381334695
10250266,5,C,0.013606,0.26439766240022317
10250268,7,A,0.02885,0.6669913333023457
10250270,9,A,0.0345034,0.8162974904184608
10250271,10,A,0.0327175,0.7691319146598606
10250272,11,A,0.0414592,1.0
10250276,15,A,0.00359472,0.0
10250277,16,A,0.0176344,0.37078760886192025
10250281,20,C,0.0277769,0.6386507882849574
10250282,21,A,0.0290834,0.6731554216511094
10250285,24,C,0.0161286,0.3310194673213524
10250287,26,C,0.0108036,0.19038634625379777
10250289,28,C,0.0135347,0.26251463112658624
10250292,31,C,0.0159065,0.3251538116989855
10250293,32,C,0.0149282,0.2993169323862364
10250296,35,A,0.0237068,0.5311595458329285
10250298,37,C,0.00997187,0.16842037709219831
10250302,41,C,0.00788429,0.11328743983807517
10250304,43,C,0.0111556,0.1996826577309394
10250305,44,C,0.0152242,0.3071342852192874
10250307,46,C,0.00822116,0.12218416838155442
10250308,47,C,0.0055984,0.05291714028556578
10250319,58,A,0.0213202,0.4681294976188766
10250320,59,A,0.0339294,0.801138164316531
10250323,62,A,0.0394178,0.946086675427736
10250324,63,A,0.0352903,0.8370795003655139
10250327,66,C,0.0238214,0.5341861290581569
10250328,67,C,0.0208715,0.4562793414830998
10250337,76,C,0.0317931,0.7447185330420489
10250338,77,A,0.0443066,1.0
10250339,78,C,0.0424731,1.0
10250340,79,C,0.0299663,0.6964727892737469
10250341,80,A,0.0241595,0.5431153418718546
10250345,84,C,0.031602,0.7396715866690894
10250348,87,C,0.0157706,0.3215646959894867
10250349,88,C,0.0092209,0.14858727757518395
10250350,89,A,0.0274847,0.6309337933598983
10250356,95,A,0.0294901,0.6838963588038184
10250357,96,C,0.0262498,0.5983201142601193
10250358,97,C,0.0229637,0.5115342928253603
10250359,98,C,0.0394316,0.9464511330936011
10250361,100,C,0.0304184,0.7084127393272007
