chrom_coord,local_coord,ref,mmRate,DMS_signal
15246035,1,C,,
15246043,9,C,,
15246046,12,C,,
15246047,13,C,,
15246049,15,C,,
15246050,16,C,,
15246052,18,C,,
15246053,19,C,,
15246055,21,C,,
15246056,22,C,,
15246058,24,C,,
15246059,25,C,,
15246061,27,C,,
15246062,28,C,,
15246064,30,C,,
15246065,31,C,,
15246067,33,C,,
15246071,37,A,,
15246076,42,A,0.0438602,0.6844017798658325
15246077,43,C,0.0400739,0.6159844600546609
15246079,45,C,0.0313629,0.45857926953222056
15246082,48,C,0.0149598,0.1621801097734511
15246085,51,C,0.010362,0.07909922526144603
15246087,53,C,0.0473027,0.7466067354821223
15246089,55,C,0.0365324,0.551990603753981
15246090,56,A,0.0299147,0.4324107243692543
15246091,57,C,0.0432874,0.6740514534818061
15246094,60,C,0.0551652,0.8886797822600682
15246097,63,C,0.0278407,0.3949341585164773
15246100,66,C,0.0104428,0.08055925733517043
15246101,67,A,0.0317711,0.4659553226571499
15246103,69,C,0.0304075,0.44131547444266256
15246104,70,A,0.0269309,0.37849434192397174
15246105,71,C,0.0560553,0.9047636256860841
15246106,72,A,0.0327139,0.4829914394777855
15246107,73,A,0.0415895,0.6433709032593229
15246108,74,A,0.0348409,0.5214256996363472
15246109,75,C,0.0613258,1.0
15246113,79,A,0.0181313,0.21948817563752174
15246114,80,C,0.0338008,0.5026314006279222
15246117,83,C,0.0261292,0.364007860321189
15246118,84,C,0.0277994,0.3941878797461206
15246119,85,A,0.0238348,0.3225487317326587
15246120,86,A,0.0365127,0.5516346305874913
15246121,87,C,0.0641573,1.0
15246122,88,A,0.00598455,0.0
15246129,95,A,0.0224261,0.2970939398730603
15246133,99,A,0.0290806,0.4173387843606713
15246135,101,C,0.0480644,0.7603704289295959
