chrom_coord,local_coord,ref,mmRate,DMS_signal
154974659,1,C,,
154974661,3,A,,
154974664,6,C,,
154974665,7,C,,
154974666,8,A,,
154974667,9,A,,
154974668,10,A,,
154974678,20,A,,
154974680,22,C,0.0208055,0.17278034620330415
154974682,24,C,0.018053,0.1351305214442596
154974686,28,C,0.0252542,0.23363149076481604
154974694,36,A,0.0268735,0.25578094080380637
154974699,41,C,0.0429185,0.47525103644735567
154974704,46,A,0.028597,0.2793556812115133
154974711,53,C,0.0328627,0.33770367666097967
154974714,56,C,0.0337301,0.3495683298838662
154974716,58,C,0.0426814,0.47200788533005533
154974721,63,C,0.0207526,0.17205675829058717
154974724,66,A,0.0400467,0.4359693773218247
154974725,67,A,0.0439023,0.4887078566464286
154974728,70,C,0.0343226,0.35767278807450525
154974730,72,A,0.0321197,0.3275406176978661
154974732,74,C,0.0391657,0.42391869771684076
154974733,75,A,0.0233325,0.20734568940624892
154974734,76,A,0.0392824,0.4255149682161616
154974735,77,A,0.0337034,0.34920311632489565
154974736,78,C,0.0453669,0.5087412565890613
154974737,79,C,0.0376926,0.40376903128539715
154974739,81,A,0.0336335,0.3482469954345569
154974741,83,C,0.0269157,0.25635816972472614
154974743,85,A,0.0244296,0.22235227350911824
154974745,87,C,0.0439027,0.4887133280106079
154974746,88,A,0.0308511,0.3101881862031072
154974750,92,C,0.0258277,0.24147605915693662
154974752,94,C,0.158551,1.0
154974753,95,A,0.0423682,0.46772380717763656
154974754,96,C,0.0402739,0.43907711217568657
154974755,97,A,0.0345179,0.3603441816350652
154974756,98,A,0.0298863,0.2969912558025527
154974757,99,A,0.0287919,0.2820216034078939
154974758,100,C,0.0812818,1.0
154974759,101,A,0.00817389,0.0
