chrom_coord,local_coord,ref,mmRate,DMS_signal
208779,2,C,,
208784,7,C,,
208785,8,C,,
208786,9,A,,
208790,13,C,0.0,0.0
208795,18,C,0.003367,0.08151022690684788
208796,19,C,0.00566623,0.13717127799417542
208799,22,C,0.0147577,0.3572626895227766
208801,24,A,0.0263961,0.6390116128469994
208802,25,A,0.014135,0.3421880182145217
208803,26,C,0.029122,0.7050017309121543
208806,29,C,0.0217076,0.5255097717858898
208809,32,C,0.00538907,0.1304616330611484
208810,33,C,0.009851,0.23847854032056975
208811,34,C,0.0136422,0.33025803905809326
208814,37,A,0.034124,0.8260929560348312
208815,38,A,0.0431412,1.0
208816,39,C,0.0354545,0.858302447243492
208819,42,C,0.0186813,0.45224740181612627
208822,45,A,0.0264785,0.6410063983228308
208825,48,A,0.0308033,0.7457035855300584
208826,49,A,0.0332286,0.8044166099782848
208830,53,C,0.0146681,0.35509360240342597
208831,54,C,0.0138757,0.33591073819166883
208832,55,C,0.0229469,0.5555114421766402
208835,58,C,0.0100581,0.2434921334279081
208836,59,C,0.00937211,0.22688530225599582
208837,60,C,0.0189675,0.4591758921460164
208839,62,C,0.0113418,0.2745686639536939
208840,63,C,0.00760875,0.18419689307320425
208843,66,C,0.0183653,0.44459749635055934
208844,67,C,0.0128089,0.3100850446769004
208845,68,C,0.014128,0.34201855828332245
208846,69,C,0.0156807,0.37960719187948005
208849,72,C,0.0241964,0.5857600398957095
208851,74,C,0.0333037,0.806234672954437
208853,76,C,0.0189416,0.458548890400579
208854,77,C,0.0261022,0.6318967165927901
208855,78,A,0.0526506,1.0
208859,82,A,0.0413077,1.0
208861,84,C,0.02215,0.5362196394376835
208862,85,C,0.0145921,0.35325375172183393
208863,86,C,0.0173228,0.4193600708826683
208864,87,C,0.0166422,0.4028837238577795
208868,91,C,0.0280299,0.6785635607889086
208874,97,C,0.0380109,0.9201892141174647
208875,98,A,0.0351708,0.8514344783176018
208877,100,A,0.0357622,0.86575142164778
208878,101,A,0.0196168,0.47489451119282844
