chrom_coord,local_coord,ref,mmRate,DMS_signal
21630054,3,C,,
21630053,4,C,,
21630052,5,C,,
21630051,6,A,,
21630050,7,C,,
21630048,9,C,,
21630047,10,C,,
21630046,11,C,,
21630045,12,C,,
21630040,17,A,,
21630038,19,C,,
21630036,21,C,,
21630034,23,A,,
21630032,25,C,,
21630026,31,A,,
21630025,32,C,,
21630024,33,C,,
21630023,34,C,,
21630022,35,A,,
21630019,38,C,,
21630016,41,C,,
21630015,42,C,,
21630014,43,A,,
21630010,47,C,0.0402523,0.8001312652130932
21630009,48,C,0.0150725,0.1983046423716077
21630008,49,C,0.0486146,1.0
21630006,51,C,0.0147299,0.1901161023122946
21630005,52,C,0.00839754,0.0387653039176882
21630004,53,C,0.0177611,0.2625653218913663
21630002,55,C,0.0493705,1.0
21630000,57,C,0.0264957,0.4713324614187351
21629999,58,A,0.0155392,0.20945931734440817
21629996,61,C,0.0188385,0.28831643998799206
21629994,63,C,0.0197809,0.3108409004430321
21629993,64,C,0.0358084,0.6939168660024053
21629985,72,C,0.0182362,0.2739207666729766
21629984,73,A,0.0289529,0.5300624107291386
21629983,74,C,0.0351277,0.6776473411384986
21629982,75,C,0.0184005,0.277847728528625
21629980,77,C,0.0150948,0.19883763841166222
21629977,80,A,0.0425504,0.8550585387399687
21629976,81,C,0.0226745,0.3800013193444579
21629974,83,A,0.0291516,0.5348115727541984
21629973,84,C,0.0261732,0.46362433483050247
21629965,92,A,0.0322714,0.6093784357928591
21629964,93,C,0.0291381,0.5344889069900399
21629961,96,C,0.0203798,0.325155309787815
21629960,97,C,0.00677564,0.0
21629959,98,C,0.0248025,0.43086300424293533
21629957,100,C,0.0421229,0.8448407895416138
