chrom_coord,local_coord,ref,mmRate,DMS_signal
65499041,2,C,,
65499045,6,A,0.00480633,0.022629521193250676
65499048,9,C,0.00392968,0.0
65499049,10,A,0.0244871,0.5306616911749901
65499053,14,A,0.0253053,0.5517824055311386
65499056,17,C,0.0229782,0.4917115006445663
65499057,18,A,0.0273913,0.6056296435498701
65499059,20,C,0.0265377,0.5835951265926366
65499060,21,C,0.0168837,0.33439031555101006
65499061,22,A,0.0250496,0.5451818596244322
65499063,24,C,0.0399743,0.9304425850597919
65499065,26,C,0.0291083,0.6499516510657674
65499066,27,A,0.0191169,0.39203732031775546
65499071,32,C,0.0159732,0.3108870028875129
65499074,35,C,0.0142196,0.26562021641117195
65499077,38,C,0.0163754,0.32126924599927403
65499080,41,A,0.0621742,1.0
65499086,47,C,0.0167943,0.3320825767787787
65499087,48,A,0.0298237,0.668418723970178
65499090,51,C,0.0426689,1.0
65499093,54,A,0.0416126,0.9727330596744074
65499095,56,C,0.0431178,1.0
65499099,60,A,0.030358,0.6822109479746881
65499102,63,A,0.020727,0.4335998504874387
65499103,64,A,0.0332704,0.75739057213852
65499104,65,A,0.0392857,0.9126673175143949
65499105,66,C,0.0398945,0.9283826571624312
65499106,67,C,0.0257174,0.5624202036076101
65499108,69,C,0.0213368,0.449341003768274
65499109,70,A,0.0262676,0.5766228643736243
65499111,72,A,0.0350183,0.8025102209079068
65499113,74,A,0.0240584,0.5195953867940553
65499114,75,A,0.0197751,0.4090278534260627
65499123,84,C,0.0138018,0.2548352806277462
65499125,86,C,0.0320868,0.7268375563576137
65499130,91,A,0.0411208,0.960037915063855
65499131,92,A,0.039993,0.9309252999931336
65499132,93,A,0.0270927,0.5979216927960862
65499134,95,A,0.0372799,0.8608903328461439
65499136,97,A,0.0146008,0.2754603732341539
65499138,99,A,0.0290181,0.6476232613872969
65499140,101,A,0.0367941,0.8483500700323858
