chrom_coord,local_coord,ref,mmRate,DMS_signal
125816617,2,A,,
125816613,6,C,,
125816612,7,C,,
125816609,10,C,,
125816606,13,C,,
125816599,20,A,,
125816598,21,C,,
125816597,22,C,,
125816594,25,C,,
125816593,26,C,,
125816592,27,C,,
125816591,28,C,,
125816590,29,A,,
125816588,31,C,,
125816585,34,A,,
125816584,35,A,,
125816583,36,A,,
125816579,40,C,,
125816576,43,A,,
125816573,46,A,,
125816572,47,A,,
125816570,49,A,,
125816567,52,C,,
125816562,57,A,,
125816560,59,A,,
125816558,61,C,,
125816556,63,A,,
125816555,64,A,,
125816552,67,A,,
125816551,68,A,,
125816549,70,A,,
125816547,72,C,,
125816541,78,C,,
125816540,79,C,,
125816536,83,C,,
125816534,85,C,,
125816530,89,C,,
125816528,91,C,,
125816527,92,A,,
125816523,96,C,0.0175107,0.2906245878507898
125816522,97,C,0.00785904,0.0
125816521,98,C,0.0193363,0.3455958826933767
125816519,100,A,0.0410691,1.0
