chrom_coord,local_coord,ref,mmRate,DMS_signal
72231237,2,C,,
72231234,5,C,,
72231231,8,C,0.0137095,0.15289835825655826
72231230,9,C,0.0104812,0.06680842984216177
72231229,10,C,0.0253843,0.4642333321599737
72231227,12,C,0.0273109,0.5156104830081527
72231226,13,A,0.0277221,0.5265760619704548
72231224,15,C,0.0347866,0.7149669485929819
72231220,19,A,0.0220088,0.3742179824828076
72231218,21,A,0.0347248,0.7133189116769549
72231217,22,A,0.027387,0.517639861799571
72231216,23,C,0.0454751,1.0
72231215,24,C,0.0339373,0.6923184412664176
72231211,28,A,0.0307984,0.6086125662548175
72231208,31,C,0.0149441,0.18582176240747791
72231205,34,A,0.030781,0.6081485558609846
72231202,37,C,0.0081584,0.0048657089918813885
72231201,38,A,0.0256699,0.47184950276219517
72231196,43,C,0.00964607,0.04453779764666726
72231194,45,C,0.0261417,0.4844311179237082
72231193,46,C,0.0252125,0.45965189620247493
72231189,50,C,0.0147441,0.1804883096048018
72231188,51,A,0.0191868,0.29896296343704765
72231187,52,C,0.0301723,0.5919161922560399
72231186,53,A,0.0339686,0.6931531266300366
72231184,55,C,0.0236237,0.41728294713801595
72231183,56,A,0.0249945,0.45383843264755797
72231181,58,C,0.0163101,0.2222492450497558
72231178,61,C,0.0162342,0.2202251997111402
72231177,62,A,0.0464995,1.0
72231176,63,C,0.059377,1.0
72231174,65,C,0.0294612,0.5729531008161249
72231172,67,C,0.0210868,0.3496307650624707
72231171,68,C,0.0198852,0.3175873806239926
72231166,73,C,0.00797594,0.0
72231164,75,C,0.021006,0.3474760501301896
72231163,76,C,0.0224167,0.3850955594738656
72231160,79,A,0.0258249,0.4759829286842692
72231158,81,C,0.0320228,0.6412639643128005
72231156,83,C,0.0346607,0.7116095400536974
72231153,86,C,0.0286466,0.5512299475508252
72231150,89,C,0.0252625,0.460985259403144
72231145,94,C,0.0383974,0.8112571054924964
72231144,95,A,0.0309522,0.6127139914600754
72231142,97,C,0.0201879,0.325659561440843
72231139,100,A,0.0394639,0.8396977425627669
