chrom_coord,local_coord,ref,mmRate,DMS_signal
21001828,1,A,,
21001826,3,C,,
21001824,5,C,,
21001822,7,C,,
21001818,11,C,,
21001816,13,C,,
21001815,14,C,,
21001813,16,C,,
21001809,20,C,,
21001807,22,C,,
21001806,23,A,,
21001805,24,C,,
21001801,28,C,,
21001799,30,C,,
21001798,31,A,,
21001795,34,C,,
21001793,36,C,,
21001791,38,A,,
21001783,46,C,,
21001781,48,C,,
21001779,50,C,,
21001778,51,C,,
21001776,53,C,,
21001771,58,C,,
21001769,60,C,,
21001768,61,A,,
21001767,62,A,,
21001766,63,C,,
21001763,66,C,,
21001760,69,A,,
21001758,71,A,,
21001755,74,C,,
21001752,77,C,,
21001750,79,C,,
21001748,81,C,,
21001747,82,C,,
21001743,86,C,,
21001741,88,C,,
21001740,89,A,,
21001738,91,A,,
21001736,93,A,,
21001735,94,C,0.0245384,1.0
21001732,97,A,0.00863095,0.0
21001729,100,A,0.019988,0.7139453526492304
