chrom_coord,local_coord,ref,mmRate,DMS_signal
50968703,1,A,,
50968705,3,C,,
50968706,4,C,,
50968708,6,C,,
50968709,7,C,,
50968712,10,A,,
50968713,11,A,,
50968714,12,A,,
50968715,13,A,,
50968716,14,C,,
50968718,16,C,,
50968721,19,C,,
50968722,20,C,,
50968726,24,A,,
50968727,25,A,,
50968728,26,A,,
50968729,27,A,,
50968736,34,C,,
50968745,43,C,0.0382214,0.7143252284747791
50968746,44,A,,
50968747,45,A,,
50968748,46,C,0.0422573,0.7897527426318052
50968750,48,C,0.0118224,0.22095052983721758
50968751,49,A,0.0107185,0.2003195843534491
50968752,50,A,0.0182815,0.34166557646663054
50968753,51,A,0.0177199,0.33116975349019756
50968754,52,A,0.0472955,0.8839123852953819
50968755,53,A,0.0376338,0.7033434877679556
50968757,55,C,0.053507,1.0
50968759,57,C,0.050396,0.9418580746444392
50968761,59,C,0.0553834,1.0
50968762,60,A,0.0152803,0.2855757190647953
50968763,61,A,0.00524933,0.09810548152578168
50968771,69,C,0.00678834,0.12686826022763378
50968776,74,C,0.017311,0.32352776272263445
50968777,75,A,0.0,0.0
50968778,76,A,0.00191571,0.03580297904947016
50968779,77,A,0.0058087,0.10855962771226195
50968780,78,A,0.0264253,0.4938662231109948
50968781,79,A,0.016493,0.3082400433588129
50968782,80,A,0.00439628,0.08216270768310688
50968783,81,A,0.0298451,0.5577793559721158
50968785,83,C,0.0227407,0.4250042050572822
50968788,86,A,0.0244316,0.45660567776178823
50968791,89,A,0.0412647,0.7712018988169772
50968795,93,C,0.0291508,0.544803483656344
50968798,96,A,0.0,0.0
50968799,97,A,0.00450613,0.08421571009400639
50968800,98,A,0.0149325,0.2790756349636496
50968801,99,A,0.022944,0.42880370792606576
50968802,100,A,0.0281392,0.5258975461154616
50968803,101,A,0.0101948,0.19053207991477752
