chrom_coord,local_coord,ref,mmRate,DMS_signal
116571013,2,C,,
116571006,9,C,,
116571001,14,C,,
116571000,15,A,,
116570999,16,C,,
116570997,18,C,,
116570995,20,C,,
116570993,22,C,,
116570992,23,A,,
116570990,25,A,,
116570987,28,C,,
116570986,29,C,,
116570983,32,C,,
116570982,33,C,,
116570981,34,C,,
116570979,36,A,,
116570978,37,C,,
116570976,39,A,,
116570974,41,C,,
116570973,42,C,,
116570972,43,A,,
116570965,50,C,,
116570960,55,A,,
116570958,57,C,,
116570956,59,A,,
116570955,60,C,,
116570953,62,C,,
116570948,67,C,,
116570944,71,C,0.00949823,0.08627826923682727
116570943,72,C,0.00879439,0.0694811567059102
116570942,73,C,0.00588296,0.0
116570934,81,C,0.0185076,0.301286512193562
116570933,82,C,0.0477854,1.0
116570931,84,C,0.0230877,0.41059040953223724
116570930,85,A,0.0277886,0.5227771938817883
116570928,87,C,0.0316867,0.6158051893875393
116570922,93,C,0.0276199,0.518751175349216
116570919,96,C,0.0374465,0.7532625785037816
116570918,97,C,0.0290857,0.5537324318106535
116570915,100,C,0.0227804,0.4032567077239416
