chrom_coord,local_coord,ref,mmRate,DMS_signal
28737725,2,C,,
28737722,5,C,,
28737721,6,C,,
28737720,7,C,,
28737719,8,C,,
28737718,9,C,,
28737716,11,C,,
28737715,12,C,,
28737714,13,C,,
28737711,16,C,,
28737709,18,C,,
28737708,19,A,,
28737704,23,C,,
28737703,24,C,,
28737702,25,A,,
28737701,26,C,,
28737700,27,C,,
28737697,30,C,,
28737694,33,A,,
28737692,35,C,,
28737688,39,A,,
28737687,40,C,,
28737684,43,A,,
28737683,44,C,,
28737682,45,C,0.00411645,0.5416716560103059
28737674,53,C,0.00759953,1.0
28737673,54,C,0.00190856,0.2511418469300075
28737669,58,A,0.00618479,0.8138384873801405
28737668,59,C,0.0,0.0
28737667,60,C,0.00170697,0.22461520646671568
28737659,68,C,0.001618,0.21290790351508582
28737657,70,C,,
28737654,73,C,,
28737653,74,A,,
28737648,79,A,,
28737647,80,A,,
28737644,83,A,,
28737643,84,A,,
28737642,85,A,,
28737641,86,C,,
28737638,89,C,,
28737636,91,C,,
28737635,92,C,,
28737633,94,A,,
28737631,96,C,,
28737630,97,A,,
28737628,99,C,,
28737627,100,A,,
28737626,101,A,,
