chrom_coord,local_coord,ref,mmRate,DMS_signal
24793100,1,C,,
24793101,2,C,,
24793103,4,C,,
24793104,5,C,,
24793105,6,C,,
24793106,7,C,,
24793107,8,C,,
24793109,10,C,,
24793110,11,C,,
24793112,13,C,,
24793113,14,C,,
24793114,15,C,,
24793116,17,A,,
24793120,21,C,,
24793121,22,C,,
24793123,24,C,,
24793124,25,A,,
24793125,26,C,,
24793126,27,C,0.00172731,0.2483044439524928
24793128,29,C,0.00336934,0.48434970861448856
24793130,31,A,0.00336513,0.4837445122634919
24793133,34,A,0.0,0.0
24793134,35,C,0.00183861,0.2643040529467744
24793135,36,C,0.00325062,0.4672834590205882
24793136,37,A,0.000158712,0.022815183672061205
24793137,38,C,0.00409383,0.588496669263788
24793142,43,C,0.00167085,0.2401882002524287
24793144,45,C,0.00349788,0.5028276038537064
24793145,46,A,0.00176887,0.25427878132717696
24793148,49,C,0.00676014,0.9717843373459338
24793150,51,C,9.80393e-05,0.014093355490324045
24793151,52,C,0.0,0.0
24793152,53,C,0.00406042,0.5836939115234561
24793153,54,C,0.00417045,0.599510955347722
24793154,55,A,0.00348615,0.5011413916928535
24793156,57,C,1.665e-05,0.002393472504535379
24793158,59,C,0.00513718,0.7384804252762197
24793163,64,A,0.00349393,0.5022597830493272
24793167,68,A,0.00348519,0.501003389674574
24793168,69,A,0.00350209,0.503432800204703
24793170,71,C,0.000204981,0.029466449696826817
24793173,74,C,0.00254781,0.3662530439507678
24793180,81,C,0.00631264,0.9074552715333462
24793188,89,C,0.00762614,1.0
24793190,91,C,0.00695642,1.0
24793195,96,A,0.00613426,0.8818127715117834
