chrom_coord,local_coord,ref,mmRate,DMS_signal
97994653,1,A,0.0205576,0.4300489936732579
97994657,5,C,0.0262989,0.5618859716802974
97994658,6,A,0.0226075,0.47712067103145733
97994659,7,A,0.0378029,0.8260513340534504
97994660,8,A,0.0339587,0.7377773001491672
97994662,10,C,0.0463694,1.0
97994663,11,A,0.0183451,0.37924354650265635
97994664,12,A,0.0377679,0.825247632064311
97994665,13,A,0.0375109,0.8193461631726298
97994668,16,A,0.0477595,1.0
97994672,20,A,0.00182962,0.0
97994673,21,A,0.0243894,0.518038287444246
97994674,22,A,0.00688074,0.11598843403948886
97994675,23,A,0.0246213,0.5233633871951443
97994676,24,A,0.029414,0.633417745005107
97994680,28,A,0.0333799,0.724486365540198
97994684,32,C,0.0314603,0.6804067558729948
97994687,35,A,0.0305695,0.6599513921036968
97994688,36,A,0.0352433,0.7672754594419828
97994689,37,C,0.0413752,0.9080817516478188
97994690,38,A,0.0254047,0.5413525340034829
97994692,40,C,0.0276671,0.5933038305814577
97994695,43,A,0.0393149,0.8607712599842751
97994696,44,A,0.0402465,0.8821635106437699
97994703,51,A,0.0259798,0.5545585058307431
97994704,52,A,0.0239972,0.5090322325830889
97994705,53,C,0.0276347,0.5925598321686544
97994708,56,A,0.0355945,0.775340034830148
97994710,58,A,0.0301565,0.6504677086318512
97994714,62,C,0.00830896,0.14878452703745346
97994715,63,C,0.0253282,0.5395958710843639
97994717,65,C,0.0221178,0.4658757320576975
97994718,66,A,0.0180729,0.3729930413185489
97994723,71,A,0.0286645,0.6162070409805348
97994724,72,A,0.038051,0.8317484330107504
97994726,74,A,0.0187604,0.3887800446766454
97994727,75,A,0.0332872,0.7223577034146773
97994728,76,A,0.033918,0.7368427095503678
97994732,80,A,0.0268624,0.5748255737054427
97994735,83,C,0.0335742,0.7289480597256207
97994739,87,A,0.0386419,0.845317218878822
97994741,89,C,0.0453781,1.0
97994743,91,C,0.0422637,0.9284843007149733
97994744,92,A,0.0373622,0.8159315778644858
97994749,97,C,0.0325856,0.7062469229695273
97994750,98,A,0.0177587,0.36577809374747405
97994751,99,A,0.0267735,0.5727841706530284
97994752,100,A,0.0316459,0.6846686727068315
