chrom_coord,local_coord,ref,mmRate,DMS_signal
29213175,2,C,,
29213173,4,C,,
29213172,5,C,,
29213163,14,A,0.0182733,0.43742350324727985
29213162,15,A,0.0191793,0.46071476406286993
29213158,19,C,0.0131614,0.30600783419295907
29213155,22,C,0.0162064,0.3842880650797931
29213154,23,C,0.0163608,0.3882573483799334
29213153,24,C,0.0147005,0.34557469900672794
29213148,29,A,0.00248203,0.03146479664749808
29213147,30,C,0.0067775,0.14189185194059134
29213146,31,C,0.012847,0.29792530394966826
29213143,34,C,0.0252724,0.6173549199960615
29213138,39,C,0.019732,0.4749234614721156
29213131,46,A,0.0168258,0.40021147230846466
29213129,48,C,0.0194966,0.46887184690700534
29213126,51,C,0.0122728,0.28316388898243666
29213122,55,C,0.0166235,0.3950107857047187
29213120,57,C,0.0157095,0.3715138625419712
29213119,58,C,0.00940243,0.20937301005611753
29213118,59,A,0.0272207,0.667441413866938
29213111,66,C,0.0408631,1.0
29213107,70,A,0.0361943,0.8981328686735368
29213105,72,C,0.0282129,0.6929486864731503
29213104,73,A,0.0203886,0.4918031986150697
29213102,75,C,0.0334272,0.8269968335710876
29213101,76,C,0.01049,0.2373320349183816
29213100,77,C,0.0397179,0.98871684947907
29213098,79,C,0.0259032,0.6335713960694326
29213096,81,C,0.0200157,0.48221676245818945
29213095,82,A,0.00125809,0.0
29213092,85,C,0.0168588,0.4010598294904895
29213091,86,C,0.020403,0.4921733908399533
29213090,87,C,0.0313421,0.7733935135638172
29213086,91,C,0.0401568,1.0
29213084,93,C,0.0391792,0.9748680611773499
29213082,95,C,0.0330266,0.8166982915371743
29213081,96,C,0.0111888,0.2552966409425917
29213080,97,C,0.0180776,0.43239248807993885
29213077,100,C,0.0300095,0.7391353080860522
29213076,101,C,0.0293725,0.722759443693634
