chrom_coord,local_coord,ref,mmRate,DMS_signal
21952862,4,C,,
21952857,9,C,,
21952856,10,C,,
21952853,13,C,,
21952852,14,C,,
21952849,17,C,,
21952848,18,A,,
21952846,20,C,,
21952845,21,A,,
21952843,23,C,,
21952839,27,C,,
21952835,31,A,,
21952834,32,C,,
21952833,33,A,,
21952832,34,C,,
21952829,37,A,,
21952827,39,C,,
21952826,40,C,,
21952824,42,C,,
21952822,44,A,,
21952819,47,A,,
21952817,49,A,,
21952816,50,C,,
21952815,51,A,,
21952813,53,C,,
21952810,56,A,,
21952807,59,C,,
21952806,60,C,,
21952805,61,C,,
21952803,63,C,0.0334547,1.0
21952800,66,A,,
21952798,68,A,,
21952797,69,C,0.0185607,0.0
21952796,70,C,0.0208674,0.15487444608567222
21952795,71,A,,
21952788,78,A,,
21952785,81,A,,
21952782,84,C,,
21952781,85,C,,
21952773,93,A,,
21952772,94,C,,
21952768,98,A,,
21952765,101,A,,
