chrom_coord,local_coord,ref,mmRate,DMS_signal
32928169,1,C,,
32928170,2,C,,
32928172,4,C,,
32928174,6,C,,
32928175,7,C,,
32928176,8,C,,
32928178,10,C,,
32928180,12,C,,
32928181,13,C,,
32928182,14,C,,
32928185,17,A,,
32928186,18,C,,
32928191,23,C,,
32928192,24,C,0.0140418,0.15266561252087185
32928193,25,A,0.0201006,0.29922042072463206
32928195,27,C,0.0278431,0.48650183000000236
32928198,30,C,0.00773037,0.0
32928203,35,C,0.0185706,0.2622116307741876
32928204,36,A,0.0490719,1.0
32928207,39,C,0.0189436,0.27123403512158356
32928209,41,C,0.024117,0.39637212265728916
32928213,45,A,0.0277797,0.48496826314846114
32928216,48,C,0.0339603,0.6344692612972959
32928218,50,C,0.0232883,0.37632690420504517
32928219,51,C,0.0191436,0.2760717854419031
32928220,52,C,0.024323,0.4013550054872183
32928224,56,A,0.0181232,0.2513895833076327
32928226,58,C,0.0229453,0.3680301624056971
32928227,59,C,0.0266194,0.4569020546651273
32928228,60,A,0.0342892,0.6424249416990614
32928229,61,C,0.0449187,0.8995392768482443
32928230,62,A,0.0297723,0.5331667695898047
32928232,64,C,0.0497339,1.0
32928233,65,C,0.0115805,0.09312983820385941
32928236,68,A,0.0186063,0.2630751692063646
32928245,77,A,,
32928247,79,C,,
32928248,80,C,,
32928249,81,C,,
32928250,82,C,,
32928252,84,C,,
32928253,85,C,,
32928257,89,C,,
32928258,90,C,,
32928262,94,C,,
32928266,98,C,,
32928267,99,C,,
32928269,101,C,,
