chrom_coord,local_coord,ref,mmRate,DMS_signal
61333138,3,C,,
61333137,4,C,,
61333134,7,C,,
61333133,8,C,,
61333132,9,C,,
61333128,13,A,,
61333125,16,C,,
61333124,17,C,,
61333123,18,C,,
61333122,19,C,,
61333120,21,C,,
61333118,23,C,,
61333117,24,C,,
61333116,25,C,,
61333115,26,C,,
61333112,29,C,,
61333111,30,C,,
61333109,32,C,,
61333107,34,C,,
61333103,38,C,,
61333102,39,C,,
61333099,42,C,0.00292398,0.0
61333098,43,A,0.0242095,0.8422497113431269
61333097,44,A,0.0265835,0.9361868486425015
61333096,45,C,0.0281962,1.0
61333091,50,C,0.0129672,0.3974015737438183
61333089,52,C,0.0279078,0.9885882601528476
61333083,58,C,0.024356,0.8480465902876755
61333080,61,A,0.0381925,1.0
61333077,64,C,0.016945,0.5547996970586676
61333076,65,A,0.00893559,0.23787423502960958
61333074,67,C,0.00860138,0.2246498328995237
61333071,70,C,0.0081909,0.20840749249571267
61333070,71,A,0.0228209,0.787304004159508
61333065,76,A,0.0261165,0.9177080604711418
61333061,80,C,0.00936984,0.2550571338806009
61333059,82,C,0.013135,0.40404127536085077
61333056,85,C,0.00929254,0.25199843939313604
61333054,87,C,0.00956486,0.26277390747627233
61333052,89,C,0.0128663,0.39340904756289713
61333042,99,C,0.0123414,0.3726392062114053
61333041,100,C,0.00497581,0.08118914760950956
61333040,101,A,0.0125164,0.379563805633221
