chrom_coord,local_coord,ref,mmRate,DMS_signal
43409185,1,C,,
43409181,5,C,0.0180098,0.2111257958181298
43409178,8,C,0.00989943,0.0
43409177,9,C,0.0205162,0.27637136348502545
43409174,12,C,0.0207449,0.28232478725035387
43409173,13,C,0.0169972,0.1847662116258626
43409170,16,C,0.013771,0.10078310820783722
43409168,18,C,0.01507,0.13459813868952308
43409167,19,C,0.0127902,0.07525132845692305
43409164,22,C,0.0343543,0.6365990565632527
43409159,27,A,0.0142714,0.11380931394535501
43409158,28,A,0.0219152,0.3127895525873184
43409156,30,C,0.0131327,0.0841671467325023
43409155,31,A,0.023726,0.3599275488892713
43409152,34,A,0.0248951,0.39036107632278855
43409151,35,C,0.0321937,0.5803552114064163
43409148,38,C,0.0437422,0.8809809847072242
43409146,40,C,0.0434499,0.8733719520591896
43409145,41,C,0.0308273,0.5447856520144413
43409143,43,C,0.0647592,1.0
43409140,46,C,0.037345,0.7144517214297486
43409137,49,C,0.0325742,0.5902602299578262
43409136,50,C,0.0164683,0.17099810568147183
43409134,52,C,0.0420843,0.8378232179361794
43409133,53,A,0.0290088,0.4974472124987017
43409132,54,A,0.0483143,1.0
43409122,64,C,,
43409115,71,C,,
43409114,72,C,,
43409113,73,A,,
43409112,74,C,,
43409111,75,C,,
43409109,77,A,,
43409108,78,A,,
43409106,80,C,,
43409104,82,C,,
43409100,86,C,,
43409099,87,A,,
43409098,88,C,,
43409096,90,C,,
43409095,91,C,,
43409092,94,C,,
43409091,95,A,,
43409087,99,A,,
43409085,101,C,,
