chrom_coord,local_coord,ref,mmRate,DMS_signal
68956136,3,A,,
68956137,4,C,,
68956139,6,A,,
68956141,8,A,,
68956143,10,C,,
68956144,11,C,,
68956151,18,A,,
68956152,19,C,,
68956153,20,C,,
68956154,21,C,,
68956155,22,A,,
68956164,31,A,,
68956165,32,A,0.0239981,0.5030026824990592
68956166,33,C,0.0235539,0.49322773514777946
68956168,35,A,0.0286986,0.606440638430375
68956169,36,C,0.0178019,0.3666507491852376
68956170,37,C,0.0162854,0.3332790525210869
68956172,39,C,0.00990975,0.19297819011634432
68956175,42,C,0.00582387,0.10306539884293846
68956176,43,C,0.00875152,0.1674904880211783
68956178,45,C,0.00833626,0.15835238663195628
68956180,47,C,0.0119852,0.23864999218796415
68956181,48,C,0.00720663,0.13349404854905186
68956182,49,A,0.0181544,0.3744077706650353
68956183,50,C,0.038136,0.8141175590358849
68956185,52,C,0.0128211,0.2570445858190644
68956191,58,A,0.0326317,0.692991393557161
68956193,60,A,0.035678,0.7600274631568987
68956194,61,A,0.0317671,0.6739652353403296
68956196,63,A,0.0381238,0.8138490890726123
68956197,64,C,0.00185859,0.015806499173684666
68956198,65,C,0.0011403,0.0
68956202,69,C,0.0132828,0.26720463352749724
68956205,72,C,0.0102985,0.20153291947881616
68956206,73,C,0.00478762,0.08026195626580288
68956211,78,C,0.0388898,0.8307054818485698
68956212,79,A,0.0374488,0.7989952181538509
68956213,80,A,0.0279506,0.5899803488789178
68956214,81,C,0.0100859,0.19685450028277368
68956215,82,C,0.00835528,0.1587709357058449
68956218,85,C,0.046583,1.0
68956220,87,C,0.0175845,0.3618667024626617
68956223,90,A,0.0526785,1.0
68956224,91,A,0.0361998,0.7715100555204686
68956226,93,A,0.035557,0.7573647692588689
68956229,96,C,0.0175882,0.3619481236810312
68956230,97,C,0.0181103,0.3734373177650095
68956234,101,A,0.0258454,0.5436538762001377
