chrom_coord,local_coord,ref,mmRate,DMS_signal
110256604,1,A,,
110256602,3,C,0.0140768,0.3323702693814558
110256600,5,A,0.0272472,0.6457963967180308
110256599,6,C,0.020383,0.4824437557000117
110256595,10,C,0.00841297,0.1975837554720291
110256593,12,C,0.00980427,0.23069359047805602
110256590,15,A,0.0467901,1.0
110256586,19,C,0.010639,0.2505583015932582
110256585,20,C,0.00562353,0.13120130872494962
110256582,23,C,0.0200317,0.4740835997037368
110256581,24,C,0.030061,0.7127585571003772
110256577,28,C,0.010823,0.254937090956522
110256575,30,C,0.0034285,0.07896449342035733
110256573,32,C,0.0329623,0.7818030222071017
110256571,34,C,0.0055065,0.12841625590330416
110256569,36,C,0.00101626,0.02155856486796867
110256568,37,C,0.000110353,0.0
110256567,38,C,0.00516147,0.12020531191413614
110256566,39,C,0.0162067,0.38305713603806235
110256565,40,C,0.0214185,0.50708634475251
110256563,42,C,0.015793,0.37321199930120236
110256562,43,C,0.0204365,0.48371693630291723
110256561,44,A,0.0234549,0.5555481200750668
110256560,45,C,0.0405901,0.9633276390826655
110256559,46,A,0.017885,0.4229969305400497
110256558,47,C,0.0262971,0.6231861370765256
110256556,49,C,0.0132911,0.3136723628449537
110256555,50,A,0.0141641,0.33444781455217826
110256554,51,C,0.0104385,0.24578684905339737
110256552,53,C,0.0159354,0.37660080150407604
110256551,54,C,0.0323989,0.7683953595589341
110256547,58,C,0.00786945,0.18464919245724026
110256543,62,C,0.0220563,0.5222645613606061
110256542,63,C,0.0401259,0.9522807150477358
110256541,64,A,0.0320095,0.7591285085912444
110256536,69,A,0.0295567,0.7007573425574753
110256534,71,A,0.0274597,0.6508534224772349
110256533,72,A,0.0401522,0.9529065963534632
110256532,73,A,0.0355973,0.844510141621233
110256528,77,A,0.0332304,0.7881832038825964
110256526,79,A,0.0326159,0.773559475275392
110256524,81,A,0.029986,0.7109737244794815
110256522,83,C,0.0363158,0.8616088381294127
110256521,84,A,0.0413385,0.9811378888623756
110256520,85,A,0.0360732,0.8558354995450224
110256518,87,C,0.0421311,1.0
110256517,88,A,0.0364113,0.8638815250000197
110256515,90,C,0.041461,0.984053115476505
110256513,92,A,0.0149222,0.35248890268419075
110256510,95,C,0.0189534,0.4484224661689141
110256506,99,A,0.0441719,1.0
110256505,100,A,0.0256914,0.6087718288301729
