chrom_coord,local_coord,ref,mmRate,DMS_signal
3785276,1,A,,
3785273,4,C,,
3785267,10,C,,
3785264,13,A,,
3785258,19,A,,
3785255,22,C,,
3785251,26,C,,
3785250,27,A,,
3785248,29,C,,
3785245,32,A,,
3785243,34,C,,
3785238,39,A,,
3785237,40,A,,
3785235,42,A,,
3785231,46,A,,
3785230,47,A,,
3785223,54,C,,
3785222,55,A,,
3785215,62,A,,
3785214,63,C,,
3785208,69,C,,
3785207,70,A,,
3785204,73,C,,
3785203,74,A,,
3785200,77,C,0.0225683,0.12818573152500856
3785199,78,C,,
3785190,87,C,0.0398382,0.9058149168782982
3785189,88,A,0.0231954,0.1564227949784767
3785188,89,A,0.0197215,0.0
3785187,90,A,0.0305879,0.4892923398353777
3785185,92,A,0.0419299,1.0
