chrom_coord,local_coord,ref,mmRate,DMS_signal
35732525,1,C,,
35732527,3,C,,
35732528,4,A,,
35732534,10,A,,
35732538,14,A,,
35732539,15,A,,
35732540,16,C,,
35732542,18,C,,
35732543,19,C,,
35732544,20,A,,
35732545,21,A,,
35732548,24,C,,
35732549,25,C,,
35732550,26,C,,
35732551,27,A,,
35732552,28,C,,
35732553,29,A,,
35732557,33,C,,
35732558,34,C,,
35732559,35,A,,
35732560,36,C,,
35732572,48,C,,
35732575,51,C,,
35732576,52,A,,
35732577,53,C,,
35732581,57,C,,
35732583,59,C,,
35732586,62,C,,
35732592,68,A,,
35732595,71,C,,
35732598,74,A,,
35732601,77,A,,
35732603,79,A,,
35732604,80,A,,
35732608,84,A,0.0408986,1.0
35732610,86,C,0.023839,0.4373779747770566
35732611,87,C,0.010577,0.0
35732616,92,A,0.0238895,0.4390434541712839
35732619,95,C,0.0293934,0.6205609202680598
35732624,100,C,0.0125872,0.06629597382723867
35732625,101,C,0.0151847,0.15196097831249014
