chrom_coord,local_coord,ref,mmRate,DMS_signal
45688179,2,C,,
45688180,3,C,,
45688181,4,A,,
45688182,5,C,,
45688186,9,C,,
45688187,10,C,,
45688190,13,A,,
45688191,14,A,,
45688195,18,C,,
45688196,19,C,,
45688200,23,C,0.0244476,0.22164403523878914
45688201,24,C,0.0167832,0.018573226468834875
45688202,25,A,0.0332725,0.4554626747035836
45688207,30,A,0.0500813,0.9008173809366101
45688208,31,C,0.0538247,1.0
45688209,32,C,0.0229264,0.18133933894151152
45688214,37,C,0.0239065,0.2073074120686229
45688223,46,C,0.0230881,0.18562363383453664
45688233,56,C,0.0426945,0.7051016758296351
45688234,57,C,0.050211,0.9042538252632975
45688237,60,C,0.0493044,0.8802331589057427
45688239,62,C,0.0405715,0.6488520898191694
45688241,64,C,0.0177605,0.04446711267139159
45688242,65,C,0.0242552,0.21654633370868384
45688246,69,C,0.0205369,0.11802874743326486
45688247,70,A,0.0222,0.16209313108564616
45688248,71,A,0.0350299,0.5020255679936412
45688249,72,C,0.0247554,0.22979929787374972
45688251,74,C,0.0200455,0.10500894217394183
45688255,78,C,0.0305504,0.38333973637146446
45688256,79,A,0.0564341,1.0
45688257,80,A,0.0160822,0.0
45688260,83,C,0.0326982,0.4402464065708418
45688262,85,C,0.0441645,0.7440498112207724
45688263,86,A,0.0165694,0.012908524872491228
45688264,87,A,0.0400766,0.635739550904153
45688265,88,A,0.0334086,0.4590686891435383
45688268,91,C,0.0355016,0.5145234152480626
45688270,93,C,0.0492504,0.878802411075048
45688271,94,C,0.0222778,0.16415446777505463
45688272,95,A,0.0175798,0.03967940650460352
45688273,96,C,0.0477429,0.8388607008014838
45688274,97,A,0.031816,0.4168722262701198
