chrom_coord,local_coord,ref,mmRate,DMS_signal
24793384,5,A,,
24793386,7,C,,
24793387,8,A,,
24793391,12,C,,
24793396,17,C,,
24793397,18,C,,
24793398,19,C,,
24793401,22,A,,
24793403,24,C,,
24793405,26,C,,
24793406,27,C,,
24793408,29,C,,
24793409,30,C,,
24793410,31,A,,
24793413,34,C,,
24793420,41,A,,
24793421,42,C,,
24793424,45,C,,
24793425,46,A,,
24793428,49,A,,
24793430,51,C,,
24793432,53,C,,
24793433,54,A,,
24793434,55,A,,
24793435,56,A,,
24793437,58,C,0.0547455,1.0
24793438,59,A,0.0263245,0.37739793037003866
24793439,60,C,0.0319888,0.5014824067433186
24793441,62,C,0.0302143,0.4626094827589983
24793442,63,C,0.0155146,0.14059183232658776
24793446,67,A,0.0247032,0.34188106834931264
24793447,68,C,0.0269524,0.3911529650106443
24793448,69,C,0.00909676,0.0
24793465,86,A,0.0415855,0.7117116485580981
24793466,87,A,0.028283,0.4203016337362214
24793468,89,A,0.0297282,0.45196077701158893
24793469,90,C,0.0526706,0.9545463905465955
24793474,95,A,0.0277877,0.4094513890197187
24793478,99,C,0.0304331,0.4674026051978653
