chrom_coord,local_coord,ref,mmRate,DMS_signal
74872998,2,C,,
74872997,3,C,,
74872996,4,C,,
74872993,7,C,,
74872990,10,A,,
74872988,12,C,,
74872987,13,A,,
74872984,16,A,,
74872982,18,C,,
74872980,20,A,,
74872977,23,A,,
74872976,24,A,,
74872975,25,C,,
74872974,26,A,,
74872972,28,A,0.0169514,0.34424817939230484
74872970,30,C,0.0091739,0.18630310021160884
74872969,31,C,0.0192988,0.3919190606354764
74872968,32,A,0.0407931,0.8284242249470978
74872967,33,C,0.0408957,0.8305078205914487
74872963,37,C,0.0487684,0.9903862165883457
74872962,38,A,0.0526593,1.0
74872956,44,C,0.0194602,0.39519676372512785
74872953,47,C,0.0,0.0
74872951,49,C,0.0172022,0.3493414131896072
74872950,50,C,0.0109291,0.2219476136128249
74872949,51,C,0.0118538,0.2407263747466583
74872948,52,A,0.0181067,0.36770995373849047
74872946,54,C,0.0190198,0.3862531426552238
74872945,55,C,0.0260027,0.5280615249645626
74872944,56,A,0.0229491,0.4660491696079347
74872940,60,C,0.00521748,0.10595632166167768
74872937,63,C,0.0458024,0.9301528376298185
74872935,65,C,0.0492418,1.0
74872933,67,C,0.0165318,0.33572696367720106
74872930,70,C,0.0448283,0.9103708637783346
74872926,74,C,0.0277805,0.5641649980301289
74872924,76,C,0.0108704,0.22075553696249933
74872915,85,C,0.0228557,0.46415240710128386
74872910,90,C,0.0258785,0.5255392776056115
74872907,93,C,0.0244474,0.4964765707183734
74872902,98,C,0.0375083,0.7617166716082677
74872901,99,C,0.00888636,0.1804637523404912
74872899,101,C,0.0248294,0.504234207522877
