chrom_coord,local_coord,ref,mmRate,DMS_signal
747429,2,C,,
747430,3,C,0.0254433,0.43865346816147655
747432,5,C,0.00775318,0.0666517782884968
747434,7,C,0.0315588,0.5672549889209858
747436,9,C,0.0114647,0.14470052595088473
747437,10,C,0.00458363,0.0
747438,11,C,0.0161978,0.24423185747027523
747441,14,C,0.0393039,0.7301250140104265
747442,15,C,0.0364529,0.6701719544592271
747443,16,C,0.0246166,0.42126897348207404
747446,19,C,0.0576723,1.0
747448,21,C,0.0367332,0.6760663222572632
747449,22,C,0.0261055,0.4525787280824883
747451,24,C,0.0285047,0.5030309835981803
747452,25,C,0.0225018,0.37679730377359394
747454,27,C,0.0257654,0.4454268390774505
747455,28,C,0.019069,0.3046096984325355
747457,30,C,0.0283994,0.5008166527771556
747458,31,C,0.0186349,0.2954811038512743
747460,33,C,0.0487443,0.9286451344548823
747461,34,C,0.0408131,0.7618616529001739
747463,36,C,0.0173459,0.2683750029177436
747464,37,A,0.00667599,0.04399978382411357
747466,39,A,0.0108252,0.13125261939774827
747467,40,C,0.0076095,0.0636303627864567
747468,41,C,0.00982587,0.1102379259563943
747469,42,C,0.0371802,0.6854661881356868
747470,43,C,0.0475985,0.9045503552076833
747472,45,C,0.0412824,0.7717304606333826
747476,49,C,0.0147089,0.21292210286986105
747480,53,C,0.0373673,0.6894006733836804
747482,55,A,0.0281104,0.49473933456940516
747486,59,C,0.0178381,0.2787253697753726
747488,61,A,0.0344571,0.6282027098951146
747490,63,C,0.0357236,0.6548356632173155
747492,65,C,0.0418271,0.7831848385841151
747493,66,A,0.0289045,0.5114382909319473
747494,67,C,0.0521375,1.0
747495,68,C,0.0406002,0.7573846250578554
747496,69,C,0.0352844,0.6455998218441528
747500,73,A,0.0507769,0.9713882382233033
747501,74,A,0.0295245,0.5244761362219309
747503,76,C,0.0655877,1.0
747506,79,C,0.0333499,0.6049196416611309
747507,80,A,0.0345995,0.6311972085552657
747509,82,A,0.0435612,0.8196508507088908
747512,85,A,0.0266158,0.4633097159074539
747516,89,A,0.0217466,0.36091636705908475
747519,92,C,0.0208157,0.34134067321965594
747520,93,C,0.0201871,0.32812198039823043
747522,95,C,0.0454639,0.8596623156012329
747524,97,C,0.0446949,0.8434911816851078
747528,101,A,0.0223184,0.37294062502168585
