chrom_coord,local_coord,ref,mmRate,DMS_signal
98011269,2,A,0.00141844,0.0
98011271,4,A,0.0385504,0.8212389991188679
98011272,5,A,0.035402,0.7516065621339675
98011275,8,A,0.0257798,0.5387945829838884
98011277,10,A,0.0427664,0.9144832991850413
98011278,11,A,0.0348479,0.7393516601731832
98011280,13,A,0.0349422,0.7414372715337714
98011283,16,A,0.0394486,0.8411042814527002
98011286,19,A,0.0393337,0.8385630646411244
98011287,20,A,0.0383433,0.8166586161625812
98011289,22,A,0.0421985,0.9019231858056342
98011290,23,C,0.0583318,1.0
98011292,25,A,0.0464937,0.9969191340134682
98011295,28,A,0.0358936,0.7624791660031636
98011296,29,C,0.0555657,1.0
98011298,31,A,0.040174,0.8571477860229094
98011301,34,A,0.0419629,0.8967124749195834
98011304,37,A,0.0277931,0.5833222749486007
98011310,43,A,0.0417175,0.8912850196927715
98011311,44,A,0.044318,0.9487996786875733
98011313,46,A,0.0440015,0.9417997211517706
98011314,47,A,0.0394191,0.8404518367534706
98011316,49,A,0.0455211,0.9754083640314094
98011319,52,A,0.0319945,0.6762436701805791
98011325,58,A,0.0448104,0.9596899759723416
98011328,61,A,0.0417267,0.8914884939718533
98011329,62,A,0.0399786,0.8528261692693682
98011331,64,A,0.0438387,0.9381991110828016
98011332,65,A,0.0396036,0.8445323807198389
98011334,67,A,0.043495,0.9305975774175398
98011337,70,A,0.0424642,0.907799611452594
98011340,73,A,0.0408931,0.8730519549454866
98011341,74,A,0.04163,0.8893498023645481
98011343,76,A,0.0422064,0.9020979082844109
98011346,79,A,0.0422436,0.9029206521085243
98011347,80,A,0.0344252,0.7300029017201539
98011349,82,A,0.040139,0.8563736990916201
98011353,86,A,0.0356982,0.7581575492496222
98011355,88,A,0.046633,1.0
98011356,89,A,0.0386761,0.82401907704067
98011361,94,A,0.035436,0.7523585322957915
98011364,97,A,0.0442788,0.9479327013245291
98011367,100,A,0.0319127,0.6744345184383084
98011368,101,C,0.0439352,0.9403333793362139
