chrom_coord,local_coord,ref,mmRate,DMS_signal
121961955,3,A,,
121961960,8,C,,
121961965,13,C,,
121961967,15,A,,
121961968,16,C,,
121961970,18,C,,
121961971,19,A,,
121961973,21,C,,
121961974,22,C,,
121961976,24,C,,
121961980,28,C,,
121961983,31,A,,
121961985,33,A,,
121961987,35,A,,
121961988,36,C,,
121961989,37,C,,
121961994,42,C,,
121961995,43,A,,
121961996,44,C,,
121962000,48,C,,
121962001,49,A,,
121962004,52,C,,
121962005,53,A,,
121962007,55,C,,
121962010,58,C,,
121962013,61,A,0.017811,0.2525236273401084
121962015,63,C,0.0419691,1.0
121962016,64,A,0.0280682,0.5698919075296531
121962018,66,A,0.0261757,0.5113360179829236
121962021,69,C,0.031009,0.660883273436666
121962022,70,C,0.0143956,0.1468476510347452
121962025,73,C,0.0303999,0.6420370951947041
121962026,74,A,0.028181,0.5733820551338122
121962028,76,C,0.013625,0.12300449727796334
121962030,78,A,0.036175,0.8207246078611861
121962031,79,C,0.0324575,0.705701347945748
121962032,80,C,0.0134532,0.11768882920708983
121962033,81,A,0.0271819,0.5424688771966193
121962037,85,C,0.00964955,0.0
121962039,87,C,0.036869,0.8421976791137252
121962040,88,A,0.0223404,0.3926679053390285
121962042,90,C,0.0316651,0.6811836798470275
121962043,91,C,0.0295117,0.6145552769144371
121962047,95,A,0.0393375,0.9185755989795649
121962048,96,A,0.0439381,1.0
121962049,97,C,0.0340306,0.754374674152332
121962051,99,C,0.0358741,0.8114144534809425
