chrom_coord,local_coord,ref,mmRate,DMS_signal
86199457,2,A,,
86199458,3,A,,
86199459,4,A,,
86199460,5,C,,
86199461,6,C,,
86199462,7,C,,
86199463,8,A,,
86199464,9,A,,
86199465,10,A,0.0211911,0.4205118504403833
86199467,12,C,0.0276664,0.5962499365608117
86199470,15,C,0.0387085,0.8959298773744236
86199471,16,C,0.00929572,0.09767409545216332
86199473,18,C,0.00569679,0.0
86199474,19,C,0.0113325,0.1529518152563988
86199477,22,A,0.0197479,0.3813437492112507
86199480,25,C,0.0397603,0.924475476648815
86199482,27,A,0.0299305,0.657697066544791
86199483,28,A,0.0304603,0.6720757112448981
86199488,33,A,0.0250803,0.5260638039467181
86199489,34,A,0.0425431,1.0
86199491,36,A,0.02427,0.5040724566449123
86199495,40,C,0.00977299,0.11062708857413403
86199498,43,C,0.0138343,0.22085006612602456
86199499,44,C,0.00740112,0.04625510668503846
86199501,46,C,0.00973905,0.10970596512920834
86199504,49,C,0.0244549,0.5090905982172977
86199505,50,C,0.00917821,0.09448490228736606
86199510,55,C,0.0339012,0.7654609104683753
86199516,61,C,0.0445644,1.0
86199517,62,A,0.0291643,0.6369025826466748
86199521,66,A,0.0367841,0.8437021237676174
86199523,68,A,0.0378486,0.8725923979904637
86199525,70,C,0.0274862,0.5913593518591143
86199526,71,A,0.0161121,0.28266901081817963
86199528,73,C,0.0320652,0.7156323116208924
86199531,76,C,0.0139659,0.22442165850528858
86199532,77,A,0.0188059,0.3557780955542088
86199536,81,C,,
86199537,82,A,,
86199542,87,A,,
86199544,89,A,,
86199546,91,C,,
86199548,93,A,,
86199549,94,C,,
86199550,95,A,,
86199552,97,A,,
86199553,98,C,,
86199555,100,C,,
86199556,101,C,,
