chrom_coord,local_coord,ref,mmRate,DMS_signal
33440976,1,C,0.018234,0.35685563758648164
33440981,6,C,0.00892085,0.1491871223066019
33440982,7,C,0.0149148,0.28284272724819903
33440983,8,A,0.0207111,0.4120910497939292
33440985,10,C,0.0286335,0.5887480396902928
33440986,11,C,0.0211862,0.4226850283736225
33440988,13,A,0.0148893,0.2822741175791142
33440991,16,C,0.0106582,0.1879272795059919
33440992,17,C,0.0179732,0.3510402100689401
33440993,18,A,0.0258932,0.5276436837611546
33440994,19,A,0.0206025,0.40966944155617985
33440997,22,C,0.0176485,0.34379991361592716
33440998,23,C,0.0197692,0.3910881695072251
33440999,24,C,0.0265443,0.5421621839784526
33441003,28,C,0.00497965,0.06130459572632973
33441005,30,C,0.050242,1.0
33441007,32,A,0.0303615,0.6272797066776851
33441009,34,C,0.00223037,0.0
33441010,35,C,0.00373778,0.03361285887353296
33441011,36,C,0.00820758,0.13328232941765675
33441012,37,A,0.0470766,1.0
33441013,38,C,0.0340416,0.7093401162148969
33441014,39,C,0.0184812,0.3623678066138447
33441016,41,C,0.0168906,0.32689994231399155
33441017,42,C,0.0190929,0.3760077491463608
33441018,43,C,0.0260753,0.5317042257509718
33441019,44,A,0.0228034,0.4587460306027954
33441020,45,C,0.0273937,0.5611024605635747
33441021,46,C,0.0155536,0.29708695691923265
33441022,47,C,0.0290773,0.5986440777742076
33441024,49,C,0.0184585,0.36186163251626724
33441025,50,C,0.00521493,0.06655096760641865
33441027,52,C,0.018012,0.35190538870268473
33441032,57,C,0.00930638,0.15778383155061193
33441034,59,C,0.0260516,0.5311757532349989
33441035,60,C,0.0199281,0.3946313881902671
33441037,62,C,0.0182994,0.35831395414954614
33441039,64,C,0.0153654,0.292890394577203
33441040,65,C,0.0111507,0.19890925056576658
33441042,67,C,0.015205,0.28931372826656776
33441044,69,A,0.0318281,0.6599825670964984
33441047,72,C,0.0182914,0.3581355668023823
33441048,73,C,0.019427,0.3834576507322912
33441051,76,C,0.0352634,0.7365843238104964
33441053,78,C,0.0565308,1.0
33441057,82,C,0.0289348,0.5954665531528515
33441063,88,C,0.0310991,0.6437270200861923
33441065,90,C,0.0308801,0.6388436664575818
33441067,92,C,0.0270268,0.5529211708542725
33441068,93,A,0.03434,0.7159939642641087
33441070,95,C,0.0368378,0.7716909537323425
33441072,97,C,0.0360998,0.7552347209564773
33441075,100,C,0.0351459,0.7339642596490273
