chrom_coord,local_coord,ref,mmRate,DMS_signal
130016439,3,C,,
130016436,6,C,,
130016433,9,C,0.00548649,0.0535054746870346
130016432,10,A,,
130016431,11,C,0.00301723,0.0
130016430,12,C,0.023956,0.4537144035916184
130016427,15,A,,
130016424,18,C,0.0181288,0.32744697849410415
130016422,20,C,0.027826,0.53757199130568
130016421,21,C,0.0566624,1.0
130016419,23,A,0.0281523,0.5446424643989871
130016416,26,C,0.00964643,0.14364566420518282
130016414,28,C,0.010718,0.16686511517850508
130016413,29,C,0.00705376,0.08746606422104428
130016410,32,C,0.00873701,0.12393978115119783
130016408,34,C,0.0121434,0.19775157655515196
130016406,36,C,0.0491669,1.0
130016405,37,C,0.0165111,0.2923936400845337
130016404,38,C,0.0169266,0.30139695473445427
130016402,40,C,0.0264227,0.5071644065927232
130016400,42,C,0.021471,0.3998678647106253
130016399,43,C,0.0189487,0.34521308603073436
130016397,45,C,0.0142372,0.24312134843001043
130016395,47,C,0.0283571,0.5490801992733643
130016393,49,C,0.0192027,0.3507169173690733
130016392,50,C,0.0232243,0.4378594689842853
130016391,51,C,0.0226042,0.4244227531854508
130016390,52,C,0.041272,0.8289283542005826
130016388,54,C,0.0207735,0.3847539971575095
130016386,56,C,0.0159653,0.28056690329529993
130016385,57,C,0.00345683,0.009525528568243286
130016384,58,C,0.0245989,0.4676451640932644
130016382,60,C,0.0490005,0.9963943404145685
130016381,61,C,0.011094,0.17501251904943202
130016380,62,C,0.0196329,0.36003876084054337
130016376,66,C,0.0179506,0.32358562910634037
130016375,67,C,0.0216396,0.4035211952761526
130016373,69,C,0.0287629,0.5578733282383168
130016372,70,C,0.00621905,0.06937904431385968
130016371,71,A,0.00554538,0.054781540149691214
130016367,75,A,,
130016366,76,C,,
130016362,80,C,,
130016361,81,C,,
130016356,86,C,,
130016354,88,C,,
130016351,91,A,,
130016350,92,A,,
130016347,95,C,,
130016345,97,C,,
130016344,98,C,,
130016342,100,C,,
130016341,101,C,,
