chrom_coord,local_coord,ref,mmRate,DMS_signal
69294134,3,A,,
69294138,7,C,,
69294142,11,C,,
69294143,12,C,,
69294147,16,A,,
69294150,19,C,0.0173291,0.23440332528898983
69294152,21,C,0.0214682,0.3437988207561507
69294153,22,C,0.0150023,0.1729065170811693
69294158,27,A,0.00846019,0.0
69294159,28,C,0.0351371,0.7050648177098544
69294163,32,C,0.0167886,0.22011803010404615
69294164,33,C,0.014802,0.16761263248256758
69294165,34,C,0.0204966,0.3181196481350752
69294167,36,C,0.0328646,0.6450031464651097
69294169,38,A,0.0389356,0.8054583306793431
69294170,39,A,0.0331693,0.6530562999208956
69294171,40,C,0.0298145,0.5643896795944404
69294172,41,C,0.0179387,0.25051491815622695
69294173,42,C,0.0514359,1.0
69294174,43,A,0.0264434,0.475292253881279
69294175,44,C,0.0462963,1.0
69294176,45,A,0.0412626,0.8669604248428289
69294178,47,C,0.0234171,0.3953078157347571
69294179,48,C,0.0177786,0.24628351064631113
69294180,49,C,0.0237612,0.4044023024565686
69294182,51,A,0.0369234,0.7522763307327314
69294183,52,C,0.0479191,1.0
69294184,53,A,0.0252348,0.4433492237970553
69294185,54,A,0.0319052,0.6196464171396056
69294186,55,A,0.0439676,0.9384529752133611
69294188,57,C,0.0354647,0.713723213089295
69294189,58,A,0.0258252,0.4589533649204424
69294192,61,A,0.0210204,0.3319635660219828
69294193,62,A,0.0274962,0.5031175245023868
69294194,63,A,0.0379311,0.7789096183513581
69294197,66,A,0.0179314,0.25032198077445067
69294200,69,C,0.0275685,0.5050283974753219
69294206,75,A,0.0277734,0.510443859054221
69294208,77,A,0.0292281,0.5488912575843553
69294211,80,C,0.0320301,0.6229474964524631
69294212,81,C,0.0303365,0.5781860238803619
69294213,82,A,0.0178946,0.24934936493207152
69294214,83,A,0.0203616,0.31455162806113
69294218,87,A,0.041951,0.885154684242117
69294225,94,A,0.029391,0.5531966684735825
69294226,95,A,0.0304602,0.5814553874592288
69294228,97,C,0.0381455,0.7845761628243495
69294229,98,A,0.0284473,0.5282548866677891
69294231,100,C,0.0302604,0.5761747177497898
69294232,101,C,0.0293318,0.5516320255967118
