chrom_coord,local_coord,ref,mmRate,DMS_signal
56688344,3,A,,
56688343,4,C,,
56688340,7,C,,
56688338,9,C,,
56688337,10,A,,
56688336,11,C,,
56688334,13,C,,
56688332,15,C,,
56688329,18,C,,
56688326,21,C,,
56688325,22,A,,
56688324,23,A,,
56688321,26,C,,
56688320,27,C,,
56688319,28,C,,
56688315,32,C,,
56688314,33,A,,
56688308,39,C,,
56688305,42,C,,
56688302,45,C,,
56688301,46,A,,
56688300,47,C,,
56688299,48,C,,
56688298,49,A,,
56688296,51,C,,
56688295,52,C,,
56688293,54,C,,
56688292,55,C,,
56688290,57,C,,
56688289,58,C,,
56688288,59,C,,
56688285,62,C,,
56688284,63,C,,
56688282,65,C,0.0306235,0.23548198011210153
56688281,66,A,0.0270593,0.16113286342766914
56688280,67,C,0.0478421,0.5946615156439369
56688279,68,C,0.0256662,0.13207283468262596
56688278,69,A,0.0229186,0.07475797216027973
56688277,70,C,0.0393981,0.4185199014574863
56688276,71,C,0.0194041,0.0014455961467457672
56688275,72,C,0.0287143,0.19565611916885528
56688274,73,C,0.0381728,0.3929601762250541
56688272,75,C,0.0516438,0.6739648759770289
56688266,81,C,0.0365293,0.35867681017632935
56688265,82,A,0.0317207,0.25836954277024615
56688264,83,C,0.0547516,0.7387935008667318
56688262,85,C,0.0481639,0.6013742550382051
56688261,86,A,0.0376725,0.38252393160431963
56688260,87,C,0.0672735,1.0
56688258,89,C,0.0418322,0.46929516236360186
56688257,90,A,0.0447969,0.5311387250801545
56688256,91,C,0.074749,1.0
56688252,95,C,0.0295121,0.21229820583370013
56688251,96,A,0.0299592,0.22162469987713473
56688248,99,C,0.0193348,0.0
56688246,101,C,0.0280464,0.18172374303016142
