chrom_coord,local_coord,ref,mmRate,DMS_signal
159925531,1,A,,
159925529,3,C,,
159925528,4,C,,
159925527,5,C,,
159925526,6,C,,
159925523,9,C,,
159925518,14,C,0.0196706,0.45162460509881713
159925517,15,A,0.00416582,0.09564460730291675
159925513,19,C,0.00384683,0.08832079751671441
159925511,21,C,0.00135293,0.031062421938138268
159925510,22,A,0.0143476,0.3294118727499816
159925509,23,C,0.0,0.0
159925508,24,C,0.011571,0.2656628829623099
159925507,25,A,0.00806393,0.18514276136948057
159925506,26,C,0.0169156,0.3883715377268386
159925502,30,C,0.0296972,0.6818290353390639
159925501,31,A,0.0243121,0.5581905260451105
159925499,33,C,0.0207787,0.4770658842112997
159925496,36,C,0.015211,0.34923499375505107
159925495,37,A,0.0230527,0.529275494085666
159925493,39,C,0.0301479,0.6921768238924398
159925492,40,C,0.0215321,0.49436347439570927
159925491,41,C,0.0234798,0.5390814414811549
159925487,45,C,0.0401963,0.9228817684225993
159925486,46,C,0.0248868,0.571385276614503
159925482,50,A,0.037361,0.8577850635515392
159925479,53,C,0.0226907,0.5209642017485857
159925478,54,A,0.0200247,0.4597545184042318
159925474,58,C,0.0267123,0.6132976085519065
159925472,60,C,0.0341796,0.7847421203438394
159925471,61,C,0.0375154,0.8613299904489016
159925469,63,C,0.0283833,0.651662717654838
159925467,65,C,0.0384561,0.8829278708397619
159925465,67,C,0.0476149,1.0
159925464,68,C,0.0296326,0.6803458599662038
159925463,69,A,0.0203511,0.46724845713026225
159925461,71,C,0.025583,0.5873695907721695
159925460,72,C,0.0246361,0.5656293622805084
159925459,73,C,0.031556,0.7245059143339946
159925457,75,C,0.0267815,0.6148863970318125
159925453,79,A,0.0368962,0.8471135478656967
159925452,80,A,0.0336328,0.7721879362280507
159925451,81,C,0.0435552,1.0
159925446,86,A,,
159925444,88,C,,
159925443,89,A,,
159925439,93,C,,
159925432,100,A,,
159925431,101,C,,
