chrom_coord,local_coord,ref,mmRate,DMS_signal
51878754,2,A,,
51878750,6,A,,
51878748,8,A,,
51878747,9,C,,
51878735,21,A,0.0204143,0.3984256519280045
51878728,28,C,0.0357756,0.7436061069299224
51878727,29,A,0.0277233,0.5626646125373942
51878724,32,C,0.00960495,0.1555310823749731
51878723,33,C,0.0136308,0.24599508833602274
51878718,38,C,0.00268348,2.2470784048216488e-07
51878717,39,C,0.0072647,0.10294383000582219
51878716,40,C,0.00775724,0.11401158998099646
51878715,41,C,0.00777191,0.11434123638298575
51878713,43,C,0.0201509,0.3925068474096691
51878710,46,C,0.0120412,0.21027553001276567
51878707,49,C,0.0259984,0.5239047571323955
51878704,52,C,0.0179504,0.34305988711127505
51878703,53,A,0.0304003,0.6228189014348271
51878701,55,C,0.0115093,0.19832331997744834
51878700,56,A,0.0471857,1.0
51878699,57,C,0.0136356,0.2461029480994548
51878698,58,C,0.00858804,0.13268031736836558
51878697,59,A,0.0074442,0.10697733574250098
51878693,63,C,0.00784264,0.11593059493872554
51878692,64,C,0.00336454,0.015304176891809696
51878689,67,C,0.00854821,0.13178530603971983
51878688,68,C,0.00592215,0.07277567888170998
51878686,70,C,0.00268347,0.0
51878685,71,C,0.00618137,0.07860055552272326
51878684,72,A,0.0288128,0.5871465317580715
51878683,73,C,0.00554644,0.06433318060690442
51878682,74,C,0.00524739,0.057613292637245385
51878680,76,C,0.0155526,0.28917944112014166
51878679,77,C,0.0147881,0.2720005267151781
51878677,79,C,0.0497912,1.0
51878675,81,A,0.0415283,0.872873786324865
51878673,83,A,0.0293475,0.5991616599887242
51878672,84,A,0.040651,0.8531601674792477
51878671,85,C,0.0403578,0.8465717335962715
51878669,87,C,0.0142397,0.259677548743063
51878666,90,A,0.0221634,0.4377293003069734
51878663,93,A,0.0212646,0.4175325596043165
51878655,101,C,0.00392228,0.027837031986936395
