chrom_coord,local_coord,ref,mmRate,DMS_signal
96750282,1,C,0.0231858,0.4492621904089694
96750283,2,C,0.0230673,0.44692464383039493
96750285,4,A,0.039806,0.7771144405796351
96750286,5,A,0.0455378,0.8901806809093676
96750288,7,A,0.0360466,0.7029560219510024
96750292,11,C,0.0167834,0.32296760631896637
96750295,14,A,0.0441511,0.8628264544071798
96750300,19,C,0.0549434,1.0
96750301,20,A,0.0271852,0.5281548805891454
96750305,24,C,0.0303827,0.5912291859477272
96750306,25,C,0.0609818,1.0
96750312,31,C,0.0490429,0.9593227443065109
96750316,35,A,0.0223767,0.4333017774408291
96750321,40,C,0.0329683,0.6422330714630203
96750323,42,A,0.051105,1.0
96750326,45,C,0.0124088,0.23667367161321112
96750327,46,C,0.0122004,0.23256274581595437
96750328,47,A,0.0142425,0.2728454788801483
96750330,49,C,0.0127544,0.24349102264743347
96750332,51,C,0.0257826,0.5004870085966678
96750333,52,C,0.0308538,0.6005221664807775
96750338,57,C,0.00520123,0.09449619825172426
96750339,58,C,0.00557312,0.10183214928215523
96750341,60,C,0.0102206,0.1935089507420152
96750342,61,C,0.0260028,0.5048307027452088
96750346,65,C,0.0149958,0.28770517371255483
96750349,68,C,0.000410823,0.0
96750350,69,C,0.00444389,0.07955680984820011
96750351,70,A,0.0223685,0.4331400231628181
96750353,72,C,0.0307235,0.5979518515509188
96750358,77,C,0.0143515,0.2749956272098076
96750360,79,A,0.0397893,0.7767850141841735
96750361,80,A,0.0423715,0.8277218308524863
96750362,81,A,0.0362415,0.7068006449734849
96750363,82,C,0.035929,0.7006362288907463
96750364,83,A,0.0204313,0.39492656128927783
96750368,87,A,0.032783,0.6385778193025996
96750369,88,C,0.0415848,0.8122032832291567
96750372,91,C,0.0287777,0.5595687449467815
96750377,96,C,0.0162356,0.3121616315025688
96750378,97,C,0.0347527,0.6774323804487447
96750381,100,A,0.0321374,0.6258426288289483
96750382,101,A,0.0276774,0.5378640824961021
