chrom_coord,local_coord,ref,mmRate,DMS_signal
112645872,1,C,,
112645874,3,A,,
112645877,6,C,,
112645879,8,C,,
112645882,11,C,,
112645888,17,C,,
112645889,18,A,,
112645890,19,C,,
112645892,21,C,,
112645897,26,C,,
112645899,28,C,,
112645902,31,C,,
112645904,33,C,,
112645908,37,C,,
112645910,39,A,,
112645912,41,A,,
112645913,42,A,,
112645916,45,A,,
112645921,50,C,0.00508765,0.019084930581537384
112645922,51,C,0.0098126,0.16005659214333492
112645925,54,C,0.00842045,0.11852097829699655
112645932,61,C,0.0137966,0.27892157477007196
112645934,63,C,0.00648931,0.060904280869838665
112645935,64,C,0.00444798,0.0
112645937,66,C,0.0355127,0.926834187526218
112645941,70,A,0.0165537,0.36118127446891163
112645945,74,A,0.0216117,0.512089678617013
112645949,78,C,0.011738,0.2175020332953228
112645952,81,C,0.0236916,0.574144718116348
112645953,82,C,0.0156142,0.33315073953471996
112645956,85,C,0.0257159,0.6345408989223982
112645958,87,C,0.0193508,0.4446343976881
112645960,89,C,0.0346076,0.8998299968195264
112645962,91,C,0.0297436,0.7547096967451162
112645965,94,C,0.037965,1.0
112645972,101,C,0.0316806,0.8125012307180054
