chrom_coord,local_coord,ref,mmRate,DMS_signal
12975104,1,C,,
12975105,2,C,,
12975106,3,C,0.0,0.0
12975108,5,A,0.0,0.0
12975109,6,C,0.0196133,0.3843408908310635
12975110,7,A,0.0084042,0.16468813074405755
12975111,8,A,0.0162055,0.3175618741549255
12975112,9,C,0.025684,0.5033019145225451
12975114,11,C,0.0274566,0.5380376633810822
12975123,20,C,0.0226774,0.44438478571848483
12975124,21,C,0.0164774,0.32289000803433204
12975125,22,A,0.0283703,0.555942466343987
12975126,23,C,0.0412843,0.8090043307009466
12975129,26,C,0.0406588,0.7967470753071663
12975131,28,C,0.0443371,0.8688267915580725
12975132,29,A,0.0345175,0.676402578824636
12975134,31,A,0.0368031,0.7211910407399423
12975135,32,C,0.051031,1.0
12975136,33,C,0.0330759,0.648153083419882
12975137,34,A,0.0214555,0.42044051654876446
12975139,36,A,0.0445408,0.8728184828829535
12975140,37,C,0.0507506,0.9945053006995748
12975143,40,C,0.0486825,0.9539789539691559
12975145,42,C,0.0456539,0.8946307146636358
12975147,44,C,0.044315,0.8683937214634242
12975150,47,A,0.0405565,0.7947424114753777
12975151,48,C,0.0545312,1.0
12975153,50,C,0.0508803,0.9970468930649997
12975157,54,C,0.041443,0.8121142050910232
12975159,56,C,0.0486268,0.9528874605631871
12975160,57,C,0.0292095,0.5723873723814936
12975162,59,C,0.0404194,0.7920558092140072
12975164,61,C,0.0461942,0.9052183966608531
12975167,64,C,0.0442111,0.8663577041406205
12975172,69,A,,
12975174,71,C,,
12975175,72,C,,
12975176,73,C,,
12975177,74,C,,
12975178,75,A,,
12975182,79,C,,
12975183,80,C,,
12975184,81,C,,
12975185,82,C,,
12975188,85,C,,
12975189,86,C,,
12975191,88,C,,
12975192,89,C,,
12975195,92,C,,
12975196,93,C,,
12975198,95,C,,
12975199,96,C,,
12975202,99,C,,
12975203,100,C,,
