chrom_coord,local_coord,ref,mmRate,DMS_signal
19479205,2,A,,
19479203,4,C,,
19479202,5,C,,
19479200,7,C,,
19479194,13,C,,
19479191,16,A,,
19479190,17,C,,
19479189,18,C,,
19479186,21,C,,
19479181,26,C,,
19479179,28,C,,
19479176,31,C,,
19479173,34,C,,
19479172,35,A,,
19479170,37,C,,
19479167,40,C,0.0289636,0.5044444996213484
19479166,41,A,0.0208185,0.2516449614520354
19479164,43,C,0.0185404,0.18093955232218892
19479161,46,C,0.0553769,1.0
19479158,49,C,0.0127106,0.0
19479153,54,A,0.0215336,0.2738395262511018
19479151,56,A,0.0227552,0.31175433587009144
19479149,58,C,0.0294489,0.5195067598604575
19479145,62,C,0.0287565,0.49801673515499884
19479142,65,C,0.0417682,0.9018609790313968
19479134,73,C,0.0315089,0.5834429974301356
19479131,76,C,0.036284,0.7316478168568199
19479126,81,C,0.0449302,1.0
19479125,82,A,0.0372329,0.7610988342499595
19479121,86,C,0.0387304,0.807576754522092
19479120,87,C,0.0137192,0.03130392680231909
19479117,90,A,0.0448187,0.9965393735490199
19479115,92,A,0.0377448,0.7769866789159393
19479112,95,A,0.0267272,0.4350333337471601
19479110,97,C,0.0406483,0.8671026331798034
19479107,100,A,0.0351133,0.6953127909719549
