chrom_coord,local_coord,ref,mmRate,DMS_signal
112619718,3,A,,
112619719,4,C,,
112619720,5,A,,
112619726,11,C,,
112619727,12,C,,
112619728,13,C,,
112619730,15,C,,
112619736,21,C,,
112619739,24,C,,
112619744,29,C,,
112619745,30,C,,
112619749,34,C,,
112619754,39,C,,
112619755,40,C,,
112619758,43,C,,
112619759,44,C,,
112619761,46,A,,
112619762,47,C,,
112619765,50,C,,
112619766,51,C,,
112619768,53,C,,
112619769,54,C,,
112619771,56,C,,
112619776,61,A,,
112619779,64,C,,
112619780,65,C,,
112619781,66,A,,
112619783,68,C,,
112619784,69,A,,
112619785,70,C,,
112619787,72,C,0.0323143,0.5539107444105746
112619790,75,C,0.0292072,0.4841150928519602
112619794,79,C,0.0285244,0.46877716652701984
112619797,82,C,0.0129759,0.11950688611791872
112619798,83,C,0.0218479,0.31880108991825606
112619799,84,C,0.0119915,0.09739403510111845
112619802,87,C,0.0130964,0.12221371113572085
112619803,88,C,0.0076558,0.0
112619806,91,C,0.0258776,0.409321361903628
112619807,92,C,0.0104187,0.06206379121730749
112619809,94,C,0.0312942,0.530995954363604
112619811,96,C,0.0521729,1.0
112619813,98,C,0.0188978,0.2525321730301389
112619814,99,C,0.0204679,0.2878017660629286
112619815,100,C,0.0178834,0.22974542366865763
