chrom_coord,local_coord,ref,mmRate,DMS_signal
64093899,2,C,,
64093898,3,C,,
64093893,8,C,,
64093891,10,C,,
64093888,13,C,,
64093886,15,C,,
64093884,17,C,,
64093883,18,C,,
64093880,21,A,,
64093879,22,A,,
64093878,23,C,,
64093877,24,C,,
64093873,28,A,,
64093870,31,C,,
64093865,36,C,,
64093863,38,C,,
64093860,41,C,,
64093859,42,C,,
64093858,43,C,,
64093857,44,A,,
64093852,49,A,,
64093851,50,A,,
64093849,52,A,,
64093848,53,C,,
64093847,54,C,,
64093846,55,A,,
64093843,58,A,,
64093842,59,A,,
64093837,64,A,0.0298302,0.20248125650994675
64093835,66,C,0.0454435,0.5245145255602421
64093834,67,A,0.0330591,0.26907917126445086
64093833,68,A,0.0401183,0.41467922076582764
64093831,70,C,0.025647,0.11620035682242415
64093830,71,C,0.0325836,0.259271710994462
64093829,72,C,0.0276235,0.15696680313921232
64093827,74,A,0.0312231,0.23121061804531443
64093824,77,C,0.0279525,0.16375261686965675
64093821,80,C,0.0208881,0.01804531438530637
64093818,83,A,0.0525651,0.6714016108573019
64093816,85,A,0.0684967,1.0
64093814,87,A,0.0431595,0.4774057153464582
64093813,88,C,0.0433762,0.48187527715614586
64093807,94,C,0.0200132,0.0
64093805,96,C,0.0426874,0.46766838202687516
64093803,98,A,0.0232913,0.06761269297802351
