chrom_coord,local_coord,ref,mmRate,DMS_signal
104288857,1,C,,
104288858,2,C,,
104288859,3,C,,
104288860,4,C,,
104288861,5,C,,
104288864,8,C,,
104288866,10,C,,
104288867,11,A,,
104288871,15,C,,
104288872,16,C,,
104288873,17,C,,
104288875,19,C,,
104288876,20,C,,
104288881,25,A,,
104288883,27,C,,
104288889,33,A,,
104288891,35,A,,
104288892,36,A,,
104288894,38,C,,
104288895,39,A,,
104288896,40,C,,
104288897,41,C,,
104288900,44,A,,
104288901,45,C,,
104288902,46,A,,
104288903,47,C,,
104288905,49,C,,
104288907,51,C,,
104288908,52,C,,
104288910,54,C,,
104288912,56,C,,
104288915,59,C,,
104288923,67,C,,
104288924,68,C,,
104288925,69,A,,
104288926,70,C,,
104288927,71,A,,
104288928,72,C,,
104288929,73,A,,
104288931,75,A,0.0313684,0.48464373464373456
104288934,78,A,0.0307229,0.4676993426993428
104288935,79,C,0.0335638,0.5422730422730422
104288939,83,C,0.017551,0.12193662193662196
104288943,87,C,0.0129058,0.0
104288944,88,C,0.0156456,0.0719198219198219
104288945,89,C,0.0247909,0.31198418698418706
104288949,93,A,0.0444239,0.8273509523509525
104288950,94,A,0.0340214,0.5542850542850543
104288953,97,A,0.0356463,0.5969387219387219
104288954,98,A,0.0363481,0.6153609903609905
104288955,99,C,0.051001,1.0
104288957,101,C,0.0395358,0.6990381990381992
