chrom_coord,local_coord,ref,mmRate,DMS_signal
27132798,2,C,,
27132796,4,C,,
27132795,5,A,0.0,0.0
27132794,6,C,0.000248571,0.004339850269919199
27132792,8,C,0.00280298,0.048937782402525304
27132784,16,C,0.0291912,0.5096549364136015
27132783,17,C,0.0436136,0.7614584715519831
27132778,22,C,0.0211723,0.36965137473723914
27132772,28,C,0.0198431,0.34644460894888646
27132770,30,C,0.0358316,0.6255909938473787
27132766,34,A,0.0148569,0.25938955660621127
27132764,36,A,0.0159525,0.2785178537757262
27132762,38,C,0.0198841,0.3471604360609256
27132760,40,A,0.0429566,0.7499877785615018
27132759,41,C,0.060632,1.0
27132758,42,A,0.0402139,0.7021024366056525
27132757,43,C,0.0572764,1.0
27132756,44,A,0.0366873,0.6405308294515717
27132752,48,C,0.0286423,0.5000715827112039
27132750,50,A,0.0124234,0.21690259862700867
27132747,53,C,0.046525,0.8122891801859055
27132746,54,C,0.0393952,0.6878085913220803
27132745,55,A,0.0150386,0.2625618928563946
27132743,57,A,0.0252526,0.4408901397434196
27132741,59,C,0.0655989,1.0
27132740,60,C,0.0154124,0.2690881410144492
27132739,61,A,0.0120876,0.2110397999874294
27132737,63,C,0.0258512,0.4513412155791915
27132735,65,A,0.0248857,0.43448436005056185
27132734,66,A,0.0296068,0.5169109790419789
27132731,69,C,0.0398238,0.6952916035225678
27132728,72,C,0.0430561,0.7517249687480358
27132726,74,C,0.0385851,0.6736648951400577
27132725,75,C,0.0332684,0.5808395779064326
27132724,76,C,0.0352893,0.6161228708508217
27132722,78,C,0.0181952,0.3176735968042685
27132721,79,C,0.0085902,0.14997800141070317
27132720,80,C,0.0263346,0.45978099182211174
27132719,81,C,0.0245226,0.42814492530955156
27132717,83,A,0.00121952,0.02129184096765858
27132716,84,A,0.010911,0.19049730779169083
27132715,85,A,0.0220199,0.3844497908388097
27132714,86,A,0.0367941,0.6423954717824445
27132713,87,A,0.028704,0.5011488152188336
27132709,91,C,0.0111366,0.1944361028276917
27132707,93,C,0.0438397,0.7654059961869113
27132706,94,C,0.040759,0.7116194453562025
27132705,95,A,0.0346748,0.6053941937691615
27132704,96,A,0.0420602,0.734337353604626
27132702,98,A,0.0403492,0.7044646660753819
27132701,99,A,0.0425574,0.74301806677794
