chrom_coord,local_coord,ref,mmRate,DMS_signal
63833942,1,C,,
63833941,2,C,,
63833940,3,C,,
63833935,8,A,,
63833934,9,C,,
63833933,10,A,,
63833932,11,A,,
63833929,14,C,,
63833927,16,C,,
63833924,19,C,,
63833921,22,C,,
63833918,25,C,,
63833917,26,A,,
63833915,28,C,,
63833914,29,A,,
63833913,30,A,,
63833912,31,A,,
63833911,32,A,,
63833910,33,A,,
63833908,35,A,,
63833907,36,A,,
63833906,37,A,,
63833903,40,A,,
63833902,41,C,,
63833900,43,C,,
63833898,45,A,,
63833897,46,C,,
63833896,47,C,,
63833894,49,C,0.0243231,0.47214922212195043
63833893,50,C,0.0162502,0.294240540013421
63833891,52,C,0.0390043,0.7956900740799508
63833890,53,A,0.00887058,0.1316102004004262
63833888,55,C,0.0337884,0.6807432897756888
63833887,56,C,0.00885345,0.13123269346679406
63833885,58,C,0.0408986,0.837436214440687
63833882,61,C,0.028094,0.5552514343831024
63833879,64,A,0.0174044,0.3196765296688936
63833877,66,C,0.0147688,0.26159379328355004
63833876,67,C,0.0296122,0.588709170906182
63833872,71,C,0.00519155,0.050532597712700245
63833870,73,C,0.0372755,0.7575911840120415
63833865,78,C,0.00289855,0.0
63833863,80,C,0.00803856,0.11327433823343065
63833862,81,C,0.0474311,0.9813979216182772
63833859,84,A,0.0283081,0.5599697201093514
63833857,86,C,0.0159707,0.28808098438293706
63833856,87,C,0.00393807,0.022908698636853977
63833854,89,C,0.0295538,0.5874221653647858
63833852,91,C,0.023242,0.44832419316983513
63833851,92,C,0.00592604,0.06671911655003178
63833850,93,C,0.039527,0.8072092144307701
63833849,94,C,0.0338787,0.6827333000563065
63833848,95,A,0.0179354,0.3313785834785072
63833847,96,C,0.0815213,1.0
63833846,97,C,0.0298687,0.5943618579159106
63833845,98,C,0.0332251,0.6683294161204056
63833844,99,C,0.0400235,0.8181509653092505
63833842,101,C,0.0482752,1.0
