chrom_coord,local_coord,ref,mmRate,DMS_signal
2194728,2,C,0.0238361,0.5294543877265757
2194725,5,C,0.0282399,0.6674714895868199
2194716,14,A,0.0388501,1.0
2194714,16,C,0.0116734,0.14826981876440878
2194713,17,C,0.00902153,0.06515900267146049
2194711,19,C,0.0097023,0.08649464516962083
2194710,20,C,0.014801,0.24629023017684795
2194707,23,A,0.0263713,0.6089087127722388
2194704,26,C,0.0294874,0.706568708936167
2194703,27,C,0.00694246,0.0
2194701,29,C,0.0126359,0.1784350080419611
2194699,31,C,0.00770791,0.023989552345457073
2194698,32,C,0.0132869,0.1988376451533238
2194697,33,C,0.0175871,0.33360787573132955
2194694,36,C,0.0271782,0.6341973270351552
2194690,40,C,0.00875003,0.05665006876096134
2194684,46,A,,
2194681,49,C,,
2194680,50,C,,
2194676,54,A,,
2194674,56,C,,
2194673,57,C,,
2194669,61,C,,
2194663,67,C,,
2194661,69,C,,
2194658,72,C,,
2194657,73,C,,
2194650,80,C,,
2194649,81,C,,
2194648,82,C,,
2194646,84,C,,
2194644,86,C,,
2194643,87,C,,
2194642,88,C,,
2194641,89,A,,
2194640,90,C,,
2194636,94,C,,
2194633,97,C,,
2194632,98,C,,
2194631,99,C,,
