chrom_coord,local_coord,ref,mmRate,DMS_signal
33542128,2,C,,
33542127,3,C,,
33542123,7,C,,
33542122,8,C,,
33542121,9,C,,
33542114,16,C,,
33542113,17,C,0.0,0.0
33542111,19,A,0.0191301,0.4655511020580999
33542110,20,C,0.0343086,0.834935862335823
33542107,23,C,0.00890241,0.2166495097502391
33542106,24,C,0.00277191,0.06745734498543488
33542103,27,C,0.0329495,0.8018607345107116
33542101,29,A,0.0210844,0.5131110478373768
33542099,31,C,0.0191114,0.4650960178918652
33542095,35,C,0.0165379,0.40246718891833555
33542094,36,A,0.0295111,0.7181836544475352
33542093,37,A,0.0286778,0.6979044225906701
33542091,39,C,0.0206086,0.5015319544526458
33542087,43,A,0.0626111,1.0
33542086,44,A,0.0410913,1.0
33542085,45,C,0.0404845,0.985232883846459
33542084,46,C,0.0245371,0.5971361334394385
33542083,47,A,0.040611,0.9883113943827526
33542077,53,C,0.013889,0.3380034216488649
33542076,54,C,0.0138043,0.33594215807239003
33542075,55,A,0.0226193,0.5504644535461277
33542074,56,C,0.0161034,0.3918931744675881
33542073,57,C,0.00871784,0.2121578046934509
33542072,58,C,0.0160974,0.3917471581575663
33542066,64,C,0.0180894,0.44022457308481355
33542061,69,C,,
33542058,72,A,,
33542057,73,A,,
33542056,74,A,,
33542055,75,C,,
33542054,76,C,,
33542053,77,C,,
33542052,78,C,,
33542051,79,C,,
33542049,81,C,,
33542048,82,C,,
33542046,84,C,,
33542041,89,A,,
33542040,90,C,,
33542039,91,A,,
33542038,92,C,,
33542035,95,A,,
33542033,97,C,,
33542031,99,C,,
33542029,101,C,,
