chrom_coord,local_coord,ref,mmRate,DMS_signal
15561318,2,A,,
15561315,5,C,,
15561314,6,C,,
15561312,8,C,,
15561309,11,C,,
15561307,13,A,,
15561306,14,A,,
15561305,15,C,,
15561304,16,A,,
15561300,20,C,0.000599378,0.0
15561297,23,C,,
15561296,24,C,,
15561295,25,C,,
15561294,26,C,,
15561293,27,C,,
15561291,29,A,0.030875,0.5081701848217695
15561288,32,C,0.0601771,1.0
15561287,33,A,0.04694,0.7778179568530668
15561283,37,C,0.00849751,0.13256854634354767
15561282,38,C,0.00287356,0.038171684375579176
15561279,41,C,0.0200632,0.32669631108084324
15561274,46,A,0.0419686,0.6943740145015952
15561271,49,C,0.0252794,0.41424917186326793
15561270,50,C,0.0136612,0.21924003740861392
15561269,51,A,0.0200167,0.3259158179965323
15561266,54,C,0.040047,0.6621203476024142
15561265,55,A,,
15561264,56,C,0.0368074,0.6077443175823338
15561261,59,C,0.0298685,0.4912762861258777
15561260,60,A,0.027987,0.4596956896069306
15561258,62,A,0.0273713,0.4493612897787532
15561252,68,A,0.0188812,0.3068566804215844
15561249,71,A,0.0384595,0.6354744815520137
15561246,74,A,0.0148553,0.23928276411776872
15561244,76,A,0.0347318,0.5729057918662953
15561243,77,C,0.0934412,1.0
15561241,79,A,0.0229983,0.3759613702585003
15561238,82,C,0.0210384,0.34306484561460737
15561236,84,C,0.0254328,0.4168239598016184
15561234,86,A,0.0426781,0.706282828336404
15561231,89,A,0.0228938,0.37420735891848966
15561230,90,C,0.0226637,0.37034517701096387
15561221,99,C,0.0177511,0.28788818075320166
15561220,100,A,0.0363007,0.5992394606829714
15561219,101,A,0.05364,0.8902761001838909
