chrom_coord,local_coord,ref,mmRate,DMS_signal
129939689,1,C,0.0181241,0.30975780548946374
129939687,3,A,0.0331905,0.5819943964767529
129939685,5,C,0.0174573,0.2977093162106496
129939683,7,C,0.0105061,0.17210724861183083
129939682,8,C,0.0116982,0.19364744667612935
129939680,10,C,0.0189537,0.32474794751961394
129939677,13,A,0.0563242,1.0
129939674,16,A,0.014895,0.2514108097932752
129939672,18,C,0.00543946,0.08055752197774181
129939671,19,C,0.00598951,0.09049644148555777
129939669,21,C,0.00463995,0.06611107977122616
129939668,22,C,0.0404577,0.7133063060253396
129939666,24,C,0.0436878,0.7716713708416224
129939663,27,C,0.00353245,0.04609952926689712
129939660,30,C,0.000981162,0.0
129939658,32,C,0.00266623,0.030447696058897234
129939657,33,C,0.0047416,0.06794780582880182
129939656,34,A,0.0583921,1.0
129939653,37,A,0.0306364,0.5358440568441509
129939649,41,C,0.00874304,0.14025030573854658
129939647,43,C,0.0133215,0.2229790493250479
129939646,44,A,0.0394139,0.6944457584710113
129939643,47,A,0.0228666,0.395450607536218
129939641,49,C,0.0272021,0.473789277704632
129939637,53,A,0.0378716,0.6665777545497231
129939636,54,C,0.0383901,0.6759465933185671
129939633,57,A,0.0445564,0.7873662085554466
129939631,59,A,0.0308502,0.5397072347202914
129939629,61,C,0.0221134,0.38184094628126486
129939627,63,C,0.0351973,0.6182555066817981
129939626,64,C,0.0166528,0.2831727090948639
129939622,68,A,0.0255045,0.4431151394327142
129939619,71,C,0.0241187,0.4180749528061687
129939617,73,C,0.038422,0.6765229982495721
129939615,75,A,0.0341769,0.5998177765376741
129939613,77,C,0.0341836,0.5999388396423052
129939610,80,A,0.0243509,0.4222706024920425
129939604,86,A,,
129939600,90,A,,
129939589,101,C,,
