chrom_coord,local_coord,ref,mmRate,DMS_signal
43770210,2,C,,
43770212,4,C,,
43770215,7,A,,
43770218,10,C,,
43770225,17,C,0.0348673,0.5983862083048278
43770226,18,A,0.0311366,0.5223573569993436
43770228,20,C,0.00550477,0.0
43770229,21,C,0.0223768,0.3438392419898866
43770234,26,A,0.0389841,0.6822834863101399
43770236,28,C,0.0158932,0.21170836565991158
43770238,30,C,0.0315113,0.5299934603001089
43770241,33,A,0.0545743,1.0
43770245,37,C,0.048137,0.8688126827381473
43770250,42,C,0.0279245,0.45689718242665056
43770252,44,C,0.0308118,0.5157381780506152
43770259,51,C,0.0282896,0.46433764497031055
43770261,53,A,0.012353,0.13956176062823505
43770263,55,C,0.0182153,0.25903101170930315
43770264,56,A,0.0239891,0.37669669956080687
43770265,57,C,0.00596103,0.009298234566338826
43770266,58,C,0.00585201,0.007076489218462056
43770267,59,A,0.00596714,0.009422751756538124
43770269,61,C,0.00763245,0.04336051313309909
43770271,63,C,0.0106219,0.10428324868813701
43770273,65,C,0.0118391,0.12908886634944333
43770277,69,C,0.0115698,0.12360073552772974
43770281,73,A,0.0228635,0.3537578207902134
43770284,76,C,0.015152,0.1966032688717418
43770286,78,C,0.0314813,0.5293820829341548
43770287,79,A,0.0424157,0.752216905277063
43770289,81,C,0.0140941,0.1750440650236511
43770294,86,A,0.0667707,1.0
43770300,92,A,0.0248935,0.3951276892197663
43770301,93,C,0.00832476,0.057469268607219195
43770302,94,C,0.00804383,0.05174412715997076
43770306,98,C,0.0265473,0.4288308854802563
43770307,99,A,0.0396563,0.6959824151566155
43770309,101,C,0.0163522,0.22106243935900755
