chrom_coord,local_coord,ref,mmRate,DMS_signal
97983528,2,A,0.0366342,0.4861843285439005
97983529,3,A,0.0454016,0.739854523149568
97983535,9,A,0.0518155,0.9254300941490992
97983536,10,A,0.040186,0.5889497775025895
97983538,12,A,0.0279267,0.23424724120571022
97983545,19,A,0.0264859,0.1925600800874944
97983546,20,A,0.0224692,0.0763435197990869
97983548,22,A,0.0218066,0.0571722864863926
97983553,27,A,0.035684,0.45869186567984677
97983554,28,A,0.0312754,0.33113632812726046
97983555,29,C,0.0591335,1.0
97983556,30,A,0.0342307,0.4166430377695865
97983560,34,A,0.0388765,0.551061564368009
97983561,35,C,0.0543928,1.0
97983562,36,A,0.044156,0.7038151506559189
97983565,39,A,0.040612,0.6012753817754657
97983566,40,A,0.042947,0.6688347385293759
97983568,42,A,0.0381324,0.5295322635711845
97983571,45,A,0.0362358,0.47465728454785855
97983574,48,A,0.0244422,0.13342900625538884
97983576,50,C,0.0338238,0.40487006035495426
97983577,51,C,0.0503489,0.8829964527721036
97983578,52,A,0.0270917,0.21008789949713846
97983579,53,C,0.0570309,1.0
97983580,54,C,0.0414874,0.6266036305559253
97983584,58,A,0.0306933,0.31429422895533266
97983586,60,C,0.0482633,0.8226530718530649
97983589,63,A,0.0313402,0.33301120877721896
97983592,66,A,0.0269139,0.20494355104709772
97983593,67,A,0.0344432,0.4227913732343427
97983594,68,C,0.039989,0.5832499088599683
97983595,69,C,0.0435248,0.6855524243248404
97983598,72,A,0.0378157,0.5203690737279455
97983599,73,C,0.022094,0.06548772936907947
97983600,74,C,0.0245402,0.13626447390501764
97983601,75,C,0.0288419,0.2607270370520395
97983602,76,C,0.0298686,0.2904329006834055
97983605,79,C,0.0198306,0.0
97983606,80,A,0.0236871,0.11158143868156536
97983608,82,C,0.0239976,0.1205652417959505
97983612,86,A,,
97983613,87,A,,
97983615,89,C,,
97983616,90,A,,
97983618,92,A,,
97983620,94,A,,
97983621,95,C,,
97983622,96,C,,
97983623,97,C,,
97983624,98,C,,
97983626,100,C,,
