chrom_coord,local_coord,ref,mmRate,DMS_signal
170553305,3,C,0.00258398,0.0112628388395395
170553304,4,C,0.00212314,0.0
170553300,8,C,0.0168761,0.36055943686783404
170553299,9,A,0.0292665,0.6633783726317221
170553298,10,A,0.0310673,0.7073895699718894
170553295,13,C,0.0164477,0.35008942523937564
170553294,14,A,0.0245233,0.5474554987846086
170553292,16,C,0.0295972,0.671460615501776
170553291,17,C,0.0104735,0.20408115383242997
170553290,18,A,0.0279073,0.6301597923203296
170553288,20,C,0.0189988,0.41243780681117764
170553286,22,C,0.0271278,0.6111089658395097
170553284,24,C,0.0389095,0.8990513934842507
170553283,25,C,0.0234945,0.522311829402354
170553279,29,A,0.0330942,0.7569266067826319
170553277,31,A,0.015021,0.3152211582218186
170553276,32,C,0.0213954,0.47101023881109155
170553275,33,A,0.0229374,0.5086964151208084
170553273,35,C,0.0351412,0.8069548836347656
170553272,36,A,0.0480756,1.0
170553271,37,A,0.0421682,0.9786933796972691
170553266,42,C,0.0266333,0.5990234832291628
170553263,45,A,0.020448,0.44785596939745625
170553261,47,C,0.0249036,0.5567499558861555
170553260,48,C,0.0215417,0.4745857819979344
170553258,50,C,0.0246547,0.5506668889059425
170553257,51,A,0.0371607,0.8563110659029064
170553254,54,C,0.0226069,0.5006190602113652
170553252,56,C,0.039798,0.9207661584979883
170553251,57,A,0.0340509,0.7803081663646722
170553249,59,C,0.0224736,0.4973612344642282
170553248,60,C,0.0239318,0.5329993552779955
170553244,64,C,0.0263236,0.5914544762232488
170553242,66,A,0.0380453,0.8779305156847322
170553235,73,C,0.0172514,0.3697316949541094
170553234,74,C,0.0160103,0.3393994553834288
170553232,76,C,0.0318404,0.7262839817131618
170553230,78,A,0.0365019,0.8402101236507394
170553229,79,C,0.04304,1.0
170553228,80,A,0.0200774,0.43879857838553593
170553226,82,C,0.0342911,0.7861786070583128
170553225,83,C,0.0263818,0.5928768727610085
170553224,84,A,0.0315789,0.7198929732144647
170553220,88,A,0.0446305,1.0
170553217,91,C,0.0329145,0.7525347741737758
170553214,94,C,0.0192462,0.41848421408680925
170553212,96,C,0.0137965,0.2852946193818392
170553211,97,C,0.0414346,0.9607643401766411
170553207,101,C,0.0404494,0.9366862462075536
