chrom_coord,local_coord,ref,mmRate,DMS_signal
73252675,4,C,,
73252672,7,C,,
73252671,8,A,,
73252670,9,A,,
73252668,11,C,,
73252665,14,A,,
73252662,17,A,,
73252659,20,C,,
73252654,25,C,,
73252652,27,A,,
73252650,29,C,,
73252647,32,A,,
73252645,34,C,,
73252644,35,A,,
73252642,37,C,0.00542007,0.07280392362397817
73252641,38,C,0.00902017,0.16138910501432333
73252639,40,C,0.0347853,0.7953739150462179
73252636,43,C,0.0351364,0.8040131909513734
73252635,44,C,0.0192904,0.4141015817429044
73252632,47,A,0.0208094,0.45147856864102787
73252629,50,C,0.0175113,0.37032449326992783
73252627,52,A,0.0343043,0.7835382793003343
73252620,59,C,0.017247,0.36382104518752223
73252616,63,C,0.00546609,0.07393630607101677
73252611,68,A,0.00683449,0.10760758248404652
73252610,69,C,0.00341485,0.0234628560348701
73252609,70,C,0.00246132,0.0
73252607,72,C,0.00906777,0.1625603654332507
73252602,77,C,0.00345417,0.024430376196051276
73252597,82,C,0.00910925,0.1635810352268874
73252594,85,C,0.009519,0.1736634712910784
73252593,86,C,0.00400623,0.0380145364244766
73252586,93,C,0.0214326,0.46681322185690055
73252583,96,C,0.037045,0.8509767967405496
73252579,100,C,0.0523359,1.0
73252578,101,A,0.0431013,1.0
