chrom_coord,local_coord,ref,mmRate,DMS_signal
75779778,3,A,0.0125126,0.13661215306570762
75779776,5,C,0.00773337,0.0
75779774,7,C,0.0147986,0.20195644114311917
75779773,8,A,0.0301858,0.6417926745222735
75779771,10,A,0.0153885,0.2188184689370234
75779769,12,C,0.0132127,0.15662419859632698
75779760,21,C,0.0275961,0.5677672577094683
75779756,25,C,0.0332277,0.7287440261857373
75779749,32,C,0.0262888,0.5303986716186547
75779744,37,C,0.0427173,1.0
75779735,46,C,0.0256041,0.5108268282036925
75779733,48,C,0.0233296,0.44581126248537545
75779731,50,C,0.0209259,0.37710257252401325
75779728,53,C,0.0144721,0.1926235846001293
75779726,55,A,0.0257108,0.5138768000050309
75779725,56,C,0.0162736,0.2441186567661209
75779722,59,C,0.0128889,0.1473685203463419
75779719,62,C,0.00934882,0.0461769160869005
75779717,64,C,0.0107154,0.08523999447746437
75779714,67,C,0.0192716,0.32981514655443234
75779713,68,C,0.0154705,0.22116240228013265
75779711,70,C,0.0324734,0.7071826978844287
75779707,74,C,0.0265134,0.5368187622145368
75779706,75,A,0.0351298,0.7831147043799827
75779704,77,C,0.0430706,1.0
75779701,80,A,0.0192896,0.33032966850779777
75779700,81,A,0.0241995,0.4706769651094088
75779698,83,C,0.0376586,0.8553993219172347
75779695,86,C,0.0185295,0.30860254979929364
75779693,88,C,0.0269209,0.5484669675476712
75779690,91,C,0.0212346,0.38592662402423056
75779686,95,C,0.0161226,0.23980238926844416
75779683,98,A,0.0295947,0.6248963452648117
75779681,100,A,0.0385157,0.8798991422633193
75779680,101,A,0.0302654,0.6440680049382674
