chrom_coord,local_coord,ref,mmRate,DMS_signal
87455410,3,A,,
87455413,6,C,,
87455414,7,A,,
87455416,9,C,,
87455417,10,A,,
87455420,13,A,,
87455423,16,C,,
87455424,17,A,,
87455426,19,C,,
87455428,21,C,,
87455432,25,C,,
87455433,26,C,,
87455434,27,A,,
87455435,28,A,,
87455438,31,A,,
87455440,33,A,,
87455441,34,A,,
87455444,37,A,,
87455445,38,A,,
87455448,41,C,,
87455451,44,A,,
87455458,51,C,,
87455460,53,C,,
87455461,54,C,,
87455475,68,C,,
87455476,69,C,,
87455479,72,C,,
87455482,75,A,0.0181471,0.0
87455485,78,C,0.0370511,0.5193021396764524
87455492,85,A,0.0236024,0.1498597631494367
87455493,86,C,0.0345846,0.4515461765198735
87455494,87,A,0.0545498,1.0
87455496,89,C,0.0373698,0.5280569847840957
87455497,90,A,0.0358053,0.4850794034508429
87455503,96,A,0.0341064,0.43840978828493493
87455504,97,A,0.0316519,0.3709834710062714
87455508,101,A,0.0218594,0.10197869938218872
