chrom_coord,local_coord,ref,mmRate,DMS_signal
102827593,2,A,0.0507476,1.0
102827590,5,C,,
102827589,6,A,,
102827586,9,A,,
102827583,12,A,,
102827577,18,A,,
102827572,23,C,,
102827569,26,A,,
102827567,28,C,,
102827562,33,C,,
102827561,34,A,0.0240493,0.3986908644065163
102827559,36,C,0.0236652,0.39004002000887844
102827555,40,C,0.0387494,0.7297720352727427
102827554,41,A,0.0403369,0.7655263062470989
102827551,44,A,0.0308551,0.5519736470189722
102827547,48,C,0.0195143,0.2965518918907962
102827546,49,C,0.0108558,0.1015419043434176
102827543,52,C,0.036287,0.6743129380461254
102827542,53,A,0.0371021,0.6926709262484547
102827540,55,A,0.0387864,0.7306053631631685
102827538,57,C,0.0107283,0.09867030147776062
102827535,60,A,0.025277,0.4263415847058657
102827534,61,C,0.0275425,0.477366026212892
102827533,62,A,0.0166312,0.23161763132628188
102827531,64,C,0.0369232,0.6886416732863683
102827524,71,C,0.0262175,0.4475238787854765
102827518,77,C,0.0307645,0.5499331198061995
102827514,81,C,0.029271,0.5162959521210334
102827512,83,C,0.0453681,0.8788408814446934
102827508,87,A,0.0422437,0.8084719716920769
102827506,89,C,0.0114877,0.11577379336936765
102827505,90,C,0.00634731,0.0
102827504,91,C,0.00884169,0.05617936279245022
102827503,92,C,0.0316947,0.5708834334190159
102827500,95,A,0.0508467,1.0
102827496,99,C,0.0203584,0.3155630289802161
102827495,100,C,0.0126519,0.1419943428297428
