chrom_coord,local_coord,ref,mmRate,DMS_signal
30617245,2,C,,
30617244,3,C,,
30617243,4,A,,
30617240,7,C,0.0171964,0.27611759915821715
30617232,15,C,0.0478455,0.8576152243394543
30617227,20,A,0.0205807,0.34032706739385415
30617225,22,A,0.0250412,0.4249550061300946
30617221,26,A,0.0513054,0.9232590322608798
30617220,27,A,0.00308642,0.008412516093632786
30617214,33,C,0.0198104,0.32571236025148753
30617213,34,C,0.0140382,0.21619786905692928
30617211,36,A,0.0449389,0.8024690374252615
30617210,37,C,0.00277778,0.0025567674081595766
30617204,43,C,0.0553502,1.0
30617201,46,C,0.0487798,0.8753414620171293
30617199,48,A,0.0330942,0.5777425390620404
30617192,55,A,0.00264302,0.0
30617191,56,A,0.00513094,0.04720267713051618
30617190,57,A,0.017554,0.28290225354496296
30617189,58,A,0.0382776,0.6760858767249547
30617183,64,C,0.0343151,0.6009063660776387
30617180,67,A,0.0385153,0.6805956987264353
30617178,69,A,0.0212802,0.3535985040368314
30617176,71,C,0.0283429,0.48759732544977746
30617170,77,A,0.0336624,0.5885228540020544
30617168,79,C,0.0794149,1.0
30617163,84,A,0.0151683,0.23763897062980793
30617162,85,A,0.0365988,0.6442344287818093
30617160,87,C,0.0481196,0.8628156543377961
30617156,91,A,0.0352244,0.6181582850761509
30617154,93,A,0.0316752,0.5508202108327557
30617150,97,A,0.022601,0.37865770849436453
30617146,101,A,0.0474239,0.8496163141340515
