chrom_coord,local_coord,ref,mmRate,DMS_signal
172771199,1,C,,
172771197,3,C,,
172771194,6,C,,
172771192,8,A,,
172771191,9,A,,
172771188,12,A,,
172771187,13,C,0.0401924,0.7045241093781072
172771186,14,A,0.0170427,0.23238717769608472
172771179,21,C,0.0214805,0.3228958786908483
172771170,30,C,0.024393,0.38229616523987014
172771168,32,A,0.0134567,0.15925089355366676
172771167,33,C,0.0150891,0.19254360694855885
172771165,35,C,0.0136203,0.16258750707449765
172771160,40,C,0.0219316,0.3320960398109388
172771157,43,A,0.0502777,0.9102132801705017
172771152,48,C,0.0143163,0.1767823910017489
172771151,49,A,0.0436037,0.7740973960749922
172771148,52,C,0.0256874,0.40869538615284995
172771142,58,A,0.0439942,0.7820616233358997
172771141,59,A,0.0600706,1.0
172771140,60,C,0.0347538,0.5936041442534684
172771139,61,C,0.025063,0.3959607805146665
172771137,63,C,0.046623,0.835675863088713
172771135,65,A,0.0546801,1.0
172771134,66,A,0.0508682,0.9222564970656769
172771132,68,A,0.0366868,0.6330275790686647
172771131,69,A,0.0358752,0.6164750391328069
172771129,71,C,0.024126,0.3768507140781229
172771128,72,C,0.0137941,0.1661321490666762
172771126,74,A,0.0213886,0.3210215829539023
172771123,77,A,0.0400803,0.7022378356881002
172771121,79,C,0.0172384,0.23637846905321555
172771120,80,C,0.0142707,0.17585238136513587
172771119,81,C,0.0173871,0.23941119784629347
172771116,84,A,0.0423911,0.7493664819224279
172771114,86,C,0.0302071,0.5008744334028461
172771113,87,C,0.00879637,0.06420370474233532
172771112,88,C,0.00992791,0.08728140439613108
172771111,89,C,0.00818871,0.0518105105365401
172771109,91,C,0.0307985,0.5129360057513754
172771105,95,A,0.054147,0.9891274531298598
172771104,96,C,0.0235365,0.3648278921311191
172771102,98,C,0.0133202,0.15646698312827914
172771100,100,C,0.0107567,0.10418453349105425
172771099,101,C,0.00564835,0.0
