chrom_coord,local_coord,ref,mmRate,DMS_signal
63773622,3,C,,
63773620,5,C,,
63773617,8,A,,
63773616,9,C,,
63773614,11,A,,
63773612,13,C,,
63773611,14,C,,
63773609,16,C,,
63773607,18,C,,
63773605,20,C,,
63773604,21,A,,
63773601,24,C,,
63773599,26,A,,
63773598,27,C,,
63773595,30,A,,
63773594,31,A,,
63773593,32,C,,
63773590,35,A,,
63773589,36,C,,
63773586,39,C,,
63773583,42,A,0.015963,0.12485366443602361
63773580,45,C,0.014409,0.07473675723615257
63773578,47,A,0.0386893,0.8577827944852052
63773577,48,C,0.0430991,1.0
63773573,52,A,0.0381078,0.8390292671127951
63773572,53,A,0.0325901,0.6610819962912198
63773570,55,A,0.033357,0.6858147222446181
63773568,57,A,0.0386831,0.8575828428605982
63773565,60,C,0.0120916,0.0
63773563,62,C,0.0215806,0.3060227364347335
63773560,65,C,0.0229264,0.34942513907925504
63773556,69,A,0.0349001,0.7355801015883254
63773555,70,C,0.0230588,0.35369507377247444
63773552,73,A,0.0348779,0.7348641457711844
63773550,75,C,0.0320599,0.6439829073611223
63773548,77,A,0.0389022,0.8646488752721114
63773547,78,C,0.0333453,0.6854373941788277
63773542,83,C,0.01652,0.1428170603886157
63773538,87,C,0.0128652,0.024948802709022045
63773535,90,C,0.0154846,0.10942513907925502
63773532,93,C,0.0151904,0.09993711198903493
63773531,94,C,0.0159916,0.12577602193017826
63773529,96,A,0.0467393,1.0
63773527,98,A,0.0420304,0.9655341449649278
63773524,101,C,0.0173587,0.1698653551560107
