chrom_coord,local_coord,ref,mmRate,DMS_signal
21567713,2,C,,
21567714,3,A,0.0146332,0.22160074041286063
21567717,6,C,0.0099403,0.08171815129281625
21567723,12,A,0.0360795,0.860856631449364
21567724,13,A,0.0155583,0.24917545608865874
21567727,16,A,0.0175393,0.3082236797982643
21567729,18,C,0.02222,0.44774262008980925
21567730,19,A,0.0237991,0.49481129755565384
21567732,21,C,0.00719875,0.0
21567733,22,A,0.0242361,0.507837079363376
21567734,23,C,0.0356312,0.8474940273660646
21567735,24,C,0.0214173,0.4238163156114143
21567736,25,A,0.0128191,0.1675273519062501
21567737,26,A,0.0294119,0.6621136044901688
21567738,27,A,0.0203095,0.39079580969243355
21567740,29,C,0.0316028,0.7274183764868243
21567741,30,C,0.0246149,0.5191280774154702
21567742,31,A,0.0324432,0.7524684154598442
21567743,32,A,0.0329126,0.7664599531727614
21567745,34,A,0.0286809,0.6403244820612329
21567749,38,C,0.0218334,0.4362191252457237
21567752,41,C,0.0218038,0.4353368297273975
21567753,42,C,0.0104276,0.09624323933607261
21567754,43,A,0.0233247,0.480670723437614
21567756,45,C,0.0321538,0.7438421883313436
21567757,46,A,0.0407476,1.0
21567760,49,A,0.0321551,0.7438809377966754
21567763,52,C,0.0320917,0.7419911561797199
21567766,55,A,0.0403332,0.9876478627434321
21567769,58,A,0.047965,1.0
21567770,59,A,0.0357502,0.8510410938079844
21567774,63,A,,
21567775,64,A,,
21567776,65,A,,
21567777,66,A,,
21567779,68,C,,
21567780,69,C,,
21567781,70,A,,
21567784,73,C,,
21567786,75,C,,
21567790,79,C,,
21567791,80,A,,
21567793,82,C,,
21567796,85,C,,
21567797,86,C,,
21567801,90,C,,
21567808,97,C,,
21567811,100,C,,
