chrom_coord,local_coord,ref,mmRate,DMS_signal
61967633,4,C,0.000925927,0.01970619282944499
61967632,5,C,0.00494689,0.1052829955774625
61967631,6,A,0.00558068,0.11877173492016872
61967629,8,A,0.0025959,0.05524766635593977
61967628,9,C,0.00972979,0.20707584715642333
61967624,13,C,0.0366987,0.7810460854796899
61967621,16,C,0.0217367,0.46261487317660777
61967619,18,C,0.0211158,0.44940046736729194
61967618,19,C,0.0234462,0.4989975865459514
61967616,21,A,0.0350872,0.7467490731400015
61967614,23,A,0.00401014,0.08534646048022201
61967611,26,C,0.00216919,0.046166140984876536
61967608,29,C,0.000575675,0.012251897349457079
61967600,37,C,0.000338336,0.007200691260912685
61967599,38,C,0.000879332,0.018714527120498183
61967596,41,C,0.000330249,0.007028578360638991
61967593,44,C,0.000558658,0.011889730263521938
61967592,45,A,0.00279388,0.059461208089114766
61967591,46,A,0.000217715,0.004633555098687711
61967590,47,C,0.0,0.0
61967589,48,A,0.00560965,0.11938829368373109
61967585,52,C,0.0400084,0.8514853170904044
61967580,57,A,0.00180562,0.03842840299149119
61967579,58,C,2.91496e-05,0.000620381129939174
61967576,61,A,0.00458941,0.09767486900520574
61967575,62,A,0.0141011,0.30010896723746766
61967574,63,C,0.000406507,0.008651551719000736
61967573,64,C,0.000386426,0.008224174551893518
61967572,65,C,0.000230518,0.004906037040347673
61967569,68,C,0.0014522,0.03090668403332014
61967567,70,C,0.00294791,0.06273937675848008
61967565,72,C,0.00427503,0.09098402523272592
61967561,76,C,0.0166423,0.3541924718962427
61967560,77,C,0.0142218,0.30267778473011453
61967559,78,C,0.0366823,0.7806970497971761
61967558,79,C,0.0527742,1.0
61967557,80,A,0.0136591,0.2907020299404511
61967556,81,C,0.0369141,0.7856303712122179
61967555,82,C,0.0186139,0.39615337138673573
61967554,83,C,0.0318562,0.6779847871520817
61967553,84,C,0.040425,0.8603516747327962
61967550,87,C,0.0106022,0.22564305567970444
61967549,88,C,0.0136313,0.29011037189326316
61967546,91,C,0.0119496,0.25431931657110746
61967545,92,C,0.0298508,0.6353045336329932
61967543,94,C,0.0469866,1.0
61967542,95,C,0.0334355,0.7115964977248832
61967541,96,C,0.0355554,0.7567136162224974
61967540,97,A,0.017649,0.3756177293100586
61967538,99,A,0.0820086,1.0
61967536,101,C,0.0136747,0.2910340394921105
