chrom_coord,local_coord,ref,mmRate,DMS_signal
97998561,1,A,0.0347692,0.4659625471234224
97998562,2,C,0.0699828,1.0
97998564,4,C,0.037886,0.5298209309949189
97998565,5,A,0.0308765,0.38620717915095887
97998569,9,A,0.0289416,0.34656408785445014
97998570,10,A,0.0143819,0.04825848221603014
97998571,11,A,0.0357177,0.485395836748074
97998572,12,A,0.0362272,0.49583469922963447
97998574,14,A,0.038103,0.5342669234551712
97998576,16,A,0.0398146,0.5693349450909686
97998577,17,A,0.0390769,0.5542206195705621
97998579,19,C,0.0485604,0.7485227831503032
97998585,25,A,0.01378,0.03592648746107195
97998589,29,C,0.0202762,0.16902352073430588
97998593,33,A,0.0232125,0.22918374037043107
97998594,34,C,0.0769162,1.0
97998595,35,A,0.0294983,0.35797000491722675
97998600,40,A,0.033291,0.435676528437961
97998602,42,C,0.0423263,0.6207957711850516
97998605,45,A,0.0144503,0.04965989182101292
97998606,46,A,0.0310147,0.3890386821832486
97998607,47,A,0.0197627,0.1585027044746763
97998608,48,A,0.0344799,0.46003524012456976
97998609,49,A,0.0201999,0.16746025241763646
97998610,50,C,0.0513869,0.8064333715784298
97998613,53,C,0.0216852,0.19789173905917065
97998614,54,C,0.0124048,0.007750778560891654
97998615,55,A,0.0120265,0.0
97998616,56,A,0.0249007,0.26377233240452386
97998617,57,A,0.0218031,0.20030732666775936
97998619,59,C,0.0439087,0.6532166857892149
97998621,61,C,0.0219646,0.2036162104573021
97998622,62,A,0.0376757,0.5255122111129322
97998623,63,C,0.0466447,0.7092730699885264
97998624,64,A,0.0284965,0.3374446811998033
97998625,65,C,0.0463963,0.7041837403704311
97998626,66,A,0.0297979,0.3641083428946075
97998628,68,C,0.0404829,0.5830273725618751
97998630,70,A,0.0196411,0.15601130962137358
97998631,71,A,0.0265922,0.2984285363055237
97998632,72,A,0.0343113,0.45658088837895433
97998633,73,C,0.0608345,1.0
97998636,76,A,0.0303466,0.3753503524012457
97998637,77,A,0.037077,0.5132457793804294
97998642,82,A,0.0159832,0.08106662842157021
97998643,83,A,0.0375218,0.522359039501721
97998644,84,A,0.027094,0.30870963776430094
97998646,86,A,0.0212977,0.18995246680871986
97998647,87,A,0.0260983,0.2883092935584331
97998648,88,A,0.0347515,0.4655999016554662
97998649,89,C,0.0548648,0.8776901327651204
97998652,92,A,0.0278644,0.32449393542042293
97998653,93,A,0.0410713,0.5950827733158498
97998654,94,A,0.0350674,0.4720722012784789
97998656,96,A,0.03523,0.4754036223569906
97998658,98,A,0.0325428,0.42034707425012285
97998660,100,C,0.0241293,0.2479675463038846
97998661,101,A,0.0354281,0.47946238321586615
