chrom_coord,local_coord,ref,mmRate,DMS_signal
20507607,6,C,,
20507608,7,C,,
20507612,11,C,,
20507614,13,C,,
20507619,18,A,,
20507620,19,C,,
20507623,22,A,,
20507626,25,C,,
20507629,28,C,,
20507632,31,C,,
20507638,37,C,,
20507641,40,C,,
20507642,41,C,,
20507643,42,A,,
20507644,43,A,,
20507646,45,C,,
20507650,49,A,,
20507652,51,A,,
20507653,52,C,,
20507657,56,C,,
20507660,59,C,0.0428419,0.9390944626638086
20507664,63,A,0.0234536,0.39232647195432124
20507666,65,C,0.0213711,0.33359804601432097
20507672,71,A,0.031793,0.627505264407641
20507673,72,A,0.0250799,0.4381896359909226
20507674,73,C,0.0373088,0.7830559255360221
20507675,74,A,0.0450016,1.0
20507678,77,C,0.0394465,0.8433410425261486
20507679,78,A,0.0291253,0.5522736572623163
20507683,82,A,0.0245778,0.424029951638234
20507684,83,C,0.0373351,0.7837976098588177
20507689,88,C,0.02272,0.3716382735055413
20507690,89,C,0.0208716,0.31951168406616726
20507694,93,C,0.0270996,0.49514704385215613
20507695,94,A,0.0522973,1.0
20507696,95,A,0.0419897,0.9150616345312427
20507698,97,A,0.0380319,0.8034480142741801
20507700,99,A,0.0295669,0.5647271856633266
20507701,100,C,0.0348888,0.7148096874688907
20507702,101,C,0.00954177,0.0
