chrom_coord,local_coord,ref,mmRate,DMS_signal
52404471,4,A,,
52404470,5,C,,
52404466,9,C,,
52404459,16,C,,
52404454,21,C,,
52404453,22,C,,
52404452,23,A,,
52404451,24,C,,
52404449,26,C,,
52404448,27,C,,
52404446,29,A,,
52404441,34,C,,
52404439,36,C,,
52404437,38,A,,
52404436,39,A,,
52404430,45,C,,
52404425,50,C,,
52404423,52,C,,
52404422,53,C,,
52404419,56,C,,
52404418,57,C,,
52404417,58,A,,
52404416,59,C,,
52404415,60,C,,
52404412,63,C,,
52404407,68,C,,
52404406,69,A,,
52404402,73,C,0.0453755,0.6682939452646892
52404400,75,A,0.0327838,0.3747380151397525
52404396,79,A,0.0487195,0.7462541119092081
52404394,81,A,0.0466175,0.6972492463928269
52404393,82,C,0.0430444,0.6139479690490678
52404392,83,A,0.0378528,0.4929138777955737
52404391,84,C,0.0306833,0.32576811979381587
52404390,85,A,0.0208324,0.0961096851052719
52404389,86,C,0.0388466,0.5160827813874765
52404387,88,C,0.0596036,1.0
52404380,95,C,0.0276597,0.25527758155626584
52404379,96,C,0.0167099,0.0
52404375,100,C,0.0214192,0.10979001578320359
