chrom_coord,local_coord,ref,mmRate,DMS_signal
49689536,4,C,,
49689537,5,C,,
49689538,6,C,,
49689541,9,A,,
49689542,10,A,,
49689543,11,C,,
49689546,14,A,,
49689547,15,C,,
49689549,17,C,,
49689550,18,C,,
49689553,21,A,,
49689555,23,C,,
49689556,24,C,,
49689557,25,A,,
49689558,26,A,,
49689560,28,A,,
49689568,36,C,,
49689571,39,A,,
49689579,47,A,,
49689581,49,C,,
49689582,50,C,,
49689587,55,C,,
49689589,57,C,,
49689592,60,C,0.0354144,1.0
49689595,63,C,0.0109943,0.25429640466682735
49689596,64,C,0.0116263,0.27359545226493565
49689598,66,A,0.0162742,0.4155259005738719
49689601,69,C,0.00266667,0.0
49689603,71,C,0.00311526,0.013698354053853506
49689604,72,C,0.0107527,0.2469187940660315
49689610,78,A,,
49689614,82,A,,
49689619,87,C,,
49689622,90,C,,
49689623,91,A,,
49689627,95,C,,
49689629,97,C,,
49689632,100,A,,
