chrom_coord,local_coord,ref,mmRate,DMS_signal
129626158,1,A,,
129626159,2,A,,
129626162,5,C,,
129626163,6,A,,
129626165,8,C,,
129626167,10,C,,
129626169,12,C,,
129626171,14,C,,
129626172,15,C,,
129626174,17,C,,
129626176,19,A,,
129626178,21,C,,
129626182,25,C,,
129626184,27,C,,
129626187,30,C,,
129626192,35,C,,
129626198,41,C,,
129626202,45,C,,
129626205,48,A,,
129626207,50,C,,
129626210,53,C,,
129626217,60,C,,
129626224,67,C,0.0268671,0.6231849483867437
129626227,70,C,0.0190912,0.4002247408154611
129626229,72,C,0.0362925,0.8934416569918394
129626230,73,C,0.0147235,0.2749886525672725
129626232,75,C,0.0134514,0.23851343039987985
129626233,76,C,0.0142986,0.26280539504119343
129626235,78,C,0.0198225,0.4211934775272088
129626236,79,C,0.0133459,0.23548840411369173
129626238,81,C,0.00513307,0.0
129626239,82,C,0.0236646,0.5313589134908432
129626241,84,C,0.0189014,0.39478256082381646
129626242,85,C,0.0294888,0.6983575684293921
129626243,86,C,0.0304805,0.7267928155195607
129626245,88,C,0.0196169,0.4152982604235095
129626246,89,C,0.0207645,0.4482036648408508
129626247,90,C,0.0400088,1.0
129626250,93,C,0.0225523,0.49946567426689004
129626251,94,C,0.0237237,0.5330535016758073
129626253,96,C,0.0422998,1.0
129626256,99,C,0.0164816,0.3253990669155886
129626257,100,C,0.0335032,0.813463402773218
129626258,101,C,0.0398271,0.9947900732113709
