chrom_coord,local_coord,ref,mmRate,DMS_signal
44739819,1,C,,
44739821,3,C,,
44739825,7,C,,
44739827,9,C,,
44739829,11,C,,
44739833,15,A,,
44739837,19,A,,
44739838,20,A,0.0165136,0.28135151488125865
44739839,21,A,0.0372339,0.7192501643681195
44739840,22,C,0.0192614,0.33942296698668173
44739843,25,C,0.0118388,0.1825552326545932
44739846,28,C,0.00944109,0.131882512140839
44739852,34,A,0.0290109,0.5454669375456094
44739853,35,C,0.017331,0.29862628194981267
44739855,37,C,0.00976678,0.13876557904389422
44739858,40,C,0.0175452,0.30315314163428086
44739862,44,A,0.0398908,0.7754005541704698
44739863,45,A,0.0250801,0.4623942015619145
44739865,47,A,0.0383424,0.7426769802422228
44739866,48,C,0.0374402,0.7236100670427497
44739869,51,C,0.0336452,0.6434073009243712
44739872,54,A,0.0270354,0.5037171181867539
44739878,60,A,0.0133168,0.21379098715339775
44739880,62,C,0.01952,0.34488816733403677
44739882,64,A,0.00320073,0.0
44739883,65,A,0.0340657,0.6522940632834695
44739884,66,A,0.0278028,0.5199351953196244
44739888,70,A,0.0323548,0.6161362470642512
44739894,76,C,0.0377344,0.7298276306243114
44739900,82,A,0.0367714,0.7094757824630471
44739904,86,C,0.055918,1.0
44739906,88,C,0.0505183,1.0
44739911,93,C,0.0445494,0.8738544688579739
44739913,95,C,0.0419973,0.8199189011608161
44739916,98,C,0.0471297,0.928386009678857
44739917,99,C,0.0422312,0.8248620966799437
