chrom_coord,local_coord,ref,mmRate,DMS_signal
46976759,4,A,,
46976757,6,A,,
46976756,7,A,,
46976755,8,A,,
46976754,9,A,,
46976751,12,A,,
46976746,17,C,,
46976743,20,A,,
46976742,21,C,,
46976740,23,C,,
46976736,27,C,,
46976735,28,A,,
46976734,29,A,,
46976732,31,A,,
46976728,35,A,,
46976725,38,C,,
46976724,39,A,,
46976723,40,A,,
46976722,41,C,,
46976720,43,A,,
46976719,44,C,,
46976716,47,C,0.016285,0.05817543425223537
46976706,57,C,0.0181683,0.08806951210414116
46976705,58,C,0.0240516,0.18145656049054668
46976702,61,C,0.0779078,1.0
46976700,63,A,0.0338149,0.3364317902954169
46976698,65,A,0.0374914,0.394789766837939
46976695,68,A,0.0300135,0.2760912457479551
46976694,69,A,,
46976692,71,A,0.044815,0.5110390465895545
46976689,74,C,0.0407548,0.44659050684851054
46976684,79,C,0.0756191,1.0
46976681,82,C,0.0564852,0.696282962772484
46976679,84,A,0.01262,0.0
46976678,85,A,0.0352938,0.3599067288262848
46976677,86,A,0.0494586,0.5847480360830551
46976674,89,A,0.0463209,0.5349425626715302
46976673,90,A,0.0361408,0.3733513653369651
46976672,91,C,0.0616899,0.7788984287077116
46976669,94,C,0.0172542,0.07355978101274464
46976666,97,A,0.0327915,0.3201871137841652
46976665,98,A,0.0213254,0.13818292642275845
46976662,101,C,0.0133128,0.010996982496575353
