chrom_coord,local_coord,ref,mmRate,DMS_signal
31736338,1,C,0.0165524,0.14956761655199394
31736337,2,C,0.0146347,0.1102410146292006
31736336,3,C,0.0343624,0.5148003329544292
31736335,4,C,0.0355478,0.5391095335172279
31736334,5,C,0.0380601,0.590629699346416
31736333,6,A,0.0246282,0.3151794285184614
31736329,10,A,0.0212012,0.24490135332973909
31736328,11,C,0.051196,0.8600098475435382
31736325,14,C,0.0262577,0.34859586374461343
31736324,15,C,0.0165724,0.14997775997299617
31736323,16,A,0.0215701,0.25246644873012414
31736322,17,C,0.0531069,0.8991970007031909
31736319,20,C,0.0300515,0.4263959692745157
31736318,21,C,0.0249103,0.3209645014716971
31736313,26,C,0.00925897,0.0
31736312,27,C,0.0173081,0.16506488571456107
31736311,28,C,0.0257696,0.3385863135550554
31736310,29,C,0.0295627,0.4163720640652226
31736308,31,A,0.0385878,0.6014513335095583
31736307,32,C,0.0564014,0.9667578757277738
31736305,34,C,0.0382818,0.595176139168225
31736304,35,A,0.030069,0.42675484476789266
31736303,36,A,0.0325079,0.47676978424200267
31736302,37,C,0.0476727,0.7877569317826904
31736301,38,C,0.0280975,0.3863249570426034
31736300,39,A,0.0250341,0.3235032892477005
31736296,43,C,0.0302357,0.4301733901819457
31736293,46,A,0.045733,0.7479791720967947
31736292,47,A,0.0337869,0.5029984560150916
31736290,49,A,0.0271663,0.3672286793607422
31736289,50,A,0.0196393,0.21287120286657435
31736288,51,C,0.0731922,1.0
31736287,52,A,0.0252604,0.3281440620563401
31736286,53,A,0.0222571,0.2665548752415488
31736285,54,C,0.0580224,1.0
31736284,55,C,0.0346144,0.5199681400590564
31736282,57,C,0.0656509,1.0
31736281,58,A,0.0376659,0.5825457725184632
31736277,62,C,0.0286128,0.39689230228472444
31736275,64,A,0.0340046,0.5074628671527004
31736274,65,A,0.0444241,0.7211373359093074
31736268,71,C,0.0288766,0.402302094007743
31736264,75,A,0.0371863,0.572710533282831
31736263,76,A,0.042515,0.6819870956575449
31736259,80,A,,
31736258,81,A,,
31736256,83,A,,
31736255,84,A,,
31736254,85,C,,
31736253,86,A,,
31736252,87,C,,
31736249,90,C,,
31736247,92,C,,
31736245,94,C,,
31736244,95,C,,
31736242,97,C,,
31736241,98,A,,
31736239,100,C,,
31736238,101,C,,
