chrom_coord,local_coord,ref,mmRate,DMS_signal
10122682,1,A,,
10122686,5,C,,
10122687,6,C,,
10122691,10,A,,
10122693,12,C,,
10122695,14,C,,
10122697,16,C,,
10122700,19,C,,
10122702,21,C,,
10122706,25,A,,
10122708,27,A,,
10122712,31,A,,
10122713,32,A,0.0392385,0.9726698287536846
10122714,33,A,0.0205924,0.4093879606472119
10122717,36,C,0.00704059,0.0
10122720,39,C,0.0224548,0.4656493853505812
10122724,43,A,0.0252065,0.5487757611862026
10122728,47,A,0.285747,1.0
10122734,53,C,0.0326011,0.7721599595923102
10122736,55,C,0.0148302,0.23531709433183667
10122737,56,C,0.0322938,0.7628767036798609
10122738,57,C,0.0203285,0.4014157796016689
10122742,61,C,0.0122938,0.15869473736360973
10122743,62,A,0.0145814,0.2278010706708625
10122744,63,C,0.0111303,0.12354645147316176
10122745,64,C,0.0181466,0.33550254798639745
10122746,65,C,0.0137458,0.20255834811816956
10122750,69,C,0.0189461,0.35965472208988963
10122751,70,C,0.0228036,0.4761863188431366
10122752,71,C,0.0178851,0.32760286877681255
10122753,72,A,0.0131586,0.1848195655871244
10122755,74,C,0.0101754,0.09469978349139235
10122756,75,C,0.0144253,0.2230854304237642
10122759,78,C,0.0307617,0.7165933441502045
10122760,79,C,0.0182593,0.3389071133665895
10122764,83,C,0.0318019,0.7480168482183128
10122765,84,C,0.0235137,0.49763779955719506
10122769,88,C,0.0103375,0.09959667832838558
10122772,91,C,0.0401432,1.0
10122774,93,C,0.0278317,0.6280806860848738
10122776,95,C,0.0296666,0.6835113605845582
10122778,97,C,0.0368551,0.9006694638277769
10122781,100,C,0.036437,0.8880390398219354
