chrom_coord,local_coord,ref,mmRate,DMS_signal
100376321,1,A,,
100376320,2,C,,
100376317,5,A,,
100376316,6,C,,
100376314,8,C,,
100376313,9,C,,
100376312,10,C,,
100376311,11,A,,
100376308,14,A,,
100376306,16,A,,
100376305,17,C,,
100376304,18,A,,
100376302,20,C,,
100376301,21,C,,
100376295,27,C,0.0300704,0.612521392541643
100376292,30,A,0.0105399,0.19382462735762798
100376290,32,C,0.0094376,0.17019341237274077
100376289,33,C,0.00450829,0.06451838349026377
100376285,37,A,0.012754,0.2412907192546059
100376283,39,C,0.025016,0.5041646720303358
100376281,41,C,0.0481447,1.0
100376278,44,A,0.0324886,0.6643630001588563
100376277,45,C,0.013456,0.25634026377006525
100376273,49,C,0.00594576,0.0953350056478668
100376272,50,C,0.0029606,0.03133885421514803
100376271,51,C,0.00500466,0.07515961199615916
100376268,54,C,0.0109846,0.20335814936051227
100376263,59,C,0.00149877,0.0
100376262,60,A,0.0337104,0.6905560678069878
100376257,65,A,,
100376256,66,A,,
100376254,68,C,,
100376252,70,A,,
100376247,75,A,,
100376244,78,A,,
100376243,79,A,,
100376240,82,C,,
100376239,83,C,,
100376234,88,C,,
100376231,91,A,,
100376227,95,A,,
100376224,98,A,,
100376223,99,A,,
100376222,100,A,,
100376221,101,C,,
