chrom_coord,local_coord,ref,mmRate,DMS_signal
113773741,1,A,,
113773740,2,A,,
113773738,4,A,,
113773737,5,C,,
113773734,8,C,,
113773733,9,C,,
113773730,12,C,,
113773726,16,A,,
113773725,17,C,,
113773721,21,A,,
113773719,23,C,,
113773716,26,C,,
113773713,29,C,,
113773711,31,C,,
113773707,35,C,,
113773705,37,A,,
113773704,38,C,,
113773702,40,A,,
113773700,42,A,,
113773696,46,A,,
113773695,47,C,0.0398238,1.0
113773694,48,C,0.00874734,0.1935477508889372
113773693,49,C,0.00128902,0.0
113773692,50,A,0.00409132,0.07272131824808653
113773689,53,C,0.0123326,0.28658733746501214
113773688,54,A,0.0168217,0.4030820988208574
113773686,56,C,0.0249196,0.6132273234724579
113773678,64,C,0.00848281,0.18668304321446758
113773677,65,C,0.0151641,0.36006641273156353
113773676,66,C,0.0233199,0.5717141761286818
113773673,69,C,0.0192847,0.4669983843167134
113773668,74,C,0.0230863,0.5656521199809628
113773667,75,C,0.020717,0.5041674040957286
113773666,76,A,0.0199282,0.4836975843640472
113773662,80,C,0.0131229,0.3070960830709297
113773661,81,C,0.00522086,0.10203353957126524
113773659,83,C,0.0104796,0.23850090749188138
113773655,87,C,0.0359821,0.9003056459645028
113773651,91,A,0.0306625,0.7622589255732095
113773650,92,C,0.0502067,1.0
113773649,93,A,0.0328514,0.8190621563169688
113773647,95,A,0.0327982,0.8176815853107244
113773646,96,A,0.0359686,0.8999553130963769
