chrom_coord,local_coord,ref,mmRate,DMS_signal
47356732,1,C,,
47356727,6,A,,
47356725,8,A,,
47356724,9,A,,
47356723,10,C,,
47356721,12,A,,
47356718,15,A,,
47356716,17,C,,
47356715,18,C,,
47356711,22,C,,
47356710,23,C,,
47356708,25,C,,
47356707,26,C,,
47356706,27,A,,
47356699,34,A,,
47356697,36,A,,
47356696,37,A,,
47356693,40,A,,
47356689,44,A,,
47356688,45,C,,
47356687,46,A,,
47356684,49,A,,
47356683,50,C,,
47356682,51,A,,
47356681,52,C,,
47356680,53,A,,
47356674,59,A,0.049641,0.5720711361205538
47356673,60,A,0.0236873,0.13004721062204935
47356672,61,C,0.0747671,1.0
47356671,62,A,0.0552528,0.6676470988970562
47356670,63,A,0.0293336,0.22621075148682804
47356667,66,C,0.0318832,0.2696336237728985
47356666,67,A,0.0396879,0.4025574123401617
47356664,69,C,0.0382587,0.378216351361478
47356663,70,C,0.0265931,0.17953661377896166
47356662,71,A,0.0160515,0.0
47356661,72,C,0.0227203,0.11357799290137541
47356660,73,A,0.0173486,0.022091232994297917
47356658,75,A,0.0270169,0.1867544570778464
47356654,79,A,,
47356653,80,A,,
47356651,82,C,,
47356649,84,C,,
47356647,86,A,,
47356646,87,C,,
47356640,93,A,,
47356639,94,A,,
47356638,95,C,,
47356637,96,C,,
47356636,97,A,,
47356634,99,C,,
