chrom_coord,local_coord,ref,mmRate,DMS_signal
138575424,1,A,,
138575423,2,C,,
138575422,3,C,,
138575421,4,C,,
138575420,5,C,,
138575419,6,A,,
138575418,7,C,,
138575409,16,A,0.0130693,0.2761075970136793
138575403,22,C,0.0372627,0.9112546736737426
138575402,23,C,0.0248675,0.5858446426480572
138575401,24,A,0.0271317,0.6452864743448719
138575399,26,A,0.0135609,0.28901352602266883
138575398,27,A,0.0129037,0.2717601156388041
138575396,29,C,0.013376,0.28415936354552856
138575394,31,C,0.00255208,0.0
138575391,34,C,0.0109972,0.22170894872334737
138575390,35,C,0.0123258,0.25658856076839104
138575388,37,C,0.0333629,0.808873587527979
138575387,38,C,0.0167177,0.37188870237657057
138575386,39,A,0.0333931,0.809666425314943
138575385,40,C,0.0465538,1.0
138575384,41,C,0.0388158,0.9520280633073096
138575382,43,C,0.029551,0.708800131894604
138575381,44,A,0.0146019,0.3163428020567577
138575379,46,C,0.0212136,0.4899191462974738
138575377,48,C,0.0249111,0.5869892693868528
138575375,50,C,0.0251443,0.5931114472649984
138575374,51,A,0.0218692,0.5071305520303735
138575372,53,C,0.0331795,0.8040588044111184
138575370,55,C,0.0212488,0.49084324861870327
138575365,60,C,0.0307482,0.7402301119791488
138575364,61,C,0.0273475,0.6509518516437731
138575361,64,C,0.0271809,0.646578117362045
138575358,67,A,0.0182177,0.41126806265623755
138575356,69,C,0.017745,0.3988583135867719
138575354,71,C,0.0352404,0.8581634201446955
138575346,79,C,0.0298668,0.7170907998788165
138575343,82,C,0.032721,0.7920218466189669
138575342,83,C,0.0184405,0.4171172103031108
138575340,85,C,0.0358011,0.872883425017235
138575337,88,A,0.0406431,1.0
138575336,89,C,0.0456163,1.0
138575334,91,C,0.029762,0.7143394952406105
138575333,92,C,0.0177814,0.39981391939622507
138575331,94,C,0.0371222,0.9075661402608803
138575330,95,C,0.0297278,0.713441645826234
138575329,96,A,0.0284427,0.6797040352293008
138575325,100,A,0.025315,0.5975928184648245
