chrom_coord,local_coord,ref,mmRate,DMS_signal
27146858,1,C,,
27146857,2,C,0.0,0.0
27146856,3,C,0.0,0.0
27146855,4,A,0.0,0.0
27146852,7,A,0.00321871,0.06038617615441043
27146851,8,C,0.0347176,0.6513364389020321
27146848,11,C,0.0349522,0.6557377664294654
27146847,12,C,0.0399381,0.7492781710289088
27146846,13,C,0.0533021,1.0
27146840,19,C,0.0315736,0.5923518960791414
27146838,21,C,0.0369741,0.6936706058485501
27146836,23,A,0.0281607,0.5283225238780461
27146834,25,C,0.029604,0.555400256275081
27146831,28,C,0.0393569,0.7383742854409113
27146828,31,C,0.0391146,0.7338284983143254
27146826,33,C,0.0448805,0.8420024726980738
27146823,36,C,0.0321706,0.6035522052602056
27146821,38,C,0.0414559,0.777753596950214
27146820,39,A,0.0255375,0.47910870303421443
27146817,42,C,0.0242046,0.45410218359126564
27146815,44,C,0.0465821,0.8739261680121422
27146812,47,A,0.0381739,0.7161800379347155
27146808,51,C,0.038777,0.7274947891358877
27146806,53,C,0.0460993,0.8648683635353955
27146805,54,C,0.0198401,0.3722198562533183
27146802,57,C,0.0341558,0.6407965164599518
27146801,58,A,0.0455703,0.8549438014637323
27146800,59,A,0.0334392,0.6273523932452943
27146799,60,C,0.0580909,1.0
27146798,61,A,0.0269429,0.5054753940276274
27146795,64,C,0.0357947,0.6715438978952049
27146794,65,C,0.0294159,0.5518713146386353
27146791,68,A,0.0183253,0.34380071329272205
27146790,69,A,0.0268041,0.5028713690454973
27146789,70,C,0.105512,1.0
27146788,71,C,0.0288322,0.5409205265833804
27146787,72,A,0.0199834,0.3749083056765118
27146785,74,C,0.0355902,0.6677072760735506
27146783,76,A,0.0390178,0.7320124347821193
27146782,77,A,0.0378327,0.7097787892034272
27146779,80,C,0.0361611,0.6784179234964477
27146778,81,C,0.0349628,0.6559366328906366
27146776,83,C,0.0389734,0.731179446963628
27146774,85,C,0.0488991,0.917395374666289
27146773,86,C,0.0350082,0.6567883816960308
27146772,87,C,0.0371704,0.6973533875776001
27146770,89,C,0.0478124,0.8970078101988477
27146768,91,C,0.0471924,0.8853759983190157
27146767,92,C,0.0190415,0.35723733211261843
27146766,93,C,0.0196548,0.3687434453802008
27146765,94,A,0.0427158,0.801390564349247
27146764,95,A,0.0420498,0.7888957470718789
27146762,97,A,0.0422232,0.7921489022008514
27146761,98,A,0.0374133,0.7019104312963279
