chrom_coord,local_coord,ref,mmRate,DMS_signal
28518225,1,C,,
28518226,2,A,,
28518228,4,A,,
28518231,7,C,,
28518232,8,C,,
28518235,11,C,,
28518236,12,A,,
28518238,14,A,,
28518240,16,C,,
28518242,18,C,,
28518243,19,A,,
28518246,22,C,,
28518248,24,C,,
28518254,30,C,,
28518255,31,A,,
28518259,35,C,0.0165104,0.3214246348216641
28518261,37,C,0.0365535,0.8112806360104321
28518264,40,C,0.011972,0.2105055416776342
28518265,41,C,0.00398204,0.015229867991517326
28518266,42,C,0.00469279,0.032600691509082805
28518269,45,C,0.0160459,0.310072193704662
28518274,50,A,0.0442752,1.0
28518276,52,C,0.0232641,0.4864859514457682
28518278,54,C,0.00801006,0.11367520678184323
28518279,55,C,0.00597144,0.06385106574859757
28518282,58,A,0.0258352,0.5493239737405451
28518286,62,C,0.00867071,0.12982157970745653
28518287,63,C,0.0140197,0.26055159910558895
28518294,70,C,0.00335889,0.0
28518295,71,C,0.00782724,0.10920706192713858
28518297,73,A,0.0439724,0.99259952815882
28518298,74,C,0.0550451,1.0
28518302,78,C,0.0117531,0.20515559687567136
28518303,79,A,0.0234634,0.49135686966884357
28518304,80,C,0.0195416,0.39550756165450895
28518305,81,C,0.0130149,0.2359941548981323
28518306,82,A,0.00674085,0.0826555473844049
28518307,83,A,0.0114599,0.19798975029761973
28518311,87,A,,
28518315,91,C,,
28518317,93,C,,
28518319,95,C,,
28518320,96,C,,
28518325,101,A,,
