chrom_coord,local_coord,ref,mmRate,DMS_signal
76358990,2,C,,
76358989,3,A,0.0140873,0.23884022886667847
76358987,5,C,0.00527491,0.0
76358986,6,C,0.00885208,0.096951235873017
76358984,8,C,0.0272547,0.595713316596466
76358983,9,C,0.0100355,0.12902520260002345
76358981,11,C,0.0421715,1.0
76358979,13,C,0.0130278,0.21012483809479415
76358977,15,C,0.029407,0.654046620568459
76358976,16,C,0.0146871,0.2550964736849666
76358975,17,C,0.0124282,0.19387401383163053
76358971,21,C,0.0329044,0.7488358680300808
76358970,22,C,0.0437972,1.0
76358969,23,C,0.0329201,0.7492613816073518
76358967,25,C,0.017673,0.33602265141575416
76358963,29,C,0.0268215,0.5839723941968621
76358961,31,C,0.021527,0.44047674866430747
76358960,32,A,0.0282169,0.6217916073002953
76358958,34,C,0.0256881,0.5532541083064857
76358956,36,C,0.0410242,0.9689049855284728
76358955,37,C,0.0362029,0.8382343734204164
76358954,38,A,0.0287497,0.6362319661518856
76358952,40,C,0.0230796,0.48255651809557465
76358951,41,C,0.017142,0.32163107756028403
76358949,43,C,0.030555,0.6851606069829217
76358948,44,C,0.00984316,0.12381225473681987
76358946,46,C,0.0373562,0.8694920045456774
76358945,47,C,0.0156108,0.28013130752733517
76358943,49,C,0.0209266,0.42420424218064595
76358942,50,C,0.0247914,0.5289510494059207
76358940,52,C,0.0207596,0.41967807865171275
76358938,54,C,0.0414389,0.9801445065790633
76358937,55,A,0.02569,0.5533056035801682
76358935,57,C,0.0136274,0.22637566235795775
76358934,58,C,0.0278453,0.6117202158790284
76358932,60,C,0.0324781,0.7372819547822713
76358931,61,C,0.0197189,0.3914722200615287
76358929,63,C,0.0327557,0.7448056852950367
76358928,64,C,0.0246509,0.5251431094309799
76358926,66,C,0.0266077,0.5781778207688028
76358925,67,A,0.0261095,0.5646752179537459
76358923,69,C,0.0226158,0.46998625076192674
76358920,72,C,0.0273176,0.597418081183112
76358918,74,C,0.0279038,0.613305728252936
76358916,76,C,0.0313193,0.7058752583910871
76358914,78,C,0.0272231,0.5948568688867996
76358906,86,C,0.00827746,0.08137743894489981
76358902,90,C,0.0237705,0.5012818257730592
76358901,91,C,0.0266398,0.5790478198662804
76358899,93,C,0.0315702,0.7126753447947357
76358897,95,C,0.0267686,0.5825386573664395
76358896,96,C,0.0295671,0.6583857749455979
76358893,99,C,0.0226802,0.4717316695120064
76358892,100,A,0.0352591,0.8126547737880384
76358891,101,C,0.0506479,1.0
