chrom_coord,local_coord,ref,mmRate,DMS_signal
3247791,3,C,,
3247792,4,C,,
3247795,7,C,,
3247799,11,C,0.0241032,0.38556545393751934
3247801,13,A,0.0238608,0.3804743774352736
3247802,14,A,0.0315914,0.5428385523868411
3247804,16,C,0.0320337,0.5521280867801713
3247805,17,A,0.0171689,0.23992580134048216
3247807,19,A,0.0116941,0.1249397219902581
3247810,22,C,0.00574538,0.0
3247811,23,C,0.0081019,0.049493496695840966
3247814,26,A,0.0226413,0.3548614739926642
3247815,27,A,0.0266203,0.43843157878818934
3247817,29,C,0.0390754,0.7000234391145896
3247828,40,A,0.0235019,0.37293647579890415
3247830,42,C,0.025995,0.42529853366915404
3247833,45,C,0.0139454,0.17222330503277278
3247835,47,C,0.0178811,0.2548839889844563
3247837,49,C,0.0260383,0.4262079545129957
3247843,55,A,0.0335689,0.5843715712943935
3247845,57,C,0.0416094,0.7532445111306391
3247846,58,A,0.0430146,0.782757632834251
3247857,69,A,0.0413592,0.7479896128597568
3247859,71,A,0.0415901,0.7528391572672176
3247861,73,C,0.0296605,0.5022842635329382
3247864,76,C,0.0897165,1.0
3247865,77,A,0.0386178,0.6904125620212415
3247867,79,C,0.0282224,0.47208015001033343
3247869,81,A,0.0396432,0.7119488237597013
3247874,86,C,0.0277214,0.4615577517940584
3247876,88,C,0.032492,0.5617536658271152
3247879,91,A,0.0299102,0.5075286604083952
3247881,93,A,0.0533581,1.0
3247886,98,C,0.0268371,0.44298498384465335
3247888,100,C,0.0326075,0.564179488170388
