chrom_coord,local_coord,ref,mmRate,DMS_signal
133953221,1,C,,
133953223,3,C,,
133953224,4,C,,
133953226,6,C,,
133953228,8,C,,
133953229,9,A,,
133953230,10,C,,
133953231,11,C,,
133953232,12,C,,
133953235,15,A,,
133953236,16,A,,
133953237,17,C,,
133953238,18,A,,
133953239,19,A,,
133953240,20,C,,
133953241,21,A,,
133953242,22,A,,
133953243,23,A,,
133953245,25,C,,
133953246,26,A,,
133953247,27,A,,
133953250,30,A,,
133953251,31,A,,
133953253,33,A,,
133953254,34,C,,
133953257,37,A,,
133953260,40,C,,
133953261,41,C,,
133953263,43,A,,
133953265,45,C,,
133953266,46,C,,
133953268,48,C,,
133953274,54,C,,
133953276,56,C,,
133953277,57,C,,
133953279,59,A,,
133953281,61,C,,
133953282,62,A,,
133953283,63,A,,
133953284,64,C,,
133953288,68,C,,
133953289,69,C,,
133953294,74,C,,
133953298,78,A,,
133953302,82,C,,
133953303,83,C,,
133953304,84,A,,
133953308,88,A,,
133953310,90,A,,
133953311,91,C,,
133953317,97,A,0.0439193,0.0
133953319,99,C,,
133953321,101,C,0.0591913,1.0
