chrom_coord,local_coord,ref,mmRate,DMS_signal
35587262,1,C,,
35587265,4,C,,
35587266,5,A,,
35587268,7,A,,
35587273,12,C,,
35587274,13,C,,
35587277,16,C,,
35587278,17,C,,
35587279,18,C,,
35587280,19,A,,
35587281,20,C,,
35587282,21,C,,
35587283,22,A,,
35587285,24,C,,
35587291,30,C,,
35587292,31,C,,
35587293,32,C,,
35587297,36,C,,
35587298,37,A,,
35587299,38,A,,
35587300,39,A,,
35587311,50,C,,
35587313,52,C,,
35587314,53,A,,
35587319,58,C,0.031574,0.48046045647558383
35587322,61,A,0.0197565,0.08842555732484081
35587324,63,A,0.0274979,0.345239516985138
35587325,64,C,0.0456638,0.9478768577494692
35587326,65,C,0.018397,0.043325371549893896
35587328,67,A,0.035173,0.5998540339702761
35587330,69,A,0.0336661,0.5498639861995753
35587331,70,A,0.0346066,0.5810642250530786
35587332,71,A,0.0278175,0.3558419585987261
35587333,72,A,0.0360127,0.6277103237791933
35587335,74,A,0.0292235,0.40248473991507433
35587336,75,A,0.0380195,0.6942841029723991
35587338,77,C,0.051013,1.0
35587342,81,A,0.017091,0.0
35587343,82,C,0.0397433,0.7514696125265394
35587347,86,C,0.0258856,0.29175291932059455
35587348,87,A,0.0264343,0.30995554670912956
35587351,90,A,0.0184066,0.043643842887473465
35587352,91,A,0.0322179,0.5018212579617835
35587353,92,A,0.0307347,0.45261743630573253
35587354,93,C,0.047235,1.0
35587355,94,C,0.031822,0.4886876326963908
35587356,95,A,0.0230522,0.19775743099787685
35587359,98,A,0.024426,0.24333200636942678
35587360,99,C,0.0441996,0.8993033439490445
35587361,100,A,0.0365972,0.6471005838641191
35587362,101,C,0.0469996,0.9921908174097666
