chrom_coord,local_coord,ref,mmRate,DMS_signal
102827242,3,C,0.0220322,0.421400967907853
102827241,4,C,0.0549756,1.0
102827239,6,C,0.014312,0.2621213881144613
102827237,8,C,0.00160711,0.0
102827235,10,C,0.0129936,0.23492077180923504
102827234,11,C,0.00456772,0.0610819300966443
102827232,13,A,0.0201302,0.3821597875281956
102827231,14,A,0.0438104,0.8707186727155578
102827229,16,C,0.0128381,0.23171256805054066
102827228,17,C,0.0162418,0.3019361251789528
102827225,20,A,0.0354948,0.6991550767297118
102827223,22,C,0.0249258,0.48110037881562207
102827222,23,C,0.010647,0.18650681077931705
102827220,25,C,0.0491751,0.9814006708137428
102827219,26,A,0.041607,0.8252591475585982
102827215,30,A,0.0268521,0.5208429055061237
102827214,31,C,0.0272498,0.5290480671449195
102827213,32,A,0.0500766,1.0
102827211,34,C,0.019645,0.3721493665396521
102827209,36,C,0.0260969,0.5052619699526445
102827205,40,C,0.029501,0.5754937796952269
102827203,42,C,0.0205729,0.39129336826114747
102827195,50,A,0.0355534,0.7003640847056571
102827189,56,C,0.030616,0.5984979416948684
102827184,61,C,0.0347532,0.683854730058022
102827180,65,C,0.0228739,0.43876653127565407
102827178,67,C,0.00553025,0.08094040188993117
102827176,69,C,0.0081108,0.13418111063268873
102827174,71,C,0.0290225,0.5656215899940354
102827170,75,A,0.046209,0.9202054735876115
102827168,77,C,0.0101329,0.1759001384169712
102827166,79,C,0.00703547,0.11199540164338433
102827164,81,C,0.0100668,0.17453639392533327
102827160,85,A,0.0255425,0.4938238467126434
102827159,86,A,0.0329933,0.6475452908623549
102827156,89,C,0.0290021,0.5652007066713515
102827153,92,A,0.0191625,0.36219465069675794
102827149,96,A,0.0334404,0.6567696503511797
102827144,101,A,0.0221162,0.42313401688361074
