chrom_coord,local_coord,ref,mmRate,DMS_signal
97983229,1,C,,
97983231,3,C,,
97983233,5,C,,
97983238,10,C,,
97983239,11,C,,
97983241,13,A,,
97983246,18,A,,
97983248,20,C,,
97983249,21,C,,
97983251,23,A,,
97983253,25,C,,
97983254,26,A,,
97983256,28,C,,
97983259,31,C,,
97983260,32,C,,
97983262,34,C,,
97983264,36,C,,
97983265,37,C,,
97983267,39,C,,
97983270,42,C,,
97983272,44,C,,
97983273,45,C,,
97983279,51,A,,
97983280,52,A,,
97983282,54,C,,
97983284,56,C,,
97983285,57,A,,
97983289,61,C,0.0250439,0.5109876747900597
97983290,62,A,0.0440849,0.9575206246817975
97983293,65,C,0.0103987,0.16754119835738912
97983294,66,C,0.00974383,0.15218375741964413
97983296,68,C,0.00325443,0.0
97983299,71,C,0.0200137,0.3930238050066754
97983300,72,C,0.0107615,0.17604926800818071
97983306,78,C,0.00761577,0.10227834754901696
97983309,81,C,0.0201458,0.3961216991656323
97983313,85,A,0.0458963,1.0
97983317,89,A,0.0312627,0.6568255566653151
97983319,91,C,0.0154163,0.28520958391365114
97983320,92,C,0.0202039,0.3974842097684741
97983321,93,C,0.0153704,0.28413317708627694
97983322,94,A,0.0348235,0.7403303372952452
97983324,96,C,0.015835,0.2950285716831837
97983326,98,C,0.0259203,0.5315402443654559
97983329,101,C,0.0340417,0.7219962445361802
