chrom_coord,local_coord,ref,mmRate,DMS_signal
207752055,1,C,,
207752058,4,C,,
207752060,6,C,,
207752064,10,C,,
207752065,11,C,,
207752066,12,A,,
207752067,13,C,,
207752069,15,C,,
207752070,16,C,,
207752071,17,C,,
207752072,18,A,,
207752073,19,C,,
207752074,20,C,,
207752078,24,C,0.0435107,0.805161175218174
207752079,25,C,0.0129255,0.15862545099720374
207752082,28,C,0.040765,0.7471202554925055
207752083,29,A,0.0305351,0.5308720110733712
207752085,31,C,0.0499377,0.9410205156693784
207752086,32,A,0.0313153,0.5473645359559026
207752087,33,C,0.0471497,0.88208542290791
207752091,37,A,0.0202593,0.31365349378560314
207752094,40,C,0.0404561,0.7405904670584963
207752101,47,A,0.0196727,0.3012534488021464
207752109,55,A,0.024764,0.4088776373876788
207752116,62,C,0.0586076,1.0
207752119,65,C,0.00955957,0.08747358701635385
207752120,66,C,0.00542152,0.0
207752121,67,C,0.0312326,0.5456163536849653
207752122,68,A,0.0336784,0.5973177345587097
207752124,70,A,0.0360608,0.647678912820877
207752126,72,C,0.0308152,0.5367930008447082
207752130,76,A,0.0360519,0.6474907771230374
207752131,77,C,0.0267372,0.4505888013177109
207752132,78,C,0.0343438,0.6113835203275337
207752133,79,C,0.0190432,0.2879465474774174
207752134,80,A,0.0161971,0.22778328796937744
207752136,82,A,0.018097,0.2679449747475388
207752137,83,A,0.0364439,0.6557772033649656
207752141,87,A,0.0360283,0.6469919004411254
207752142,88,C,0.0284313,0.48640011431886
207752145,91,C,0.0113415,0.12514152455022884
207752146,92,C,0.0205541,0.3198852245410123
207752147,93,C,0.0120252,0.1395941511359591
207752150,96,C,0.025261,0.4193836420872662
207752152,98,C,0.0193524,0.29448267756416274
207752155,101,C,0.0527278,1.0
