chrom_coord,local_coord,ref,mmRate,DMS_signal
24949118,1,C,,
24949116,3,C,,
24949114,5,A,,
24949112,7,A,,
24949108,11,C,,
24949107,12,C,,
24949103,16,C,,
24949100,19,C,0.0376216,0.6718037601271216
24949099,20,A,0.0267858,0.4553843412986842
24949098,21,A,0.0176044,0.27200764072914474
24949096,23,C,0.0195331,0.31052885126223023
24949095,24,C,0.00467768,0.013827051408749446
24949094,25,A,0.0147884,0.21576471603314815
24949092,27,C,0.0240093,0.3999303354682742
24949091,28,C,0.0168048,0.25603752617413095
24949090,29,C,0.0247221,0.41416682578194836
24949088,31,C,0.0329053,0.5776068475760816
24949087,32,C,0.0185983,0.2918584371976643
24949086,33,A,0.0256383,0.43246574893765577
24949085,34,C,0.0370512,0.660411372255461
24949080,39,A,0.0407649,0.7345837264612574
24949079,40,C,0.0283134,0.48589453013590167
24949077,42,C,0.0226594,0.37296928289472103
24949075,44,C,0.0341153,0.6017737292813927
24949074,45,C,0.00974716,0.11507789724960911
24949072,47,C,0.0236596,0.3929459069291442
24949071,48,C,0.0439337,0.7978729948478603
24949069,50,C,0.0169023,0.25798485755121175
24949068,51,C,0.00649948,0.050213187847373955
24949066,53,C,0.061436,1.0
24949062,57,C,0.00747945,0.06978576558683978
24949061,58,A,0.0449906,0.8189820669754168
24949060,59,C,0.0460512,0.8401650378321548
24949057,62,C,0.0157882,0.23573335101576795
24949056,63,C,0.00398538,0.0
24949055,64,C,0.0104318,0.1287519583163233
24949054,65,C,0.0117862,0.15580288772266485
24949053,66,A,0.0187089,0.29406741002130676
24949049,70,C,0.0261587,0.4428595053338904
24949045,74,C,0.0240966,0.4016739460243681
24949042,77,C,0.0370756,0.660898704415469
24949041,78,A,0.0398688,0.7166862531586713
24949039,80,C,0.0300677,0.520932514082701
24949038,81,C,0.0177095,0.27410676409049034
24949034,85,A,0.0132822,0.18568194146741301
24949033,86,C,0.0138118,0.19625944605512605
24949032,87,C,0.0067262,0.054741382409545944
24949030,89,C,0.0253406,0.42651989713296895
24949028,91,C,0.0359844,0.6391045710957703
24949026,93,C,0.0083766,0.08770421015040986
24949023,96,C,0.0207054,0.33394276483506996
24949022,97,A,0.0540539,1.0
24949020,99,C,0.05482,1.0
24949019,100,C,0.0415219,0.7497030069992083
