chrom_coord,local_coord,ref,mmRate,DMS_signal
174999973,5,C,,
174999979,11,C,,
174999982,14,C,,
174999985,17,C,0.0158306,0.3605580625981212
174999988,20,C,0.0107778,0.2153523540320247
174999989,21,C,0.00328407,0.0
174999991,23,C,0.0341596,0.8872908508161355
174999993,25,C,0.0363076,0.9490193700529894
174999995,27,A,0.0302774,0.7757254609738105
174999996,28,A,0.0316111,0.814052893984142
175000001,33,C,0.0318056,0.8196423711682985
175000003,35,A,0.0314393,0.8091157619520697
175000005,37,A,0.0221589,0.5424186716700868
175000007,39,C,0.00939651,0.17565729521606852
175000008,40,C,0.0114307,0.23411518001421366
175000011,43,C,0.0252682,0.6317727149024658
175000013,45,C,0.0265838,0.6695799960514439
175000017,49,C,0.0343529,0.8928458427940144
175000021,53,A,0.027409,0.6932943229016542
175000024,56,C,0.0236207,0.5844274004505493
175000028,60,C,0.0287752,0.7325557302486699
175000029,61,C,0.0118304,0.24560162747183492
175000031,63,C,0.0254442,0.6368305451565097
175000033,65,A,0.0171152,0.397474475918262
175000035,67,C,0.0291024,0.741958696493688
175000039,71,C,0.0205499,0.49617975758624244
175000041,73,C,0.0204228,0.49252719948800966
175000042,74,A,0.0317181,0.8171278248772255
175000047,79,C,0.0231097,0.5697424501106831
175000056,88,C,0.00802796,0.13632835434009255
175000058,90,C,0.0078877,0.1322976084796823
175000059,91,A,0.0380816,1.0
175000062,94,C,0.0293842,0.7500569724345377
175000065,97,C,0.0301344,0.7716159738923998
175000066,98,A,0.0440263,1.0
175000068,100,C,0.0191389,0.4556309025381974
