chrom_coord,local_coord,ref,mmRate,DMS_signal
21629400,4,A,0.0179027,0.40797863233566406
21629397,7,A,0.0207639,0.4783612548238614
21629395,9,C,0.0177114,0.40327284606347324
21629393,11,C,0.0190258,0.4356057549822789
21629391,13,A,0.0231544,0.537165133985764
21629388,16,C,0.00530923,0.09819202363077116
21629387,17,C,0.0158907,0.35848546987017643
21629386,18,C,0.0231097,0.5360655592530567
21629385,19,A,0.0419696,1.0
21629384,20,A,0.0335833,0.7937055127314518
21629383,21,C,0.0423047,1.0
21629381,23,A,0.0438352,1.0
21629380,24,A,0.0154573,0.34782426877050326
21629378,26,C,0.0235998,0.548121522933144
21629375,29,C,0.021634,0.499764833681327
21629372,32,C,0.0250558,0.5839376484548884
21629371,33,C,0.0179689,0.40960708529551254
21629367,37,A,0.0148223,0.3322039118293578
21629365,39,C,0.00649151,0.12727491434632618
21629362,42,C,0.0196791,0.4516762733911771
21629357,47,C,0.0206513,0.47559140885288037
21629356,48,A,0.039138,0.9303455075361456
21629352,52,C,0.00701159,0.14006835566593395
21629351,53,C,0.00131752,0.0
21629350,54,C,0.00615092,0.11889674525879118
21629349,55,C,0.020796,0.4791508823164768
21629348,56,C,0.0226676,0.5251903469637962
21629347,57,A,0.0190159,0.4353622250079209
21629346,58,C,0.0267488,0.6255837339688399
21629344,60,C,0.0145248,0.32488571310496284
21629343,61,A,0.00900061,0.18899623340306324
21629342,62,C,0.0163588,0.37000025582946805
21629340,64,C,0.0212554,0.4904516570861811
21629337,67,A,0.0294836,0.6928570444611936
21629336,68,C,0.0274955,0.6439517977923884
21629332,72,C,0.0239091,0.5557299897077838
21629331,73,A,0.0281688,0.6605142959474645
21629330,74,C,0.0408735,0.973037050010725
21629329,75,C,0.0352214,0.8340011138421453
21629328,76,A,0.0276067,0.6466872051811372
21629326,78,C,0.0100437,0.21465519107509382
21629325,79,A,0.014662,0.32826069416374265
21629324,80,C,0.0313162,0.7379371486034664
21629320,84,C,0.0297065,0.6983401587323453
21629319,85,A,0.0375992,0.8924925858652251
21629318,86,C,0.0249442,0.5811924014712162
21629314,90,C,0.0056001,0.10534713106930814
21629312,92,C,0.0198152,0.4550241955639171
21629311,93,C,0.00801106,0.16465430551155072
21629310,94,C,0.0253356,0.590820445103916
21629309,95,A,0.024425,0.5684206072604403
21629304,100,C,,
