chrom_coord,local_coord,ref,mmRate,DMS_signal
54208073,1,C,,
54208074,2,C,,
54208076,4,C,,
54208077,5,C,,
54208079,7,C,,
54208080,8,C,,
54208083,11,C,,
54208087,15,A,,
54208090,18,C,,
54208091,19,C,0.0127551,0.20655254988717456
54208092,20,A,0.00640195,0.030996173939571114
54208095,23,C,0.023571,0.5054279434496884
54208096,24,C,0.0274666,0.6130749245758201
54208097,25,C,0.0258358,0.5680110841351959
54208098,26,A,0.028029,0.6286157044775904
54208099,27,A,0.0368297,0.8718051455898063
54208101,29,A,0.035173,0.8260256113379164
54208105,33,C,0.00528024,0.0
54208108,36,C,0.00564197,0.009995672677573564
54208109,37,C,0.00817308,0.07993774845490269
54208110,38,A,0.0119901,0.18541333113743363
54208111,39,C,0.0115961,0.1745259426571749
54208112,40,C,0.0149046,0.26594960962909375
54208113,41,A,0.0248985,0.5421107053977682
54208116,44,A,0.041378,0.9974881634191483
54208117,45,A,0.0557533,1.0
54208119,47,A,0.0414689,1.0
54208120,48,A,0.0352048,0.826904339646729
54208123,51,C,0.0129357,0.21154306349005458
54208128,56,A,,
54208135,63,A,,
54208137,65,C,,
54208139,67,C,,
54208144,72,C,,
54208146,74,C,,
54208150,78,A,,
54208153,81,C,,
54208155,83,C,,
54208159,87,C,,
54208162,90,C,,
54208164,92,C,,
54208165,93,C,,
54208168,96,A,,
54208170,98,C,,
54208172,100,C,,
