chrom_coord,local_coord,ref,mmRate,DMS_signal
112707119,2,C,0.00795602,0.20899842481405168
112707118,3,C,0.000838573,0.0
112707116,5,C,0.00973944,0.26136719844620887
112707115,6,C,0.00463082,0.11135645260243078
112707112,9,C,0.0173807,0.48574699412218947
112707111,10,A,0.0542046,1.0
112707110,11,C,0.0191847,0.5387200838219862
112707109,12,C,0.02006,0.5644226034529354
112707106,15,C,0.0142369,0.39343169512095827
112707105,16,C,0.0225009,0.6360977778699164
112707103,18,C,0.0304954,0.870850197828356
112707101,20,C,0.0336658,0.9639465856244955
112707100,21,A,0.0348936,1.0
112707098,23,C,0.0124369,0.34057606238280186
112707094,27,A,0.0145298,0.40203248113707274
112707091,30,C,0.0137993,0.38058190351750426
112707088,33,C,0.0142801,0.394700230306674
112707085,36,A,0.0181468,0.5082429387003571
112707083,38,C,0.0179385,0.5021263674229359
112707080,41,A,0.0177535,0.49669398294706985
112707079,42,A,0.0238098,0.6745326321426791
112707075,46,A,,
112707074,47,C,,
112707073,48,C,,
112707072,49,C,,
112707067,54,C,,
112707066,55,C,,
112707061,60,C,,
112707058,63,C,,
112707054,67,C,,
112707046,75,C,,
112707043,78,C,,
112707037,84,A,,
112707036,85,A,,
112707035,86,C,,
112707033,88,C,,
112707030,91,C,,
112707029,92,C,,
112707028,93,C,,
112707027,94,C,,
112707026,95,A,,
112707023,98,A,,
112707021,100,A,,
