chrom_coord,local_coord,ref,mmRate,DMS_signal
108562599,1,C,,
108562603,5,C,0.0201553,0.47443770964514803
108562605,7,C,0.0167915,0.39525687047607844
108562606,8,A,0.0158997,0.37426469722827044
108562609,11,C,0.000761763,0.017931218737127053
108562611,13,C,0.0271137,0.6382322132642854
108562612,14,A,0.0231614,0.5451986111928441
108562613,15,A,0.0310044,0.7298158065085624
108562615,17,C,0.000472503,0.011122297416583299
108562616,18,C,0.00700547,0.16490248926028364
108562619,21,C,0.0272206,0.6407485435179192
108562620,22,A,0.0364771,0.8586382628140999
108562621,23,A,0.0270352,0.6363843935738245
108562623,25,A,0.0158443,0.3729606308479962
108562627,29,C,0.0244453,0.5754204672512211
108562630,32,C,0.0149373,0.3516106632142647
108562633,35,C,0.0022483,0.05292296828105691
108562639,41,C,0.0095904,0.2257494262343318
108562643,45,C,0.00851728,0.20048914258812453
108562644,46,C,0.0183695,0.4324015771199906
108562647,49,C,0.00901773,0.2122692873536162
108562650,52,A,0.0424825,1.0
108562653,55,C,0.0321122,0.7558924262931795
108562657,59,C,0.0,0.0
108562660,62,C,0.0110382,0.2598293414935562
108562661,63,A,0.040512,0.9536161949037839
108562663,65,C,0.0634597,1.0
108562666,68,C,0.00345337,0.08128923674454187
108562668,70,C,0.00653463,0.1538193373742129
108562671,73,C,0.00827435,0.19477078797151767
108562674,76,C,0.0521055,1.0
108562677,79,C,0.00907963,0.21372635791208144
108562680,82,A,0.00984877,0.23183122462190314
108562682,84,C,0.00371508,0.08744965574059907
108562683,85,C,0.00725941,0.17088000941564174
108562684,86,C,0.0314392,0.7400506090743247
108562685,87,C,0.0268054,0.6309751073971636
108562686,88,C,0.0265929,0.6259730477255341
108562688,90,C,0.0101601,0.23915965397516625
108562689,91,C,0.00417964,0.09838498205143295
108562692,94,C,0.0187305,0.4408991937856765
108562693,95,C,0.00491892,0.11578697110574944
108562694,96,C,0.0130069,0.30617077620196553
108562696,98,C,0.0175525,0.4131701288765962
108562697,99,C,0.00367409,0.08648478785382216
108562698,100,C,0.0167112,0.39336668039781086
