chrom_coord,local_coord,ref,mmRate,DMS_signal
17823620,1,C,,
17823618,3,C,,
17823616,5,C,,
17823615,6,C,,
17823611,10,A,,
17823610,11,C,,
17823609,12,A,,
17823604,17,A,0.042772,0.6257003507971198
17823603,18,A,0.039015,0.5707401848487242
17823600,21,C,0.0138984,0.20331604216587232
17823597,24,C,0.0146942,0.21495759129063494
17823595,26,C,0.0103174,0.15093053397816805
17823590,31,A,0.0302933,0.4431527269429157
17823584,37,A,0.0277467,0.40589918459418417
17823580,41,C,0.0149718,0.2190185287586346
17823579,42,C,0.0111218,0.16269789024350995
17823578,43,A,0.0581069,0.8500305740609082
17823577,44,A,0.0451203,0.6600530145438905
17823576,45,C,0.0477615,0.6986904354389937
17823573,48,C,0.0110599,0.16179237140608493
17823572,49,C,0.00367335,0.05373647207520341
17823568,53,A,0.0398551,0.5830297870348427
17823567,54,C,0.0301091,0.44045811353655573
17823565,56,C,0.00356669,0.05217617095727531
17823564,57,C,0.0,0.0
17823563,58,C,0.00172712,0.02526558472525768
17823562,59,C,0.0158491,0.2318523199714447
17823561,60,A,0.0702667,1.0
17823560,61,A,0.0480915,0.7035179187402901
17823556,65,C,0.0139448,0.20399481557550914
17823552,69,C,0.00976541,0.14285561728882687
17823550,71,C,0.0369159,0.5400330024312961
17823549,72,A,0.0436188,0.638087965522992
17823547,74,A,0.0328701,0.48084805715740225
17823545,76,C,0.0263627,0.3856530122032926
17823543,78,C,0.0510601,0.7469447882197704
17823540,81,A,0.0202294,0.29593057786437993
17823538,83,C,0.0432838,0.6331873385353122
17823537,84,C,0.0204409,0.2990245557983926
17823536,85,A,0.0273756,0.4004704601908172
17823532,89,A,0.0169808,0.24840766194743602
17823528,93,C,0.0412071,0.6028078398328813
17823527,94,A,0.0364271,0.5328824756504668
17823526,95,C,0.0415561,0.607913269142434
17823522,99,C,0.0683586,1.0
17823520,101,A,0.0276747,0.40484591551026494
