chrom_coord,local_coord,ref,mmRate,DMS_signal
8878724,2,C,,
8878723,3,C,,
8878720,6,A,0.0292384,0.5433549050805203
8878718,8,C,0.02198,0.39590101590902815
8878716,10,A,0.0075512,0.10278095142131378
8878713,13,C,0.182123,1.0
8878712,14,A,0.0211036,0.3780970111049535
8878709,17,A,0.00942383,0.14082329911215627
8878708,18,A,0.0148994,0.25205912132238817
8878705,21,C,0.00373904,0.025337187211020115
8878702,24,C,0.0283736,0.5257865534664584
8878700,26,C,0.0273682,0.5053619226699995
8878696,30,C,0.0274705,0.5074401400267508
8878693,33,C,0.027633,0.5107413161799481
8878691,35,C,0.00389836,0.028573761886265644
8878688,38,A,0.00249182,0.0
8878687,39,C,0.0186529,0.3283112117287031
8878686,40,A,0.0208065,0.37206144535040003
8878683,43,A,0.023166,0.4199945230948252
8878681,45,C,0.0217688,0.3916105026563803
8878673,53,A,0.0297531,0.5538109996408321
8878672,54,C,0.0213026,0.38213968220948435
8878671,55,C,0.0207764,0.37144996595217705
8878670,56,C,0.0217021,0.39025549681380634
8878667,59,A,0.0233553,0.423840139376673
8878665,61,C,0.027904,0.5162466622569726
8878664,62,A,0.0374691,0.7105610008597278
8878663,63,C,0.0302037,0.5629649071770211
8878660,66,A,0.0247784,0.4527503165066121
8878658,68,A,0.033545,0.6308431833658101
8878656,70,C,0.0276343,0.5107677255891736
8878654,72,C,0.0268745,0.4953324416433316
8878652,74,C,0.0231313,0.41928959501780405
8878651,75,C,0.0164942,0.2844573719631211
8878648,78,C,0.0517167,1.0
8878644,82,A,0.0437782,0.8387299268174957
8878643,83,C,0.0663686,1.0
8878639,87,C,0.028195,0.5221583069374675
8878638,88,A,0.0311874,0.5829487039887147
8878637,89,C,0.0453343,0.8703419896605132
8878636,90,C,0.0255947,0.4693333940072582
8878634,92,C,0.0431664,0.8263012525373349
8878628,98,C,0.0247193,0.451549704133357
8878625,101,C,0.0467466,0.8990327655445783
