chrom_coord,local_coord,ref,mmRate,DMS_signal
24720879,3,C,,
24720878,4,C,,
24720875,7,C,,
24720873,9,C,,
24720870,12,C,,
24720869,13,C,,
24720868,14,A,,
24720863,19,A,,
24720862,20,A,,
24720851,31,C,,
24720849,33,C,,
24720847,35,C,,
24720844,38,C,,
24720839,43,C,,
24720837,45,C,,
24720836,46,A,0.01366,0.28987598570567613
24720835,47,A,0.00651359,0.1382235228208371
24720834,48,A,0.00728726,0.1546414110976241
24720833,49,C,0.0214172,0.4544898946600005
24720831,51,C,0.00695581,0.14760778039029276
24720829,53,A,0.0172168,0.36535409009498426
24720828,54,C,0.020967,0.44493629518967137
24720826,56,C,0.0291198,0.6179451485030855
24720823,59,C,0.00964085,0.20458644925260377
24720822,60,C,0.00870763,0.18478278399782697
24720821,61,C,0.00505139,0.10719448429237155
24720820,62,C,0.00557179,0.11823778319143699
24720817,65,A,0.0166202,0.35269376702968364
24720816,66,C,0.00942926,0.20009634238470744
24720815,67,C,0.00804956,0.17081801899685084
24720814,68,C,0.00923047,0.19587786162347526
24720812,70,C,0.0,0.0
24720810,72,A,0.0398078,0.844752947567673
24720807,75,C,0.0556483,1.0
24720805,77,C,0.0139592,0.2962252459489513
24720804,78,C,0.00871055,0.18484474870340972
24720803,79,C,0.00580877,0.12326668590684922
24720801,81,A,0.0234855,0.4983808537548065
24720798,84,C,0.0147585,0.31318702306275414
24720797,85,C,0.0397348,0.8432038299281039
24720794,88,C,0.0272475,0.5782134641665747
24720792,90,C,0.0160021,0.3395771969883455
24720791,91,C,0.0438707,0.9309708935650077
24720789,93,C,0.0471236,1.0
24720786,96,C,0.0262818,0.5577205476661375
24720783,99,C,0.0288275,0.611742311707934
24720782,100,A,0.0193764,0.4111825072787308
