chrom_coord,local_coord,ref,mmRate,DMS_signal
104589024,3,A,,
104589022,5,A,,
104589020,7,C,,
104589018,9,C,,
104589017,10,A,,
104589013,14,A,,
104589011,16,C,,
104589010,17,A,,
104589008,19,C,,
104589007,20,C,,
104589001,26,C,,
104588999,28,C,,
104588996,31,C,,
104588993,34,C,,
104588990,37,C,,
104588987,40,C,,
104588984,43,C,,
104588981,46,C,,
104588978,49,C,,
104588975,52,C,,
104588972,55,C,,
104588969,58,C,,
104588966,61,C,,
104588963,64,C,,
104588960,67,C,,
104588958,69,A,,
104588957,70,C,,
104588956,71,C,,
104588954,73,C,,
104588953,74,C,,
104588952,75,A,,
104588950,77,C,,
104588947,80,C,,
104588945,82,C,,
104588944,83,C,,
104588942,85,C,,
104588941,86,C,,
104588940,87,C,,
104588938,89,C,,
104588937,90,C,0.0117039,0.0
104588935,92,C,0.0328026,1.0
104588934,93,C,0.0269248,0.7214141155616222
104588932,95,C,0.0191703,0.35387962291515596
104588931,96,C,0.0246459,0.6134027214946891
104588928,99,C,0.0136932,0.09428542990800386
104588926,101,C,0.0234568,0.5570437989070416
