chrom_coord,local_coord,ref,mmRate,DMS_signal
71851263,1,A,0.0322814,0.7682828148204562
71851261,3,C,0.0323358,0.769577510376604
71851258,6,A,0.0399327,0.9503803168196184
71851257,7,C,0.045144,1.0
71851255,9,C,0.0211881,0.5042672594341419
71851253,11,C,0.00842928,0.2006130764251171
71851252,12,C,0.00683039,0.16256021286318115
71851250,14,C,0.0,0.0
71851249,15,A,0.0137104,0.32630135943033395
71851245,19,C,0.0368391,0.8767540268839724
71851244,20,A,0.0323596,0.7701439396824188
71851242,22,A,0.0354906,0.8446603328129164
71851241,23,C,0.033371,0.7942148052244773
71851238,26,C,0.0178487,0.42479103994516576
71851235,29,A,0.0130198,0.3098653897414417
71851232,32,C,0.028974,0.6895681809527435
71851231,33,A,0.0193738,0.4610877346635695
71851229,35,A,0.0264973,0.6306238338220175
71851228,36,C,0.0534353,1.0
71851225,39,C,0.0150985,0.35933751570770345
71851223,41,C,0.0340005,0.8091966223677697
71851221,43,A,0.0329391,0.7839357792924869
71851217,47,A,0.0380685,0.9060131944708884
71851216,48,C,0.0195655,0.465650108525951
71851214,50,C,0.0151022,0.359425574045162
71851213,51,C,0.00596568,0.14198050340809565
71851212,52,C,0.0420176,1.0
71851210,54,C,0.0187424,0.4460606983740147
71851207,57,C,0.0261543,0.6224605879440995
71851206,58,C,0.028548,0.6794295723696736
71851204,60,C,0.019779,0.47073131259281825
71851203,61,C,0.0239931,0.571024999048018
71851199,65,C,0.0288231,0.685976828757473
71851198,66,C,0.0177475,0.4223825254179201
71851197,67,A,0.0284911,0.6780753779368645
71851195,69,C,0.0273164,0.6501180457712958
71851194,70,C,0.025068,0.5966071360572712
71851192,72,C,0.02955,0.7032767221354861
71851191,73,C,0.0290482,0.6913341076120483
71851186,78,C,0.00950711,0.22626494611781725
71851184,80,C,0.0133039,0.3166268420852214
71851179,85,A,,
71851178,86,A,,
71851176,88,C,,
71851175,89,C,,
71851174,90,C,,
71851169,95,A,,
71851168,96,C,,
71851167,97,C,,
71851166,98,C,,
71851164,100,C,,
71851163,101,A,,
