chrom_coord,local_coord,ref,mmRate,DMS_signal
30720348,3,C,0.0282341,0.5570518184728629
30720350,5,C,0.00986038,0.18841546932763006
30720351,6,C,0.00603996,0.11176546698725315
30720352,7,C,0.0155909,0.3033882658818248
30720354,9,C,0.0226344,0.4447036949405264
30720356,11,C,0.0181285,0.3543007430280392
30720357,12,A,0.0143659,0.27881079720901875
30720359,14,A,0.0230534,0.4531101923886128
30720360,15,A,0.0295496,0.5834450103414965
30720361,16,C,0.0446703,0.8868152393708016
30720362,17,C,0.0278578,0.5495020213613715
30720365,20,C,0.0267847,0.5279721588039934
30720366,21,C,0.0128479,0.24835479929447216
30720369,24,C,0.0351651,0.6961101330616128
30720370,25,C,0.0532679,1.0
30720373,28,C,0.0301657,0.5958059723409381
30720375,30,C,0.0284757,0.5618990971923322
30720381,36,C,0.0269474,0.5312364479085366
30720382,37,A,0.0389364,0.7717746290663097
30720383,38,C,0.0431281,0.8558737110547188
30720384,39,C,0.0297309,0.5870824757050719
30720386,41,C,0.0353941,0.7007046149604476
30720388,43,C,0.0189733,0.3712501679543956
30720391,46,C,0.0106089,0.20343320553250252
30720393,48,C,0.0114007,0.21931927875301507
30720394,49,C,0.0105395,0.2020408166950391
30720395,50,A,0.010234,0.19591149695663726
30720397,52,C,0.0503117,1.0
30720398,53,C,0.0190465,0.3727187971028441
30720400,55,C,0.0162792,0.3171977937899819
30720406,61,C,0.00812269,0.153551778276162
30720408,63,C,0.0230024,0.4520869671622347
30720409,64,A,0.0327727,0.648110838324616
30720412,67,C,0.0424753,0.8427764281570796
30720413,68,C,0.0303727,0.5999590629656489
30720414,69,A,0.0202218,0.39629912276092494
30720415,70,A,0.035268,0.6981746404301286
30720416,71,C,0.0426626,0.8465342729590524
30720417,72,C,0.0369827,0.7325770776001372
30720420,75,C,0.0409139,0.8114496856381251
30720421,76,C,0.0267084,0.5264413336123729
30720422,77,A,0.0219438,0.4308480215809837
30720424,79,C,0.0394056,0.7811883011489876
30720425,80,C,0.0248731,0.4896192697305762
30720428,83,C,0.0308951,0.6104400994021175
30720430,85,A,0.026758,0.5274364703031249
30720431,86,C,0.055172,1.0
30720432,87,C,0.0289405,0.5712244910201855
30720435,90,C,0.0384123,0.7612594851222952
30720438,93,A,0.0172689,0.3370543821536359
30720440,95,A,0.00048196,0.00025398055177881763
30720441,96,A,0.000923437,0.009111439439341595
30720442,97,A,0.000469301,0.0
30720443,98,A,0.00343689,0.0595394495357256
30720444,99,A,0.0230027,0.4520929861341546
30720445,100,A,0.0129012,0.24942416997223588
30720446,101,A,0.0235799,0.46367348810798614
