chrom_coord,local_coord,ref,mmRate,DMS_signal
21629052,2,A,0.0261629,0.7918740199971827
21629051,3,C,0.0225425,0.6721607446004365
21629049,5,C,0.029781,0.9115112428766896
21629048,6,C,0.0131592,0.3618896206831103
21629047,7,C,0.0293222,0.896340419003077
21629043,11,C,0.00222046,0.00018583267255820222
21629042,12,C,0.00221484,0.0
21629040,14,C,0.0145035,0.40634066369378474
21629039,15,C,0.0352027,1.0
21629033,21,C,0.021222,0.6284966798116278
21629032,22,C,0.0185319,0.5395449943225142
21629031,23,C,0.0176973,0.511947850458266
21629030,24,C,0.0297171,0.9093983055499159
21629027,27,C,0.0314791,0.9676611470174518
21629025,29,C,0.0320268,0.9857715660139156
21629024,30,C,0.00742162,0.17216901117839736
21629023,31,C,0.0151998,0.42936473663013275
21629021,33,C,0.0155036,0.43941028216806544
21629020,34,C,0.010076,0.2599395680084755
21629019,35,A,0.0324571,1.0
21629018,36,C,0.0314948,0.9681802881133884
21629015,39,C,0.00536835,0.10427494506032287
21629014,40,C,0.00915512,0.2294894627584049
21629011,43,C,0.0156176,0.4431798417181784
21629006,48,A,,
21629003,51,C,,
21629001,53,C,,
21629000,54,C,,
21628999,55,C,,
21628998,56,C,,
21628996,58,C,,
21628995,59,C,,
21628994,60,C,,
21628993,61,C,,
21628990,64,C,,
21628988,66,C,,
21628987,67,C,,
21628985,69,A,,
21628984,70,C,,
21628983,71,C,,
21628982,72,A,,
21628980,74,A,,
21628978,76,C,,
21628975,79,C,,
21628974,80,C,,
21628972,82,C,,
21628968,86,C,,
21628967,87,C,,
21628966,88,C,,
21628964,90,C,,
21628963,91,C,,
21628961,93,C,,
21628960,94,A,,
21628959,95,C,,
21628955,99,C,,
