chrom_coord,local_coord,ref,mmRate,DMS_signal
36149503,2,C,,
36149501,4,C,,
36149500,5,A,,
36149497,8,C,,
36149495,10,C,,
36149494,11,A,,
36149490,15,A,,
36149487,18,C,,
36149486,19,A,,
36149482,23,C,,
36149481,24,C,,
36149477,28,C,,
36149473,32,C,0.0154487,0.3053239217917489
36149465,40,C,0.021577,0.48692578039341194
36149462,43,A,0.0388911,1.0
36149457,48,C,0.0265915,0.6355220501514263
36149456,49,A,0.0316573,0.7856385090885385
36149454,51,C,0.0216296,0.48848449288504053
36149451,54,C,0.0254022,0.6002791458492613
36149448,57,A,0.0229971,0.5290080543356507
36149445,60,C,0.00522799,0.0024503790101286635
36149443,62,C,0.0127589,0.22561622483390525
36149442,63,C,0.0111559,0.17811401715176406
36149439,66,C,0.0178794,0.37735362622904184
36149436,69,C,0.0216862,0.4901617386459944
36149433,72,C,0.0129966,0.23266006436356526
36149432,73,A,0.0210288,0.4706807958323703
36149426,79,C,0.00644863,0.03862199147745794
36149424,81,C,0.0210957,0.47266326476183695
36149423,82,C,0.0051453,0.0
36149421,84,A,0.0279493,0.6757581684239223
36149419,86,C,0.0241354,0.5627396594539174
36149417,88,A,0.0280659,0.6792134132247568
36149416,89,A,0.0540034,1.0
36149415,90,C,0.0352167,0.891115338797717
36149414,91,C,0.0141206,0.26596791304399364
36149413,92,C,0.0226904,0.5199195159101281
36149408,97,C,0.0345239,0.8705853765505635
36149406,99,A,0.0385146,0.9888430560247499
