chrom_coord,local_coord,ref,mmRate,DMS_signal
104265268,1,A,,
104265269,2,A,,
104265270,3,C,,
104265273,6,C,,
104265274,7,C,,
104265280,13,C,,
104265287,20,C,,
104265290,23,C,,
104265292,25,A,,
104265293,26,A,,
104265294,27,C,,
104265296,29,C,,
104265299,32,A,,
104265301,34,A,,
104265303,36,C,,
104265304,37,A,,
104265305,38,C,,
104265307,40,C,,
104265308,41,C,,
104265309,42,A,,
104265312,45,A,,
104265313,46,A,,
104265316,49,C,,
104265317,50,C,,
104265319,52,C,,
104265323,56,C,0.0105874,0.1166149612806952
104265324,57,A,,
104265325,58,C,,
104265327,60,C,,
104265329,62,A,,
104265330,63,C,,
104265332,65,A,0.0538437,1.0
104265334,67,A,0.0494788,0.9108595197576794
104265337,70,A,0.0311673,0.5369000008781508
104265338,71,C,0.0582156,1.0
104265339,72,A,0.034147,0.5977517704440155
104265340,73,A,0.0446598,0.8124453580843894
104265344,77,A,0.0110341,0.12573751907680614
104265351,84,C,,
104265353,86,C,0.0244582,0.399886003766246
104265356,89,C,0.00719925,0.04742177973403465
104265357,90,C,0.0132254,0.17048849489641188
104265360,93,C,0.0143171,0.19278331546058092
104265361,94,C,0.00933739,0.09108711603619858
104265362,95,C,0.0174303,0.25636143708774134
104265363,96,A,0.00487717,0.0
104265364,97,C,0.0203212,0.31539972303530595
104265365,98,C,0.0257502,0.42627137352799965
104265366,99,C,0.0252478,0.4160113040478874
104265367,100,C,0.0281316,0.47490459299443927
104265368,101,C,0.0212249,0.3338551863895604
