chrom_coord,local_coord,ref,mmRate,DMS_signal
55050535,1,A,,
55050534,2,C,,
55050532,4,C,,
55050531,5,C,,
55050529,7,A,,
55050527,9,C,,
55050525,11,C,,
55050524,12,A,,
55050522,14,C,,
55050517,19,C,,
55050514,22,C,,
55050511,25,C,,
55050508,28,C,,
55050507,29,A,,
55050506,30,A,,
55050499,37,A,0.0382831,0.8536560106002224
55050498,38,C,0.0285053,0.5558202226655905
55050497,39,A,0.0294947,0.5859577514126015
55050493,43,C,0.0197118,0.2879666153916448
55050486,50,C,0.0430875,1.0
55050484,52,C,0.0399962,0.9058377374008134
55050483,53,A,0.0369065,0.81172421145616
55050481,55,C,0.0253608,0.4600374663031725
55050480,56,A,0.0246696,0.4389832315447997
55050479,57,C,0.0382504,0.8526599552231986
55050478,58,C,0.02168,0.347918792549384
55050475,61,C,0.0170547,0.20703026241642425
55050473,63,C,0.026008,0.47975144306188033
55050470,66,A,0.0258627,0.47532554562207774
55050467,69,C,0.03046,0.6153611843007052
55050466,70,A,0.0508988,1.0
55050463,73,A,0.0266482,0.4992521969570052
55050460,76,A,0.0204098,0.3092279809317839
55050458,78,C,0.0302153,0.6079075221980231
55050457,79,A,0.0318702,0.6583164531899665
55050454,82,C,0.0352084,0.7599993907918184
55050452,84,C,0.0324789,0.6768577041989674
55050451,85,A,0.0358323,0.7790036400188854
55050445,91,C,0.0213008,0.33636820542499896
55050444,92,C,0.0218911,0.35434898490686734
55050440,96,A,0.0201916,0.30258151966980923
55050438,98,C,0.0245327,0.43481320154129677
55050437,99,C,0.010258,0.0
