chrom_coord,local_coord,ref,mmRate,DMS_signal
34052289,1,C,,
34052290,2,C,,
34052291,3,C,,
34052292,4,C,,
34052293,5,C,,
34052295,7,C,,
34052296,8,C,,
34052297,9,C,,
34052298,10,C,,
34052299,11,C,,
34052300,12,A,,
34052301,13,C,,
34052302,14,C,,
34052303,15,C,,
34052305,17,C,,
34052307,19,C,,
34052309,21,C,,
34052312,24,A,,
34052315,27,C,,
34052317,29,A,,
34052318,30,C,,
34052319,31,C,,
34052321,33,C,,
34052323,35,C,,
34052325,37,C,,
34052328,40,C,,
34052330,42,C,,
34052338,50,C,0.0090852,0.014189339398395931
34052339,51,C,0.0183459,0.21214537339466794
34052340,52,C,0.0595731,1.0
34052342,54,C,0.0265145,0.38675675906766765
34052345,57,C,0.0298419,0.4578830138344991
34052347,59,C,0.0332134,0.5299519469193015
34052349,61,C,0.0304762,0.4714417634283564
34052350,62,C,0.0144301,0.12844152401798994
34052351,63,C,0.0374642,0.6208167313644681
34052352,64,C,0.0361435,0.5925855464541615
34052355,67,C,0.0314944,0.4932067308514458
34052356,68,C,0.0423001,0.7241885698650751
34052359,71,C,0.0084214,0.0
34052361,73,C,0.0226324,0.303773278382954
34052362,74,C,0.0175384,0.19488431349077412
34052365,77,A,0.0214273,0.2780131504694153
34052366,78,C,0.0165851,0.17450664363766946
34052370,82,C,0.0195226,0.23729842502180346
34052371,83,C,0.0230462,0.31261863638695553
34052373,85,C,0.055203,1.0
34052375,87,C,0.0368526,0.6077432152812217
34052380,92,C,0.0295812,0.4523103100364246
34052381,93,C,0.0317409,0.49847589650631874
34052384,96,C,0.0381421,0.6353074713135078
34052385,97,C,0.0156877,0.1553238880243514
34052387,99,C,0.0141042,0.12147510987225747
34052388,100,C,0.0116148,0.068261880739436
34052389,101,C,0.0322526,0.509413957624365
