chrom_coord,local_coord,ref,mmRate,DMS_signal
797416,3,A,,
797419,6,C,0.0630427,1.0
797421,8,A,0.0276032,0.5884397626526126
797423,10,A,0.0299176,0.6432705533730745
797424,11,A,0.0284981,0.6096409701429951
797425,12,C,0.0449751,1.0
797427,14,C,0.0230207,0.47987508131986234
797430,17,A,0.00888018,0.14486994271006823
797432,19,C,0.0147714,0.28443970200327606
797433,20,C,0.00574173,0.07051646226734701
797441,28,C,0.00276524,0.0
797446,33,C,0.0116178,0.20972730068282625
797447,34,C,0.0128309,0.238467031162861
797450,37,C,0.0421696,0.9335344869658417
797452,39,A,0.0237228,0.49650863566000936
797455,42,C,0.0265592,0.5637062051378519
797456,43,C,0.030159,0.6489895962696868
797459,46,C,0.0238771,0.5001641796490205
797461,48,C,0.0298289,0.6411691486302017
797462,49,C,0.0106423,0.1866165867406336
797464,51,C,0.0319649,0.6917734387178731
797465,52,C,0.0222802,0.4623317869331953
797466,53,A,0.0292038,0.6263598126125034
797467,54,C,0.034669,0.7558366694416897
797469,56,C,0.0313401,0.6769712100442884
797470,57,C,0.0224818,0.467107922177425
797473,60,C,0.0125689,0.232259950637126
797474,61,C,0.00964085,0.16289108753262863
797475,62,C,0.0187741,0.37926825627945704
797476,63,C,0.0281681,0.6018228916182145
797477,64,C,0.0384666,0.8458061694589842
797479,66,C,0.0307697,0.6634577797699401
797484,71,C,0.0235071,0.4913984552424482
797487,74,C,0.0448422,0.9968514465577475
797489,76,C,0.0388932,0.8559128127882918
797496,83,C,0.0264544,0.5612233729275578
797497,84,C,0.01773,0.35453232964999176
797498,85,A,0.0338591,0.7366492094501145
797502,89,A,0.0271265,0.5771461928563612
797503,90,C,0.0261458,0.5539122849495356
797509,96,A,,
797512,99,C,,
797514,101,C,,
