chrom_coord,local_coord,ref,mmRate,DMS_signal
26200783,8,A,0.0293221,0.5388996913289514
26200782,9,A,0.0677721,1.0
26200777,14,C,0.0230512,0.38345114658453955
26200775,16,A,0.0282352,0.511956665083484
26200773,18,A,0.0329342,0.6284395800963196
26200772,19,A,0.0259566,0.4554727386846231
26200771,20,A,0.0224719,0.3690909523587605
26200770,21,A,0.0362636,0.7109716544193108
26200768,23,C,0.00758252,0.0
26200765,26,C,0.138802,1.0
26200762,29,C,0.0263343,0.4648354960798877
26200761,30,A,0.0173428,0.24194634299669715
26200759,32,C,0.0160219,0.20920272043009688
26200756,35,C,0.00839062,0.020031888406442332
26200754,37,C,0.0101507,0.06366228829062874
26200752,39,A,0.0395799,0.7931789945038111
26200750,41,C,0.00801285,0.010667395790056105
26200747,44,C,0.0197491,0.3015958084990139
26200746,45,A,0.0323882,0.6149048553470096
26200743,48,A,0.0164626,0.22012717683489724
26200741,50,C,0.0263125,0.4642950986448419
26200740,51,A,0.031062,0.582029851752623
26200738,53,C,0.0317907,0.6000935036295868
26200737,54,A,0.0239603,0.4059867111808726
26200735,56,C,0.0240816,0.4089936014960582
26200733,58,C,0.0167192,0.22648800168960964
26200732,59,C,0.0159461,0.20732372384402056
26200727,64,C,0.0201528,0.31160307659662656
26200726,65,C,0.0160701,0.21039754411675762
26200725,66,C,0.0237038,0.3996283652134769
26200721,70,C,0.030466,0.5672556833449511
26200718,73,A,0.0318639,0.6019080491454285
26200713,78,C,0.0284743,0.5178836846577699
26200711,80,C,0.030021,0.5562246347855316
26200710,81,C,0.0187669,0.27724817727415607
26200708,83,C,0.0328366,0.6260201860751976
26200706,85,C,0.0479232,1.0
26200705,86,A,0.0352955,0.686973546306111
26200703,88,A,0.0370338,0.7300640445327149
26200695,96,C,0.0324295,0.6159286358088164
26200693,98,C,0.0322403,0.6112385810055756
26200691,100,A,0.0375009,0.7416429271891302
