chrom_coord,local_coord,ref,mmRate,DMS_signal
32615473,2,C,,
32615474,3,C,,
32615475,4,A,,
32615480,9,A,,
32615482,11,C,,
32615483,12,C,,
32615488,17,C,,
32615491,20,A,,
32615492,21,A,,
32615493,22,A,,
32615494,23,C,,
32615497,26,C,,
32615505,34,A,,
32615506,35,C,,
32615507,36,C,,
32615508,37,C,,
32615509,38,C,,
32615510,39,C,,
32615511,40,C,,
32615512,41,C,,
32615520,49,C,,
32615522,51,C,,
32615530,59,C,0.0308543,0.21615573595385604
32615533,62,C,0.0387557,0.3568201239051484
32615536,65,A,0.0304666,0.20925372071494694
32615539,68,A,0.0187124,0.0
32615541,70,C,0.0303261,0.2067524745424767
32615548,77,C,0.0416682,0.4086697999003062
32615551,80,A,0.0324139,0.2439204585914691
32615552,81,A,0.0438316,0.44718365021719003
32615554,83,C,0.0292305,0.18724809513636687
32615555,84,A,0.0295023,0.1920868048137862
32615558,87,A,0.0242274,0.09818058819340596
32615561,90,C,0.0748844,1.0
32615563,92,A,0.0192424,0.009435305846329118
32615564,93,A,0.0389348,0.36000854518265324
32615565,94,C,0.0597346,0.7302962329986469
32615568,97,C,0.0364355,0.3155148472548601
