chrom_coord,local_coord,ref,mmRate,DMS_signal
17054115,5,C,,
17054114,6,C,,
17054112,8,C,,
17054111,9,A,,
17054106,14,A,,
17054102,18,A,,
17054099,21,C,,
17054094,26,C,,
17054092,28,C,,
17054091,29,C,,
17054089,31,C,,
17054087,33,A,,
17054082,38,C,,
17054080,40,A,,
17054079,41,C,,
17054075,45,A,,
17054074,46,C,,
17054073,47,A,,
17054072,48,C,,
17054071,49,C,,
17054068,52,C,,
17054065,55,A,,
17054063,57,A,,
17054061,59,C,,
17054059,61,A,,
17054058,62,C,,
17054057,63,C,,
17054055,65,C,,
17054048,72,A,,
17054047,73,A,,
17054037,83,C,0.0123143,0.2991041514809508
17054034,86,A,0.0263333,0.6882378314881012
17054033,87,C,0.00153872,0.0
17054030,90,C,0.0242215,0.6296193490400592
17054029,91,A,0.0173348,0.43846114131445524
17054026,94,A,0.0178121,0.4517098398997618
17054024,96,C,0.0220061,0.5681251800773771
17054023,97,C,0.0269251,0.7046647743391057
17054022,98,A,0.033936,0.8992704749712571
17054021,99,A,0.0341323,0.9047192902494796
17054019,101,A,0.0375649,1.0
