chrom_coord,local_coord,ref,mmRate,DMS_signal
72997000,1,C,0.030942,0.49171833071157584
72997003,4,A,0.0381733,0.7490764532959406
72997007,8,A,0.0329947,0.5647728324234292
72997010,11,C,0.0244567,0.2609099515271441
72997013,14,A,0.0229838,0.20849022357304017
72997016,17,C,0.027964,0.38573289392203053
72997021,22,A,0.0441666,0.9623748140450278
72997025,26,A,0.0378852,0.738823127460122
72997026,27,C,0.0198035,0.09530503733335233
72997028,29,C,0.0205522,0.12195087229786955
72997029,30,C,0.0209691,0.13678812165903864
72997033,34,A,0.0392401,0.7870432981472122
72997034,35,A,0.0321891,0.5361019567089705
72997036,37,C,0.0350861,0.6392046465609897
72997037,38,C,0.0171256,0.0
72997038,39,A,0.0403763,0.8274800521029815
72997042,43,A,0.025881,0.31160003131873215
72997043,44,C,0.0317156,0.5192503434383695
72997046,47,C,0.0285354,0.40606871614551815
72997048,49,A,0.0425434,0.9046059889957364
72997050,51,A,0.0452238,1.0
72997053,54,C,0.0191441,0.07183734189378677
72997055,56,C,0.0288768,0.4182189606451659
72997056,57,C,0.0206841,0.12664512317514998
72997057,58,A,0.0259558,0.31426212355239835
72997060,61,A,0.0195833,0.08746823639948467
72997063,64,C,0.0427986,0.9136884213223622
72997065,66,C,0.0587479,1.0
72997068,69,A,0.0248918,0.2763949292125473
72997069,70,A,0.0271736,0.35760297812671266
72997070,71,A,0.0287408,0.4133787929475909
72997080,81,A,,
72997082,83,C,,
72997085,86,C,,
72997086,87,C,,
72997087,88,C,,
72997088,89,C,,
72997089,90,C,,
72997091,92,C,,
72997093,94,C,,
72997094,95,C,,
72997095,96,A,,
72997098,99,C,,
72997099,100,C,,
72997100,101,C,,
