chrom_coord,local_coord,ref,mmRate,DMS_signal
50376441,1,C,,
50376443,3,C,,
50376444,4,C,,
50376445,5,C,,
50376446,6,C,,
50376448,8,C,,
50376451,11,C,,
50376452,12,C,,
50376455,15,A,,
50376456,16,C,,
50376460,20,A,,
50376461,21,C,,
50376463,23,C,,
50376464,24,A,,
50376465,25,A,,
50376469,29,C,,
50376477,37,C,,
50376478,38,C,,
50376481,41,A,,
50376482,42,A,,
50376484,44,A,,
50376485,45,A,,
50376490,50,C,0.0370088,0.4362317599149896
50376492,52,A,0.0357227,0.4064572736933004
50376493,53,A,0.035798,0.4082005431221887
50376497,57,A,0.0243914,0.14412647847999874
50376498,58,C,0.0418122,0.5474352177466217
50376504,64,A,0.0327283,0.3371339539341633
50376509,69,A,0.0310579,0.29846254285826734
50376514,74,A,0.0440989,0.600374582992821
50376517,77,A,0.0529136,0.8044436007195327
50376519,79,C,0.0384077,0.46861767763174655
50376522,82,C,0.0613606,1.0
50376530,90,C,0.0603196,0.9758998210428594
50376531,91,A,0.0542162,0.8346000782503409
50376536,96,C,0.0460086,0.6445860256003629
50376538,98,A,0.0181659,0.0
50376539,99,A,0.0465168,0.6563513579212263
50376540,100,A,0.0464811,0.6555248676342236
