chrom_coord,local_coord,ref,mmRate,DMS_signal
225999346,7,C,,
225999344,9,C,,
225999343,10,A,,
225999341,12,A,,
225999339,14,A,,
225999336,17,C,,
225999332,21,A,,
225999327,26,C,,
225999322,31,A,0.0331078,0.6649754349927709
225999319,34,C,0.0181758,0.3433297949153623
225999314,39,A,0.0246146,0.4820260142651091
225999313,40,C,0.0439379,0.8982633031016877
225999312,41,A,0.0215044,0.41503014835506646
225999308,45,C,0.0251542,0.4936493726488333
225999305,48,A,0.0210391,0.4050072635219552
225999302,51,C,0.0247705,0.4853842084311999
225999301,52,C,0.00223714,0.0
225999299,54,C,0.0167731,0.31311466369807184
225999296,57,C,0.0343234,0.691160302396876
225999294,59,C,0.0486609,1.0
225999285,68,A,0.0385301,0.7817755390774034
225999282,71,C,0.0395844,0.8044858925688053
225999280,73,C,0.0196109,0.3742428446123279
225999277,76,C,0.0101659,0.17079099150952012
225999276,77,C,0.01631,0.30313916839135824
225999275,78,C,0.0315978,0.6324489873289023
225999271,82,C,0.0077598,0.11896192811611986
225999268,85,C,0.0322838,0.6472259032874546
225999262,91,C,0.0340658,0.685611419669583
225999261,92,A,0.0344277,0.6934069967620029
225999260,93,A,0.0667116,1.0
225999257,96,C,0.0222854,0.4318534302262462
225999252,101,C,0.0481941,0.9899448041261629
