chrom_coord,local_coord,ref,mmRate,DMS_signal
70289527,6,A,,
70289523,10,C,,
70289517,16,C,0.0192498,0.3842513209400183
70289514,19,A,0.0429098,0.8565360331677209
70289511,22,C,0.00128691,0.02568841585008254
70289510,23,C,0.0,0.0
70289506,27,A,0.030894,0.6166848647321491
70289505,28,C,0.0310249,0.6192978008619296
70289504,29,A,0.0317885,0.6345402609742319
70289502,31,C,0.00935363,0.18671075455766725
70289499,34,C,0.0116795,0.23313817821062782
70289497,36,C,0.0208985,0.4171615409336706
70289494,39,C,0.0168243,0.33583515147643866
70289491,42,C,0.0328795,0.6563180556082312
70289487,46,A,0.0478933,0.9560132463286152
70289486,47,A,0.0343636,0.6859426431575607
70289484,49,A,0.0279858,0.5586333685317855
70289479,54,C,0.016569,0.330739027764193
70289478,55,A,0.00938275,0.18729202804963982
70289476,57,C,0.0138065,0.27559589515518923
70289472,61,C,0.0144243,0.2879279955446345
70289471,62,C,0.00703232,0.1403743545009771
70289470,63,C,0.0116129,0.23180875463352024
70289465,68,C,0.0339923,0.6785310069086111
70289459,74,A,0.0309133,0.6170701181111007
70289458,75,C,0.01444,0.28824138818968836
70289456,77,C,0.0161192,0.32176042828997403
70289453,80,A,0.03985,0.7954584016176649
70289449,84,A,0.029902,0.5968832402803368
70289446,87,A,0.0509811,1.0
70289444,89,C,0.0151373,0.30216041311937464
70289438,95,A,0.0500969,1.0
70289437,96,C,0.0234149,0.46739219392816717
70289434,99,C,0.0181963,0.36322207561745334
70289432,101,A,0.0231967,0.4630366350013674
