chrom_coord,local_coord,ref,mmRate,DMS_signal
31664998,3,C,,
31664996,5,C,,
31664995,6,C,,
31664994,7,A,,
31664988,13,C,0.0280926,0.4756657751481462
31664984,17,A,0.0259421,0.43274955567094775
31664983,18,C,0.0449728,0.812533651464819
31664980,21,A,0.0433788,0.7807231637425898
31664979,22,A,0.0465095,0.8432006379659169
31664977,24,C,0.0327689,0.5689878477550855
31664975,26,A,0.0485322,0.8835664306357747
31664974,27,C,0.0464039,0.8410932430452973
31664973,28,A,0.0495916,0.904708231572368
31664972,29,C,0.0557861,1.0
31664971,30,A,0.0440956,0.795027905021946
31664969,32,C,0.0494479,0.901840498143457
31664968,33,A,0.0408631,0.7305188701649156
31664967,34,A,0.0327943,0.5694947400939466
31664966,35,C,0.0312569,0.5388137841189432
31664965,36,A,0.045438,0.8218173646946692
31664964,37,C,0.0649096,1.0
31664961,40,A,0.0515811,0.9444114720512735
31664959,42,A,0.0429367,0.7719004431516251
31664956,45,A,0.019745,0.30907780318448125
31664954,47,A,0.033126,0.5761142750860819
31664953,48,C,0.0347285,0.6080943921343082
31664951,50,C,0.00425734,0.0
31664949,52,C,0.0193808,0.30180968547529935
31664948,53,C,0.0067296,0.04933738793987378
31664947,54,C,0.0280136,0.4740892202359404
31664946,55,C,0.028727,0.48832610978489793
31664944,57,A,0.0195647,0.30547966583421904
31664942,59,A,0.043288,0.7789111234131176
31664940,61,C,0.0306787,0.5272749986729
31664937,64,C,0.0232341,0.37870764804748663
31664935,66,A,0.030225,0.5182207839429278
31664931,70,A,0.0274587,0.46301541870704127
31664927,74,A,0.040283,0.7189421675754142
31664926,75,C,0.0123719,0.16193733453657067
31664925,76,C,0.0222349,0.3587672218667766
31664924,77,C,0.00815009,0.0776852422087255
31664923,78,A,0.0292071,0.497907173245025
31664921,80,C,0.0354378,0.6222494604789613
31664919,82,A,0.006374,0.0422408951958181
31664906,95,A,0.0543666,1.0
31664905,96,A,0.0414666,0.7425625523106907
31664903,98,A,0.0433177,0.7795038282345419
31664900,101,A,0.0212305,0.33872302245133934
