chrom_coord,local_coord,ref,mmRate,DMS_signal
62260373,1,C,,
62260375,3,C,,
62260376,4,C,,
62260378,6,C,,
62260379,7,C,,
62260382,10,C,,
62260384,12,C,,
62260387,15,C,,
62260388,16,C,,
62260389,17,A,,
62260390,18,C,,
62260391,19,C,,
62260393,21,C,,
62260394,22,C,,
62260395,23,C,,
62260396,24,C,,
62260398,26,A,,
62260399,27,C,,
62260400,28,C,,
62260402,30,C,,
62260404,32,A,,
62260409,37,A,,
62260410,38,A,,
62260412,40,A,,
62260413,41,A,0.0369607,0.39851884322117
62260415,43,A,0.0332164,0.3121341808072536
62260419,47,C,0.0377314,0.41629964586048984
62260422,50,A,0.0332539,0.312999342477131
62260423,51,A,0.0258005,0.14104211607008968
62260426,54,C,0.0330413,0.30809445258337287
62260429,57,A,0.0198256,0.0031953304340804427
62260431,59,C,0.0196871,0.0
62260434,62,C,0.0231477,0.0798394259940708
62260437,65,A,0.0236373,0.09113497675598983
62260439,67,C,0.0854153,1.0
62260443,71,A,0.0285168,0.20370981324043422
62260444,72,C,0.0279855,0.19145220270161156
62260445,73,A,0.0320478,0.2851734360760882
62260446,74,C,0.0630316,1.0
62260447,75,C,0.0289112,0.21280900690975796
62260448,76,C,0.025705,0.13883883768413524
62260449,77,A,0.0245803,0.11289090888117295
62260451,79,C,0.0317867,0.27914960375595527
62260455,83,C,0.0249434,0.12126798094337235
62260458,86,A,0.0348584,0.350016726458951
62260459,87,C,0.0400382,0.46951977759577357
62260460,88,A,0.0218445,0.04977332764249214
62260462,90,C,0.0260872,0.14765656542352554
62260464,92,C,0.0347802,0.34821257599003336
62260466,94,A,0.0374718,0.41031042000715207
62260467,95,C,0.0217127,0.0467325727600965
62260469,97,C,0.0251819,0.12677040916379245
62260472,100,C,0.0434652,0.5485840187336342
