chrom_coord,local_coord,ref,mmRate,DMS_signal
64653948,5,C,,
64653947,6,C,,
64653946,7,C,,
64653943,10,A,,
64653941,12,C,,
64653939,14,C,,
64653937,16,C,,
64653933,20,A,,
64653930,23,C,,
64653928,25,C,,
64653926,27,C,,
64653922,31,C,,
64653921,32,C,,
64653919,34,C,,
64653918,35,A,,
64653917,36,C,,
64653914,39,C,,
64653913,40,A,,
64653912,41,C,,
64653910,43,C,,
64653909,44,C,,
64653906,47,C,,
64653905,48,A,,
64653904,49,C,,
64653901,52,C,,
64653899,54,A,,
64653895,58,C,,
64653891,62,A,,
64653889,64,C,0.0753941,1.0
64653888,65,A,,
64653887,66,C,0.0413886,0.6404606316581093
64653885,68,A,0.00854966,0.0
64653884,69,C,,
64653881,72,A,0.0299191,0.41677000051098084
64653880,73,C,0.0394923,0.603476931946326
64653879,74,C,0.0363446,0.5420870719121643
64653877,76,C,0.0347255,0.5105096273077513
64653875,78,C,0.0272802,0.36530331002454663
64653873,80,C,0.0442035,0.6953598650698581
64653871,82,C,0.0240581,0.3024624204810475
64653867,86,C,0.0470397,0.7506745141879091
64653866,87,A,0.0589063,0.9821098203102786
64653862,91,C,0.0131201,0.08913767890667268
64653860,93,C,0.0401642,0.61658105462541
64653859,94,C,0.0160932,0.14712230033424384
64653858,95,C,0.0230326,0.28246200701564966
64653857,96,C,0.0397491,0.6084853241237167
64653856,97,C,0.0369171,0.553252587961838
64653854,99,C,0.0598236,1.0
64653853,100,C,0.0251383,0.3235296526851652
