chrom_coord,local_coord,ref,mmRate,DMS_signal
98004992,4,A,0.0176143,0.16794376104529968
98004993,5,C,0.00988731,0.0
98004994,6,C,0.0220442,0.2642262807657307
98004996,8,C,0.0121638,0.04947881291188605
98005000,12,A,0.0253632,0.336363729230055
98005001,13,A,0.0365803,0.5801639621825024
98005002,14,C,0.0459245,0.7832572872624479
98005007,19,A,0.0191881,0.20214982202546047
98005012,24,A,0.0372155,0.5939698396349093
98005013,25,C,0.0420567,0.6991918388833238
98005014,26,C,0.0224435,0.27290494396904635
98005015,27,A,0.0161043,0.1351243735246218
98005016,28,A,0.0311074,0.4612121569097091
98005017,29,C,0.0419725,0.6973617776719057
98005018,30,C,0.0480548,0.8295587052990705
98005021,33,A,0.0346486,0.5381790543191293
98005022,34,A,0.0251302,0.3312995455927583
98005025,37,A,0.0327225,0.4963158607406011
98005026,38,C,0.0344017,0.5328127584390926
98005028,40,A,0.0266952,0.36531434126816287
98005029,41,C,0.0444249,0.7506639405564822
98005030,42,C,0.0420754,0.6995982776559307
98005032,44,A,0.0377397,0.6053631660841408
98005034,46,A,0.0476688,0.8211691135222615
98005036,48,A,0.0442127,0.7460518385486093
98005041,53,C,0.0201784,0.22367368921865732
98005044,56,C,0.0316902,0.47387913641106744
98005045,57,A,0.028801,0.411083259308589
98005046,58,A,0.035967,0.5668340745226138
98005048,60,C,0.0441155,0.7439392263188016
98005050,62,C,0.025255,0.3340120353693018
98005051,63,C,0.0755324,1.0
98005054,66,C,0.0289499,0.41431955520383995
98005055,67,C,0.0158685,0.12999933274490275
98005056,68,C,0.0246058,0.31990187220478256
98005057,69,C,0.0324158,0.4896498301759707
98005058,70,A,0.0210414,0.24243072990100498
98005060,72,C,0.0558967,1.0
98005063,75,A,0.0248249,0.3246639435993392
98005064,76,C,0.0419547,0.6969749001236487
98005065,77,C,0.0231259,0.2877366989651461
98005067,79,A,0.0379635,0.6102273905391921
98005068,80,C,0.0454365,0.772650756725964
98005073,85,A,0.0279681,0.39298043290728263
98005077,89,C,0.0241603,0.31021906615149647
98005079,91,A,0.0405766,0.6670223187049427
98005082,94,A,0.0366367,0.5813897989084402
98005083,95,C,0.0435985,0.7327023896643707
98005084,96,C,0.072375,1.0
98005086,98,A,0.027795,0.389218157423952
98005088,100,A,0.0378589,0.6079539415758393
