chrom_coord,local_coord,ref,mmRate,DMS_signal
38647650,1,A,,
38647651,2,A,,
38647653,4,C,,
38647654,5,A,,
38647656,7,C,,
38647659,10,A,,
38647660,11,A,,
38647662,13,C,0.0365374,0.6123170098869284
38647665,16,C,0.0188129,0.007203528704866969
38647669,20,A,0.0367749,0.6204252471732123
38647671,22,C,0.0234436,0.16529537881684592
38647674,25,C,0.0584658,1.0
38647677,28,C,0.0379712,0.6612668651335554
38647680,31,C,0.0186019,0.0
38647682,33,C,0.031565,0.4425595400666412
38647686,37,C,0.045983,0.9347892882503961
38647687,38,A,0.0384717,0.6783539083410716
38647689,40,A,0.0336965,0.5153288359643851
38647694,45,C,0.0303494,0.4010590211394548
38647698,49,A,0.0328267,0.4856339105260283
38647700,51,C,0.0341332,0.5302377505872071
38647703,54,A,0.0387402,0.6875204839678812
38647706,57,C,0.0420176,0.7994107445239527
38647710,61,A,0.0399837,0.7299735074015402
38647712,63,C,0.0417689,0.7909201398372206
38647715,66,A,0.041665,0.787372999399137
38647716,67,C,0.047004,0.9696461735947997
38647717,68,A,0.0367125,0.6182949145135741
38647720,71,C,0.0288799,0.3508903698039001
38647728,79,C,0.0374131,0.6422133610094498
38647730,81,A,0.0401189,0.7345892281640902
38647732,83,C,0.0478931,1.0
38647734,85,A,0.0425485,0.8175356421041132
38647736,87,A,0.040769,0.7567836073633036
38647739,90,C,0.0305864,0.40915018845250445
38647742,93,C,0.0308579,0.41841918391871963
38647745,96,A,0.031774,0.4496947888785709
38647746,97,A,0.0344459,0.540913311847927
