chrom_coord,local_coord,ref,mmRate,DMS_signal
22559253,2,C,0.0208934,0.3312620267086835
22559252,3,A,0.0410122,0.8156723303355248
22559250,5,C,0.0237753,0.4006509591510853
22559249,6,C,0.0163404,0.22163719260262313
22559248,7,A,0.0465243,0.9483898897635975
22559246,9,A,0.0226107,0.3726103086349602
22559245,10,A,0.0363597,0.7036517854907091
22559243,12,C,0.0170925,0.23974587648822995
22559242,13,C,0.0135892,0.1553951887386667
22559238,17,C,0.0117518,0.11115519967948038
22559237,18,C,0.0145471,0.17845902106684491
22559234,21,C,0.0324551,0.6096387990530804
22559233,22,A,0.0179742,0.2609750037079342
22559231,24,C,0.0278387,0.4984874517727778
22559229,26,C,0.0164752,0.22488283891000216
22559228,27,C,0.00713524,0.0
22559226,29,C,0.0340268,0.6474813977274698
22559225,30,A,0.0469134,0.9577584430143483
22559223,32,C,0.0368202,0.7147394718745966
22559222,33,A,0.0302075,0.555522221601558
22559221,34,C,0.038366,0.7519584634320639
22559220,35,C,0.0312718,0.5811478993830383
22559218,37,C,0.02333,0.3899292506890979
22559216,39,C,0.0361902,0.6995706501116232
22559215,40,C,0.0150099,0.1896020856889149
22559211,44,A,0.0407544,0.8094651521601367
22559210,45,C,0.0401451,0.7947947345408037
22559209,46,A,0.0244495,0.4168840061869531
22559208,47,C,0.0279728,0.5017162438337536
22559207,48,C,0.00726994,0.0032432385578928863
22559206,49,C,0.0167103,0.23054345795202608
22559205,50,C,0.033397,0.6323173914634688
22559204,51,A,0.0484118,0.9938361613153632
22559203,52,C,0.0209352,0.3322684659939094
22559202,53,C,0.0213055,0.3411843623412571
22559201,54,C,0.0177236,0.2549411834955514
22559199,56,C,0.0410157,0.8157566015675414
22559196,59,C,0.0408463,0.8116778739379418
22559195,60,C,0.0508457,1.0
22559194,61,C,0.0169038,0.23520245320779648
22559193,62,A,0.0211123,0.3365325903339452
22559190,65,C,0.0156373,0.2047083059652475
22559186,69,A,0.0486678,1.0
22559185,70,C,0.0300548,0.5518455881361515
22559184,71,C,0.0129666,0.1404045404376711
22559180,75,C,0.0360066,0.6951500220549853
22559179,76,A,0.0555238,1.0
22559178,77,A,0.0274699,0.48960767166772284
22559177,78,C,0.0350696,0.67258940936942
22559176,79,A,0.0258965,0.4517241412520683
22559172,83,C,,
22559168,87,A,,
22559163,92,C,,
22559161,94,A,,
22559160,95,C,,
22559159,96,A,,
22559158,97,A,,
22559157,98,A,,
22559156,99,A,,
