chrom_coord,local_coord,ref,mmRate,DMS_signal
95731865,2,C,0.025884,0.5484361536189502
95731866,3,C,0.0292885,0.6315410471533919
95731867,4,A,0.0200858,0.40690030586115905
95731868,5,C,0.0317051,0.6905309974295946
95731869,6,A,0.0323474,0.7062097382482674
95731871,8,C,0.0300901,0.6511083500340524
95731876,13,C,0.0248782,0.5238842658477821
95731878,15,C,0.0176908,0.34843761823742925
95731884,21,A,0.0215549,0.4427614893217107
95731885,22,A,0.0274293,0.5861574025479479
95731886,23,C,0.044593,1.0
95731888,25,A,0.0377517,0.8381303656908239
95731894,31,A,0.0190835,0.382433854167938
95731895,32,C,0.0347775,0.7655292276822657
95731896,33,A,0.0267395,0.5693191720999944
95731897,34,C,0.03764,0.8354037342889155
95731898,35,A,0.0307142,0.6663428232474009
95731901,38,C,0.0354745,0.7825432123477101
95731902,39,C,0.0129037,0.23158303288312587
95731903,40,A,0.0191684,0.38450628931585223
95731904,41,C,0.0397083,0.8858915742939929
95731905,42,C,0.014953,0.2816070770364909
95731906,43,A,0.0192013,0.38530938844855406
95731909,46,A,0.0167005,0.3242640902400265
95731910,47,C,0.0294064,0.6344190224648064
95731911,48,A,0.0400786,0.894930711340785
95731912,49,A,0.0656695,1.0
95731913,50,C,0.0443829,1.0
95731914,51,C,0.0228065,0.4733134307955563
95731917,54,C,0.0139192,0.25637170064174697
95731918,55,C,0.00913333,0.13954713996626494
95731921,58,C,0.0430656,0.9678443012915494
95731926,63,C,0.00792925,0.11015517632785972
95731929,66,A,0.0403204,0.900833123811523
95731931,68,C,0.0101693,0.164835486729336
95731932,69,C,0.0101614,0.16464264529625566
95731934,71,C,0.0186406,0.37162252876144536
95731935,72,A,0.0197018,0.39752674759497436
95731936,73,C,0.0397918,0.8879298350107283
95731939,76,A,0.0233489,0.4865535818465421
95731940,77,C,0.0429296,0.9645244994056089
95731941,78,C,0.0330647,0.7237192521658046
95731947,84,A,0.0116766,0.20162914395490925
95731949,86,A,0.0265029,0.5635436932307775
95731950,87,A,0.0248084,0.5221804263504393
95731952,89,C,0.0034166,0.0
95731953,90,C,0.00443503,0.024860189961016743
95731954,91,C,0.00426204,0.020637450782716518
95731956,93,C,0.0286764,0.6165994976358616
95731961,98,C,0.0064736,0.07462231150970432
95731963,100,C,0.0186225,0.37118070218691945
95731964,101,C,0.0169818,0.33113070987616644
