chrom_coord,local_coord,ref,mmRate,DMS_signal
125823286,3,C,,
125823285,4,C,,
125823283,6,C,,
125823282,7,A,,
125823279,10,C,,
125823278,11,C,,
125823273,16,C,,
125823272,17,C,,
125823268,21,A,,
125823264,25,C,,
125823259,30,C,,
125823257,32,C,,
125823256,33,A,,
125823253,36,C,,
125823251,38,C,,
125823249,40,A,,
125823247,42,C,,
125823245,44,C,,
125823244,45,C,,
125823242,47,A,,
125823240,49,C,,
125823237,52,C,0.019943,0.5521258138746178
125823235,54,C,0.0180882,0.5001387405719475
125823233,56,C,0.0278812,0.7746208458410061
125823232,57,A,0.00757577,0.20549216466123477
125823230,59,C,0.0267235,0.7421723690443158
125823229,60,C,0.0223271,0.6189483184362397
125823228,61,A,0.0047619,0.12662389533074914
125823227,62,C,0.010544,0.28868689756461247
125823226,63,C,0.0128289,0.35272898500760974
125823225,64,C,0.00859787,0.23413999063851498
125823224,65,A,0.0186012,0.5145173089374154
125823223,66,C,0.0416444,1.0
125823221,68,C,0.0260552,0.723440990411485
125823219,70,A,0.0321687,0.8947926038662374
125823218,71,C,0.014327,0.39471832861054823
125823217,72,C,0.0108308,0.29672544221805536
125823216,73,C,0.0138121,0.38028650628817123
125823215,74,C,0.016238,0.4482805979017941
125823214,75,A,0.0203577,0.563749190679997
125823211,78,C,0.0359223,1.0
125823208,81,A,0.0353852,0.9849459472337373
125823203,86,C,0.018441,0.5100271595180237
125823197,92,C,0.0208504,0.5775587825584884
125823196,93,C,0.018566,0.5135307093146777
125823190,99,C,0.00278866,0.07131713852475328
125823189,100,C,0.0002442,0.0
125823188,101,C,0.00318656,0.08246963823746221
