chrom_coord,local_coord,ref,mmRate,DMS_signal
58007294,3,C,,
58007292,5,C,,
58007289,8,C,,
58007288,9,C,,
58007286,11,C,,
58007282,15,C,,
58007280,17,C,,
58007279,18,C,,
58007278,19,C,,
58007277,20,C,,
58007276,21,C,,
58007275,22,C,,
58007274,23,C,,
58007273,24,A,,
58007271,26,A,0.0126067,0.18268326588613265
58007269,28,C,0.0236597,0.4558413394705137
58007268,29,C,0.0303567,0.6213475023941182
58007264,33,C,0.0225193,0.42765808903030483
58007262,35,C,0.0104896,0.1303623613728337
58007261,36,C,0.00521465,0.0
58007259,38,A,0.0379256,0.8084013468845571
58007257,40,C,0.0456784,1.0
58007254,43,A,0.0348024,0.7312162120416421
58007252,45,A,0.0269631,0.537479843069414
58007251,46,A,0.0282734,0.5698619134410429
58007250,47,A,0.0352885,0.7432294337524327
58007247,50,C,0.0119511,0.16648110963516724
58007245,52,C,0.0108091,0.13825831762997745
58007244,53,C,0.0196152,0.3558876772419758
58007243,54,A,0.0253833,0.4984374903462976
58007236,61,A,0.0271286,0.5415699236971363
58007231,66,C,0.0175273,0.30428840628958015
58007230,67,C,0.0126344,0.18336782922986625
58007228,69,C,0.0205418,0.3787871860615983
58007224,73,A,0.0294424,0.5987519693552871
58007222,75,A,0.023257,0.44588922183435786
58007221,76,C,0.0200289,0.366111643137376
58007214,83,C,0.0198747,0.36230082481233195
58007213,84,C,0.0177302,0.30930277099873343
58007211,86,C,0.036264,0.767337431651787
58007208,89,C,0.0153374,0.25016836056964564
58007204,93,C,0.00983529,0.11419208550863426
58007202,95,C,0.0214385,0.40094776188563835
58007200,97,C,0.0639188,1.0
58007198,99,C,0.0233225,0.44750795465076765
