chrom_coord,local_coord,ref,mmRate,DMS_signal
27032964,2,C,,
27032966,4,C,,
27032968,6,C,,
27032969,7,C,,
27032972,10,A,,
27032973,11,C,,
27032974,12,C,,
27032977,15,A,,
27032978,16,A,0.0359354,0.6583092879522743
27032979,17,A,0.032438,0.5897618223504644
27032981,19,C,0.00308062,0.014370389940883844
27032982,20,C,0.00234742,0.0
27032987,25,A,0.0294412,0.5310258913973265
27032988,26,A,0.0483066,0.9007792389024408
27032993,31,C,0.0137623,0.22372650944953099
27032994,32,C,0.00909486,0.1322467865558064
27032996,34,A,0.0413429,0.7642938536987682
27032999,37,A,0.022848,0.4018021394084621
27033003,41,A,0.0251161,0.44625587839498504
27033007,45,C,0.0138628,0.22569626420820368
27033010,48,C,0.0265973,0.4752867316143483
27033012,50,A,0.0496639,0.927381707896933
27033014,52,C,0.0302046,0.545988187743304
27033015,53,C,0.0140023,0.22843040141054044
27033016,54,A,0.0243398,0.4310407478561033
27033020,58,C,0.0200374,0.34671564463507404
27033022,60,A,0.0424143,0.785292811394708
27033023,61,C,0.0494976,0.9241223027589502
27033024,62,C,0.0242983,0.4302273665378454
27033025,63,A,0.0368348,0.6759371230761572
27033026,64,A,0.051273,0.9589193435405176
27033028,66,A,0.0465244,0.8658489211819783
27033029,67,C,0.0545984,1.0
27033032,70,C,0.0336632,0.6137751908114174
27033036,74,C,0.0372132,0.6833535927346821
27033043,81,C,0.053369,1.0
27033050,88,A,0.0414672,0.7667300777435744
27033054,92,A,0.0354657,0.6491033793935821
27033058,96,A,0.0388084,0.7146187946355248
27033059,97,A,0.0450814,0.8375667707664091
27033061,99,A,0.0367528,0.674329959989479
27033062,100,A,0.042501,0.7869920923656225
