chrom_coord,local_coord,ref,mmRate,DMS_signal
50968956,2,A,0.0291359,0.5313690226469286
50968964,10,A,0.0159737,0.2302807567672917
50968966,12,C,0.0363065,0.6953980998009397
50968967,13,A,0.0434006,0.8576772223622692
50968969,15,C,0.0483858,0.9717147862241744
50968971,17,A,0.0522175,1.0
50968972,18,C,0.032865,0.6166730183537067
50968973,19,A,0.0163645,0.2392203940851992
50968974,20,A,0.0216857,0.3609440330208425
50968975,21,A,0.0372844,0.717767780796799
50968976,22,A,0.0402045,0.7845657207456773
50968978,24,A,0.0295787,0.5414981715833909
50968979,25,A,0.039859,0.7766623310493185
50968980,26,A,0.037584,0.7246211977375488
50968981,27,C,0.0644728,1.0
50968985,31,C,0.0368373,0.7075402683995716
50968986,32,A,0.0263616,0.46790629027469016
50968987,33,C,0.0405968,0.7935396708987354
50968992,38,A,0.0417868,0.8207611867848917
50968994,40,C,0.0261017,0.4619610197042599
50968999,45,C,0.0318405,0.593237351945835
50969002,48,C,0.0403507,0.7879100784116908
50969003,49,C,0.0321797,0.6009966277345613
50969004,50,A,0.0427033,0.8417263290619189
50969005,51,A,0.037016,0.7116280708271817
50969008,54,A,0.0426222,0.8398711484414422
50969011,57,A,0.016819,0.24961718313583628
50969012,58,A,0.0292319,0.5335650440965682
50969014,60,C,0.0219899,0.3679026759893877
50969015,61,A,0.0342998,0.6494943889364438
50969019,65,C,0.0147408,0.20207789379582763
50969022,68,C,0.013826,0.1811516393986378
50969023,69,C,0.0288183,0.5241038516843713
50969024,70,A,0.0210048,0.3453682933848056
50969027,73,C,0.0181658,0.28042553405640386
50969029,75,C,0.0246591,0.4289612223787395
50969032,78,C,0.0155085,0.21963920282591357
50969034,80,C,0.0332217,0.6248326105525235
50969035,81,C,0.0235864,0.4044229702013614
50969036,82,A,0.0298909,0.5486398163394061
50969040,86,C,0.0149858,0.20768232353709515
50969041,87,A,0.0383278,0.7416357889275684
50969042,88,C,0.0496223,1.0
50969043,89,A,0.0354393,0.6755607060391962
50969045,91,C,0.020831,0.34139257955202074
50969049,95,C,0.025899,0.4573242119142398
50969053,99,C,0.00590688,0.0
