chrom_coord,local_coord,ref,mmRate,DMS_signal
100429716,1,C,0.0135572,0.17928331553373864
100429720,5,C,0.0347788,0.6218561087854503
100429722,7,A,0.0362201,0.6519141707088534
100429723,8,A,0.0513839,0.9681525939337897
100429727,12,A,0.0243405,0.4041671697893642
100429728,13,A,0.00618555,0.025548831264221687
100429729,14,C,0.00994887,0.10403221820488742
100429731,16,C,0.0139687,0.18786507677808778
100429733,18,C,0.0190684,0.2942184372101831
100429735,20,C,0.0167399,0.2456579729150022
100429737,22,C,0.0313093,0.5495002870666914
100429738,23,A,0.0299073,0.5202618198380707
100429739,24,C,0.0415547,0.7631663299654874
100429740,25,C,0.030692,0.5366266024588259
100429744,29,C,0.0101718,0.1086813847521602
100429746,31,C,0.00496047,0.0
100429748,33,C,0.0191336,0.29557817192010183
100429750,35,C,0.0137032,0.18232812025226836
100429752,37,C,0.0167962,0.24683209966605169
100429755,40,C,0.0243486,0.4043360938867621
100429756,41,C,0.0146447,0.20196293972141707
100429764,49,A,0.0384274,0.6979470299911179
100429769,54,C,0.052911,1.0
100429772,57,A,0.0574043,1.0
100429775,60,A,0.0339154,0.6038500512924466
100429777,62,A,0.0234197,0.3849640452357878
100429778,63,A,0.0434403,0.8024901914535668
100429779,64,A,0.0272458,0.4647566982054213
100429785,70,C,0.0333131,0.5912891890871695
100429788,73,C,0.0556503,1.0
100429790,75,C,0.0175282,0.2620978329123787
100429791,76,A,0.0242746,0.40279283670065796
100429792,77,C,0.032786,0.5802966098602039
100429794,79,C,0.0163981,0.2385297931013484
100429796,81,C,0.0195027,0.303275688506467
100429802,87,A,0.0299316,0.5207685921302643
100429805,90,C,0.0199107,0.31178445785687875
100429806,91,C,0.00912585,0.08686827861965238
100429808,93,C,0.0225968,0.36780260822977345
100429810,95,A,0.0317719,0.5591477299625259
100429813,98,A,0.0491703,0.921988349242438
