chrom_coord,local_coord,ref,mmRate,DMS_signal
41334146,4,C,,
41334147,5,C,,
41334149,7,C,,
41334151,9,C,,
41334156,14,C,,
41334158,16,C,,
41334160,18,C,,
41334161,19,C,0.00672322,0.06467370483060488
41334162,20,A,0.00858113,0.10820808002465034
41334164,22,A,0.0165107,0.29401303048374
41334166,24,C,0.00396315,0.0
41334167,25,C,0.00727667,0.0776420940158423
41334169,27,C,0.0158711,0.27902598247058996
41334170,28,A,0.0260508,0.5175557708687497
41334174,32,C,0.0130494,0.21290816918305822
41334176,34,C,0.0122711,0.19467111560483025
41334177,35,C,0.0107058,0.15799315085344862
41334178,36,C,0.031087,0.635563543232455
41334182,40,A,0.0340836,0.705779597135215
41334184,42,A,0.0278939,0.5607431195132724
41334188,46,C,0.0350998,0.729591101498822
41334189,47,C,0.0311014,0.6359009626999181
41334192,50,C,0.0350683,0.7288529964137465
41334194,52,C,0.0113283,0.17257951324898624
41334200,58,A,0.0299299,0.6084504831073521
41334201,59,A,0.0392188,0.8261071283377287
41334202,60,C,0.0485563,1.0
41334203,61,A,0.047716,1.0
41334204,62,A,0.0428741,0.9117577796861764
41334205,63,A,0.0329181,0.6784697089874252
41334206,64,C,0.0375305,0.7865470389684337
41334207,65,A,0.0331397,0.683662219681162
41334208,66,C,0.0338074,0.6993077042940142
41334210,68,C,0.022172,0.426668088202386
41334212,70,C,0.0261804,0.520592546075917
41334215,73,A,0.0300052,0.6102149057392942
41334217,75,C,0.04664,1.0
41334218,76,A,0.0345816,0.717448687051645
41334220,78,C,0.0274238,0.5497277798150519
41334223,81,A,0.0238458,0.4658884149134718
41334224,82,A,0.0247072,0.4860726600018511
41334226,84,A,0.0249014,0.49062313643110955
41334227,85,C,0.026194,0.5209112200174097
41334229,87,C,0.0192853,0.359027200929778
41334230,88,C,0.0202314,0.3811961285802489
41334232,90,A,0.0204362,0.3859949832286123
41334236,94,C,0.0343748,0.7126029685883564
41334238,96,C,0.0191607,0.35610758525992425
41334242,100,A,0.045741,0.9789347151910227
41334243,101,C,0.0448468,0.9579819035378665
