chrom_coord,local_coord,ref,mmRate,DMS_signal
91383309,3,A,,
91383308,4,A,,
91383305,7,A,,
91383303,9,A,,
91383302,10,C,,
91383301,11,C,,
91383300,12,A,,
91383299,13,C,,
91383296,16,A,,
91383294,18,A,,
91383293,19,C,,
91383291,21,A,,
91383289,23,C,,
91383285,27,A,,
91383283,29,C,,
91383281,31,C,,
91383278,34,A,0.0138163,0.247983676283593
91383276,36,C,0.0169896,0.31957817163185726
91383275,37,A,0.0370653,0.7725166301019512
91383273,39,C,,
91383272,40,A,,
91383270,42,C,0.0442856,0.9354176274117145
91383269,43,C,0.00560382,0.06269758257744695
91383267,45,C,0.00828781,0.12325249688425303
91383264,48,C,0.0195261,0.3768054862415293
91383261,51,C,0.0111142,0.1870201727130056
91383260,52,C,0.00282486,0.0
91383259,53,C,0.00560223,0.06266170974865555
91383256,56,A,0.0403929,0.8475923691499088
91383255,57,C,0.0103658,0.1701351255007531
91383249,63,A,0.0315663,0.6484507901498175
91383248,64,A,0.0620069,1.0
91383246,66,A,0.00509862,0.051299498863350244
91383245,67,A,0.0400535,0.8399349867022357
91383244,68,A,0.027054,0.5466464094231379
91383242,70,C,0.0354049,0.7350554697716143
91383240,72,C,0.0394238,0.8257279928091901
91383239,73,A,0.0400926,0.8408171424291184
91383238,74,A,0.0398967,0.8363973391836879
91383235,77,A,0.0320455,0.6592622741478286
91383234,78,A,0.031426,0.6452854078357089
91383233,79,C,0.0471481,1.0
91383231,81,A,0.0221488,0.435977604525301
91383225,87,A,0.0363357,0.7560557396074836
91383223,89,A,0.0401067,0.8411352599674573
91383221,91,A,0.0376867,0.7865363633164001
91383220,92,A,0.029989,0.6128644927582009
91383218,94,C,0.00570344,0.064945161951157
91383217,95,A,0.0152371,0.2800390946149244
91383216,96,C,0.0058719,0.06874587688084176
91383213,99,A,0.00361398,0.017803752613752975
91383211,101,C,0.00576315,0.06629231076067545
