chrom_coord,local_coord,ref,mmRate,DMS_signal
50067901,1,A,,
50067904,4,C,,
50067905,5,C,,
50067909,9,C,,
50067910,10,A,,
50067911,11,C,,
50067913,13,C,,
50067914,14,C,,
50067915,15,C,,
50067916,16,C,,
50067920,20,C,,
50067921,21,A,,
50067923,23,C,,
50067928,28,C,,
50067934,34,C,,
50067936,36,A,,
50067939,39,C,,
50067942,42,C,,
50067943,43,C,,
50067948,48,C,,
50067950,50,C,,
50067953,53,C,,
50067954,54,A,,
50067957,57,C,,
50067958,58,C,,
50067960,60,C,,
50067963,63,C,,
50067969,69,C,0.0106648,0.03133076094271703
50067973,73,C,0.0274877,0.39713862315129816
50067974,74,A,0.0490871,0.8668097463814206
50067976,76,C,0.0121358,0.06331712270607666
50067979,79,C,0.0237319,0.31547011362660327
50067982,82,A,0.0552123,1.0
50067984,84,C,0.0165724,0.1597893814411694
50067985,85,C,0.025374,0.3511769828663129
50067986,86,C,0.0264675,0.374954743973202
50067987,87,A,0.0128214,0.07822524617647732
50067988,88,C,0.0182119,0.19543971462337745
50067989,89,C,0.0215291,0.26757102614031597
50067991,91,A,0.0385857,0.6384606101327837
50067993,93,C,0.00922395,0.0
50067994,94,C,0.00931073,0.00188699964230071
50067998,98,C,0.0221915,0.2819746740207031
50068001,101,C,0.0470407,0.8223115202002246
