chrom_coord,local_coord,ref,mmRate,DMS_signal
17644156,3,C,,
17644162,9,C,,
17644163,10,C,,
17644165,12,C,,
17644166,13,C,,
17644168,15,C,,
17644169,16,C,,
17644171,18,C,,
17644172,19,A,,
17644174,21,C,,
17644177,24,C,,
17644180,27,C,,
17644181,28,C,,
17644183,30,C,,
17644202,49,A,0.0395519,0.6379917556183758
17644204,51,A,0.0306467,0.4275047509194565
17644207,54,A,0.0532808,0.9624937363499703
17644210,57,A,0.01256,0.0
17644212,59,C,0.0449963,0.7666778545698645
17644216,63,C,0.049772,0.8795582826726166
17644218,65,C,0.0456142,0.7812827955260992
17644221,68,A,0.0267362,0.33507454925356206
17644222,69,C,0.0208956,0.1970237025971693
17644223,70,C,0.0171324,0.10807514489122519
17644224,71,C,0.0467599,0.8083630364284431
17644228,75,A,0.0548676,1.0
17644230,77,A,0.0371688,0.5816638145392317
17644233,80,C,0.0289533,0.38747884540838995
17644237,84,C,0.0289796,0.3881004831283268
17644239,86,C,0.0271398,0.34461420643099583
17644245,92,C,0.0501184,0.887745936900226
17644247,94,C,0.0199488,0.1746447446794429
17644254,101,C,0.0321606,0.46328791990091606
