chrom_coord,local_coord,ref,mmRate,DMS_signal
149886682,2,A,0.001616,0.013805745989099732
149886681,3,C,0.0016857,0.015076488003803403
149886678,6,C,0.0152682,0.2627070965362654
149886673,11,C,0.0230141,0.40392719082167655
149886668,16,C,0.047772,0.8553031409770855
149886666,18,A,0.0314275,0.5573168732679873
149886665,19,A,0.0310354,0.550168265750551
149886663,21,C,0.0230987,0.4054695835683614
149886662,22,C,0.0206295,0.36045213474904564
149886660,24,C,0.0564374,1.0
149886653,31,A,0.0393745,0.7022033408555062
149886652,32,C,0.0557086,1.0
149886646,38,C,0.0375322,0.6686152775314235
149886643,41,A,0.0197737,0.34484953767324367
149886642,42,C,0.0508396,0.9112303748982472
149886641,43,C,0.0297217,0.5262174223543357
149886640,44,A,0.019591,0.34151862567774355
149886637,47,C,0.0352555,0.6271074103165619
149886636,48,C,0.0179428,0.3114693145065155
149886633,51,A,0.0280736,0.4961699343423827
149886632,52,A,0.0285612,0.5050596589674833
149886631,53,C,0.107383,1.0
149886630,54,C,0.0280438,0.49562663287842046
149886627,57,C,0.0174362,0.3022331896191571
149886626,58,A,0.031985,0.5674809862263416
149886625,59,A,0.00868722,0.14272534927766342
149886624,60,A,0.030121,0.5334972973395748
149886623,61,A,0.0264425,0.4664323834071868
149886621,63,C,0.042978,0.7679008853316135
149886620,64,C,0.038667,0.6893044889845902
149886618,66,C,0.0427271,0.7633265787105352
149886616,68,C,0.0488779,0.8754654593997654
149886615,69,C,0.039035,0.6960137151167416
149886612,72,C,0.0158871,0.273990629289495
149886611,73,C,0.0108123,0.18146894239970754
149886610,74,C,0.0343917,0.6113589604987566
149886609,75,C,0.0207151,0.3620127590884809
149886607,77,A,0.000858757,0.0
149886606,78,A,0.00833499,0.13630363536318602
149886605,79,A,0.0230748,0.4050338485016265
149886604,80,A,0.0380446,0.6779571456567342
149886603,81,A,0.0295987,0.523974936446035
149886599,85,C,0.0101445,0.16929388476098284
149886597,87,C,0.0461221,0.8252228360981817
149886596,88,C,0.0396299,0.7068596896439613
149886595,89,A,0.028771,0.5088846471265196
149886594,90,A,0.0355978,0.6333480845150277
149886592,92,A,0.0322962,0.5731546578902695
149886591,93,A,0.0358391,0.637747367845702
149886590,94,A,0.0271665,0.4796320565584846
149886588,96,C,0.0295082,0.5223249773021228
149886587,97,C,0.019154,0.33355141964581375
149886584,100,C,0.0237388,0.4171396260878997
149886583,101,A,0.0343871,0.6112750951721047
