chrom_coord,local_coord,ref,mmRate,DMS_signal
105013634,4,C,,
105013633,5,A,,
105013632,6,C,,
105013631,7,C,,
105013628,10,A,,
105013626,12,A,,
105013625,13,A,,
105013624,14,A,,
105013623,15,A,,
105013621,17,C,,
105013618,20,A,,
105013616,22,C,,
105013612,26,C,,
105013610,28,A,,
105013607,31,C,,
105013605,33,A,,
105013601,37,C,,
105013597,41,C,,
105013595,43,C,,
105013593,45,A,,
105013589,49,A,,
105013586,52,A,,
105013584,54,C,,
105013583,55,A,,
105013582,56,A,,
105013580,58,A,,
105013579,59,A,,
105013578,60,A,,
105013577,61,C,,
105013574,64,A,,
105013573,65,A,,
105013571,67,A,,
105013567,71,C,,
105013560,78,A,0.016412,0.2761874951618386
105013558,80,A,0.0594234,1.0
105013557,81,A,,
105013555,83,C,0.0325869,0.5483849796544795
105013554,84,A,0.0555937,0.9355523245051613
105013552,86,C,0.0356092,0.5992454151058337
105013551,87,C,0.0431383,0.7259480272081368
105013548,90,A,0.0,0.0
105013547,91,A,,
105013546,92,A,,
105013545,93,A,,
105013544,94,A,,
105013541,97,C,0.0327573,0.5512525368794112
105013540,98,A,0.0149728,0.2519680799146464
105013538,100,C,0.0132053,0.22222390506096923
105013537,101,C,0.017836,0.30015111891948293
