chrom_coord,local_coord,ref,mmRate,DMS_signal
33200812,2,A,,
33200813,3,C,,
33200814,4,C,,
33200817,7,A,,
33200821,11,C,,
33200822,12,C,,
33200824,14,C,,
33200825,15,C,,
33200826,16,A,,
33200828,18,A,,
33200834,24,A,,
33200835,25,A,,
33200836,26,A,,
33200839,29,C,,
33200840,30,A,,
33200843,33,A,,
33200847,37,C,,
33200849,39,A,,
33200850,40,A,,
33200856,46,A,,
33200857,47,A,,
33200858,48,C,,
33200861,51,A,,
33200862,52,A,,
33200863,53,C,,
33200866,56,C,,
33200867,57,C,,
33200872,62,C,,
33200874,64,C,,
33200876,66,C,,
33200880,70,A,,
33200882,72,C,,
33200884,74,A,,
33200885,75,A,,
33200886,76,A,0.0257855,0.39244026954132505
33200889,79,C,0.0161877,0.12307295072535353
33200893,83,A,0.0118025,0.0
33200894,84,C,0.0194585,0.21486967772354892
33200897,87,C,0.0162025,0.12348832053077528
33200898,88,C,0.0279802,0.4540356825115279
33200899,89,A,0.0300363,0.5117412133850112
33200900,90,C,0.0458993,0.9569446744258494
33200903,93,C,0.0274179,0.43825443645824264
33200904,94,C,0.0203653,0.24031949796384597
33200905,95,A,0.0421613,0.8520357330294772
33200906,96,A,0.0367223,0.699387329537003
33200908,98,C,0.0263184,0.4073963890892455
33200909,99,A,0.014499,0.07567869461618985
33200910,100,A,0.037891,0.7321875114016205
33200911,101,A,0.0474334,1.0
