chrom_coord,local_coord,ref,mmRate,DMS_signal
13153049,1,C,,
13153054,6,C,,
13153055,7,A,,
13153057,9,A,,
13153059,11,C,,
13153062,14,C,0.0056077,0.0
13153063,15,C,0.0172943,0.3418383912248628
13153065,17,A,0.0266801,0.6163773308957953
13153067,19,C,0.0177414,0.3549162705667276
13153068,20,A,0.0214233,0.4626135283363802
13153073,25,C,0.0272425,0.6328277879341864
13153074,26,A,0.0163276,0.3135619744058501
13153075,27,C,0.0244513,0.5511839122486288
13153078,30,C,0.0165681,0.32059670932358314
13153095,47,A,0.0388878,0.9734581352833638
13153097,49,A,0.0320465,0.7733469835466178
13153099,51,A,0.0291703,0.689216819012797
13153102,54,C,0.0214447,0.46323948811700183
13153106,58,A,0.0350625,0.8615663619744058
13153108,60,C,0.0310347,0.7437513711151735
13153110,62,A,0.0390412,0.9779451553930529
13153112,64,C,0.0291933,0.68988957952468
13153113,65,C,0.00895229,0.0978307861060329
13153114,66,C,0.0197233,0.4128877513711151
13153120,72,C,0.0397952,1.0
13153121,73,C,0.0222801,0.48767531992687385
13153124,76,A,0.028293,0.6635553930530164
13153128,80,C,0.0435927,1.0
13153129,81,A,0.0350019,0.8597937842778793
13153130,82,C,0.0381401,0.9515875685557587
13153131,83,C,0.027578,0.6426413162705666
13153134,86,C,0.0348412,0.8550932358318099
13153137,89,C,0.0343563,0.8409096892138939
13153138,90,C,0.0235122,0.5237148080438756
13153143,95,C,0.0303858,0.7247707495429616
13153147,99,C,0.03414,0.8345828153564898
13153148,100,C,0.0191444,0.39595466179159045
13153149,101,C,0.0163046,0.312889213893967
