chrom_coord,local_coord,ref,mmRate,DMS_signal
104286973,1,C,,
104286974,2,A,,
104286978,6,C,,
104286983,11,C,,
104286986,14,C,,
104286988,16,C,,
104286991,19,A,,
104286993,21,C,,
104286994,22,C,,
104286995,23,A,,
104286998,26,A,,
104287001,29,A,,
104287002,30,A,,
104287003,31,A,,
104287004,32,C,,
104287005,33,A,,
104287007,35,C,,
104287008,36,A,,
104287009,37,A,,
104287010,38,C,,
104287011,39,C,,
104287012,40,C,,
104287016,44,C,,
104287017,45,A,,
104287018,46,C,,
104287019,47,C,,
104287021,49,C,,
104287022,50,A,0.0230716,0.33949731399449323
104287028,56,C,0.0194656,0.23145787330682782
104287031,59,C,0.0179023,0.18461980962767438
104287032,60,A,0.0199533,0.2460698631080964
104287033,61,C,0.021517,0.2929199111955347
104287035,63,C,0.0302192,0.5536467056359676
104287036,64,C,0.0117403,0.0
104287039,67,C,0.0201122,0.2508306692992417
104287040,68,A,0.0423223,0.9162679354160238
104287045,73,C,0.0404316,0.859620633555744
104287046,74,A,0.0617508,1.0
104287048,76,C,0.0320565,0.6086940889902238
104287049,77,A,0.0421463,0.9109947957707023
104287051,79,A,0.0190012,0.21754397528815012
104287053,81,C,0.0256562,0.416934568126867
104287055,83,A,0.0222971,0.3162925034530077
104287056,84,A,0.045117,1.0
104287057,85,A,0.0385735,0.8039500609706771
104287064,92,C,0.0298506,0.5426030734015048
104287066,94,A,0.0264336,0.44022626562841755
104287069,97,C,0.0247396,0.38947229654219867
104287070,98,C,0.0157541,0.12025754493404082
104287073,101,A,0.0416676,0.8966524551558422
