chrom_coord,local_coord,ref,mmRate,DMS_signal
129939794,2,C,0.0272574,0.5617312157591046
129939792,4,C,0.017485,0.3226772943295756
129939789,7,A,0.00834448,0.09908051667976205
129939787,9,C,0.0226696,0.4495037608110475
129939784,12,C,0.0189232,0.35785875945584433
129939783,13,C,0.0213928,0.4182704868065836
129939781,15,C,0.0267706,0.5498230408018888
129939780,16,C,0.0388087,0.8443008570559117
129939776,20,C,0.0357732,0.7700459986281625
129939771,25,C,0.0451736,1.0
129939769,27,C,0.0157639,0.2805754867723366
129939766,30,C,0.0121624,0.19247505105250848
129939764,32,C,0.0164701,0.29785065759153495
129939761,35,C,0.02897,0.6036250950354554
129939760,36,C,0.0218285,0.4289286458634014
129939759,37,A,0.0430826,0.9488496429015242
129939758,38,C,0.0503836,1.0
129939757,39,A,0.0364902,0.7875853606748422
129939752,44,C,0.022687,0.4499294022331008
129939751,45,A,0.0235053,0.46994678014495295
129939743,53,A,0.0354604,0.7623942378914801
129939738,58,C,0.00660613,0.05655673702307367
129939736,60,C,0.010042,0.14060550672366673
129939735,61,C,0.0119893,0.18824065276759877
129939734,62,C,0.0400361,0.8743257008161551
129939730,66,C,0.00770764,0.08350204063261077
129939729,67,C,0.00547647,0.028922823871536513
129939726,70,C,0.0484592,1.0
129939723,73,C,0.0261944,0.535727949572744
129939722,74,C,0.021991,0.4329037453509682
129939720,76,C,0.0375522,0.8135641647105101
129939719,77,C,0.0197869,0.3789867190091459
129939717,79,C,0.0316813,0.669949324208625
129939715,81,C,0.0142571,0.24371591810854734
129939714,82,C,0.0166658,0.3026379004821001
129939713,83,C,0.0192294,0.36534906999795497
129939712,84,C,0.0161638,0.290357900834355
129939711,85,C,0.0291875,0.6089456128111218
129939709,87,C,0.0122282,0.1940846605680894
129939707,89,C,0.00496912,0.016511951717585432
129939706,90,C,0.00429412,0.0
129939703,93,A,0.0120619,0.1900166049078902
129939702,94,C,0.0101014,0.14205855847481424
129939701,95,C,0.00836002,0.0994606585015269
129939700,96,C,0.0309067,0.6510009422820445
129939695,101,C,0.0159745,0.28572721570822324
