chrom_coord,local_coord,ref,mmRate,DMS_signal
30744372,1,C,0.0182317,0.21037873523497777
30744368,5,C,0.0560368,1.0
30744366,7,C,0.00815929,0.0
30744365,8,C,0.0225859,0.30132331443301874
30744364,9,C,0.0369607,0.6015644923890152
30744363,10,C,0.0316785,0.491237117385595
30744362,11,A,0.0264757,0.3825681410750058
30744360,13,C,0.0172359,0.18957982568433487
30744358,15,C,0.0238587,0.32790782143850006
30744357,16,C,0.0128467,0.09790421431690999
30744355,18,C,0.0395115,0.6548421168937149
30744353,20,C,0.0469578,0.8103702552618129
30744351,22,C,0.0250858,0.35353780929710005
30744347,26,C,0.0299885,0.45593870692105753
30744346,27,A,0.0322448,0.5030652178862267
30744345,28,C,0.0270565,0.3946990977600966
30744344,29,C,0.0393969,0.6524485087048177
30744342,31,A,0.0321792,0.5016950547344672
30744341,32,A,0.0266755,0.3867412904305174
30744340,33,A,0.0251671,0.3552358925934119
30744338,35,C,0.0906782,1.0
30744336,37,C,0.0382512,0.6285186928058707
30744335,38,A,0.0250183,0.35212796154185966
30744333,40,C,0.0313128,0.48359887554720377
30744332,41,C,0.0404134,0.6736797715670678
30744330,43,C,0.0317431,0.4925863939039437
30744329,44,A,0.0342655,0.5452708380197717
30744323,50,C,0.0406283,0.6781683090870849
30744321,52,C,0.0329544,0.5178863729546503
30744319,54,A,0.0237735,0.3261282802718855
30744318,55,C,0.0393731,0.6519514068296368
30744317,56,C,0.0173244,0.19142829274120565
30744316,57,C,0.0175738,0.1966374191139013
30744314,59,C,0.0226003,0.30162408195413676
30744312,61,A,0.0216354,0.28147056937589277
30744305,68,A,,
30744302,71,A,,
30744300,73,C,,
30744298,75,C,,
30744297,76,C,,
30744295,78,A,,
30744294,79,A,,
30744288,85,C,,
30744287,86,A,,
30744284,89,C,,
30744282,91,C,,
30744275,98,C,,
30744273,100,C,,
