chrom_coord,local_coord,ref,mmRate,DMS_signal
41264331,1,C,,
41264334,4,A,,
41264335,5,C,,
41264337,7,A,,
41264340,10,C,,
41264341,11,A,,
41264342,12,C,,
41264344,14,A,,
41264348,18,A,,
41264355,25,A,,
41264358,28,C,,
41264364,34,C,,
41264367,37,C,,
41264370,40,C,,
41264371,41,C,,
41264372,42,A,,
41264378,48,A,0.0251495,0.38294629056308593
41264380,50,C,0.0173791,0.22933769240364524
41264381,51,C,0.0174122,0.2299920273927162
41264383,53,C,0.0270843,0.42119424635929786
41264386,56,C,0.0149782,0.1818756720030222
41264387,57,C,0.0150883,0.18405217599990198
41264389,59,C,0.0351974,0.581577485024921
41264390,60,C,0.0149655,0.1816246129588771
41264391,61,A,0.0476195,0.8271428828418145
41264396,66,A,0.0313881,0.5062736096814694
41264402,72,C,0.00577789,0.0
41264403,73,C,0.00773322,0.03865380163686543
41264404,74,C,0.017073,0.22328657638688873
41264405,75,C,0.0090505,0.0646943573590249
41264406,76,C,0.0129496,0.14177343759729774
41264407,77,C,0.0156937,0.19601998271843968
41264408,78,C,0.0135595,0.15383020224486324
41264409,79,C,0.022025,0.32117983517479537
41264410,80,C,0.0243209,0.36656617056477014
41264414,84,C,0.0134026,0.15072853578609455
41264415,85,C,0.0196021,0.2732829093433699
41264416,86,C,0.0244075,0.36827811648783815
41264417,87,C,0.0263836,0.4073425083882385
41264418,88,C,0.0293087,0.4651671390991646
41264421,91,C,0.0563636,1.0
41264423,93,C,0.0363907,0.6051671509602218
41264424,94,C,0.012034,0.12367346430444487
41264426,96,C,0.0228067,0.3366328158683549
41264427,97,C,0.0191353,0.2640550068388879
41264430,100,A,0.0495078,0.8644716067047393
41264431,101,C,0.0577738,1.0
