chrom_coord,local_coord,ref,mmRate,DMS_signal
124914657,9,C,,
124914656,10,A,,
124914655,11,C,,
124914654,12,A,,
124914652,14,C,0.0069803,0.14413189268594245
124914650,16,A,0.00512867,0.10170827886984281
124914646,20,C,0.00684934,0.1411314031360019
124914645,21,C,0.00957836,0.20365733465386032
124914642,24,C,0.0234671,0.5218691491914385
124914640,26,C,0.0322249,0.7225234511192736
124914639,27,A,0.0221774,0.4923201924675661
124914637,29,C,0.0325655,0.7303271067447298
124914636,30,C,0.00889446,0.1879881623630514
124914632,34,A,0.0162588,0.35671621071528986
124914624,42,C,0.0313903,0.7034015163423923
124914622,44,C,0.023088,0.5131834009600513
124914621,45,A,0.000689489,0.0
124914617,49,C,0.0215667,0.47832814170283877
124914606,60,A,0.0106282,0.22771073988530188
124914604,62,C,0.0223132,0.49543157365939505
124914602,64,C,0.0320879,0.7193845761319351
124914597,69,A,0.0247387,0.5510034078330419
124914595,71,C,0.0334887,0.7514790000900652
124914592,74,C,0.0282375,0.6311661509403417
124914591,75,A,0.0455637,1.0
124914590,76,C,0.0443357,1.0
124914583,83,A,,
124914580,86,A,,
124914578,88,C,,
124914574,92,C,,
124914571,95,C,,
124914566,100,C,,
