chrom_coord,local_coord,ref,mmRate,DMS_signal
812303,2,A,0.0323806,0.5972123798775912
812300,5,C,0.0285648,0.520479628960812
812293,12,A,0.0491071,0.9335692010447141
812291,14,C,0.0146178,0.2400163769464717
812290,15,C,0.00787545,0.10443299649053944
812289,16,C,0.00555774,0.057825662739470624
812285,20,A,0.0332891,0.6154816036859392
812284,21,A,0.0659166,1.0
812283,22,C,0.00589408,0.06458919684590951
812281,24,C,0.013733,0.2222237415852981
812280,25,C,0.00760447,0.09898380081900822
812279,26,C,0.00437168,0.0339749246105448
812277,28,C,0.0170437,0.2887993269042825
812276,29,C,0.00268216,0.0
812274,31,C,0.00562598,0.0591979157198577
812273,32,C,0.0126314,0.20007142793942462
812270,35,A,0.0544329,1.0
812269,36,A,0.0364404,0.6788517797863757
812266,39,A,0.0365538,0.6811321650146274
812265,40,A,0.0249931,0.4486555379577562
812264,41,C,0.0524106,1.0
812262,43,C,0.0168135,0.284170185109366
812259,46,C,0.00544861,0.05563114386857904
812258,47,C,0.0085136,0.11726569343417972
812257,48,C,0.00889174,0.12486979281875726
812253,52,C,0.0231543,0.41167870940652873
812252,53,C,0.00753969,0.09768112573006514
812249,56,C,0.0039401,0.02529618865984938
812247,58,C,0.0227056,0.40265570365770575
812244,61,C,0.0229795,0.4081636182434036
812243,62,C,0.0218299,0.3850460621728733
812240,65,C,0.0309546,0.5685366361784122
812235,70,C,0.0129535,0.20654860679321532
812232,73,C,0.0175959,0.2999036366312718
812231,74,C,0.0200342,0.34893594088211893
812229,76,C,0.00663048,0.07939762437751918
812228,77,C,0.0286699,0.5225931076864668
812224,81,C,0.017599,0.2999659752045309
812222,83,C,0.042177,0.7942103150631711
812221,84,C,0.0137358,0.22228004739340307
812220,85,C,0.0114293,0.175898137966926
812219,86,C,0.0103386,0.15396501478831834
812215,90,A,0.0393921,0.7382081561376146
812214,91,C,0.0197235,0.3426880071041843
812212,93,A,0.0183021,0.3141047658040349
812209,96,A,0.0221962,0.3924120684260355
