chrom_coord,local_coord,ref,mmRate,DMS_signal
60392047,9,C,,
60392041,15,A,0.00957663,0.15843449830475856
60392040,16,C,0.00710063,0.11463840273729137
60392038,18,C,0.013913,0.23513727493476577
60392037,19,C,0.0142352,0.24083642759705895
60392035,21,A,0.0494759,0.8641825766537803
60392034,22,C,0.0363529,0.6320597324971274
60392033,23,A,0.0194003,0.3321979838230383
60392032,24,C,0.0848222,1.0
60392031,25,C,0.0157645,0.26788706126076156
60392028,28,C,0.00451789,0.06895426385767897
60392027,29,A,0.0217885,0.3744410514459079
60392026,30,C,0.0258567,0.44640037131164706
60392025,31,C,0.0090949,0.14991353985656955
60392022,34,C,0.00709511,0.11454076362277907
60392021,35,A,0.0252913,0.43639943737229087
60392020,36,C,0.0205267,0.352122023422067
60392019,37,C,0.0156824,0.2664348563148451
60392018,38,C,0.0202797,0.3477530268125499
60392017,39,A,0.0265885,0.459344629282678
60392013,43,A,0.0507671,0.8870216390918714
60392012,44,C,0.0356797,0.6201520057055204
60392010,46,C,0.0170107,0.28993015265663297
60392009,47,C,0.0180195,0.3077740545986608
60392007,49,A,0.0634044,1.0
60392004,52,A,0.0308542,0.5347973776114925
60392002,54,A,0.0435232,0.7588897583644174
60392001,55,A,0.0571543,1.0
60391998,58,C,0.0096358,0.15948111178405058
60391994,62,A,0.0173781,0.29642881401022236
60391981,75,C,0.00062174,3.820661002654591e-05
60391979,77,A,0.0370373,0.6441655676370203
60391977,79,A,0.0428235,0.74651329307017
60391975,81,C,0.0546488,0.9556821011937443
60391974,82,A,0.0372575,0.6480605192702821
60391971,85,C,0.00558604,0.0878479631631677
60391969,87,C,0.00446957,0.06809956784078881
60391968,88,C,0.00575438,0.09082560239088476
60391966,90,A,0.0126997,0.21367612681198386
60391965,91,C,0.00909166,0.14985622994152975
60391964,92,C,0.000908267,0.0051063664947840915
60391963,93,C,0.000891267,0.004805666323278862
60391962,94,C,0.000719943,0.0017752453713399485
60391961,95,C,0.00061958,0.0
60391960,96,C,0.00643358,0.10283945865478773
60391958,98,C,0.0185213,0.3166500161316798
60391957,99,C,0.0285881,0.4947140447498458
60391955,101,A,0.0533888,0.9333949120115922
