chrom_coord,local_coord,ref,mmRate,DMS_signal
11089462,2,A,,
11089466,6,C,,
11089467,7,A,,
11089468,8,A,,
11089470,10,C,,
11089472,12,C,,
11089476,16,A,,
11089477,17,A,,
11089479,19,C,,
11089480,20,C,,
11089481,21,A,,
11089488,28,C,,
11089489,29,C,,
11089490,30,A,,
11089492,32,C,,
11089494,34,A,,
11089497,37,A,,
11089498,38,C,,
11089499,39,A,,
11089500,40,C,0.0261477,0.5517800957628425
11089501,41,A,,
11089503,43,C,0.0175301,0.3699277663707402
11089504,44,A,0.0286123,0.6037891529272241
11089508,48,C,0.0451132,0.9519982949233876
11089512,52,A,0.0344511,0.7270020406053023
11089514,54,C,0.00551961,0.11647720198616104
11089515,55,C,0.0066304,0.1399175738954459
11089520,60,C,0.0280944,0.5928602027099745
11089524,64,A,0.00367353,0.07752042187984697
11089525,65,C,0.0282941,0.5970743586442953
11089526,66,A,0.0281204,0.5934088659763358
11089527,67,C,0.0264417,0.5579842111593888
11089530,70,C,0.00403735,0.08519790917090651
11089531,71,C,0.0,0.0
11089535,75,C,0.0189437,0.39975816611413467
11089536,76,A,0.0455744,0.9617307371713033
11089538,78,A,0.0527132,1.0
11089541,81,C,0.0184705,0.38977249466636005
11089544,84,C,0.022328,0.4711751312043792
11089546,86,A,0.0252646,0.5331445368965496
11089548,88,C,0.0326019,0.6879794209070249
11089549,89,A,0.0473879,1.0
11089555,95,C,0.0339792,0.7170438023208456
11089556,96,C,0.0128188,0.27050787226275064
11089557,97,C,0.00500299,0.1055752628835631
