chrom_coord,local_coord,ref,mmRate,DMS_signal
67062141,2,C,,
67062140,3,C,,
67062135,8,C,,
67062133,10,A,,
67062127,16,C,0.0273243,0.6182506741882093
67062126,17,A,0.0319138,0.726704469728406
67062122,21,C,0.0166096,0.36505318359565153
67062119,24,C,0.0111529,0.23610671314697732
67062118,25,C,0.00810933,0.16418456073554336
67062117,26,C,0.0445752,1.0
67062116,27,C,0.0375701,0.8603676582487271
67062115,28,A,0.0229785,0.5155557172956097
67062114,29,A,0.0238539,0.5362421651909988
67062112,31,A,0.0332804,0.7589983921568257
67062109,34,C,0.0238992,0.5373126427894236
67062107,36,A,0.0286984,0.6507218280070969
67062103,40,A,0.03657,0.8367344431011619
67062102,41,A,0.0332977,0.7594072058975045
67062100,43,A,0.0335925,0.7663735810854879
67062092,51,C,0.0131201,0.2825933253240499
67062091,52,C,0.00449816,0.07884953669351448
67062090,53,C,0.00171821,0.013156949502759613
67062083,60,C,0.0430609,0.9901199407527278
67062080,63,A,0.0317006,0.7216663720687111
67062075,68,C,0.0193359,0.4294779755732609
67062074,69,A,0.043479,1.0
67062073,70,A,0.042441,0.9754711755592714
67062070,73,C,0.00392558,0.06531898341964897
67062069,74,C,0.00116144,0.0
67062068,75,C,0.00445977,0.07794234828284052
67062067,76,A,0.072818,1.0
67062066,77,C,0.00896447,0.18439224756814904
67062065,78,A,0.014548,0.3163358189838923
67062064,79,C,0.00748118,0.14934084101257256
67062063,80,C,0.00383447,0.06316597648824743
67062062,81,C,0.00606874,0.11596368032561426
67062059,84,A,0.0231459,0.5195115219308486
67062058,85,A,0.0300772,0.6833040468306774
67062057,86,A,0.015315,0.33446068251572164
67062056,87,C,0.00480488,0.08609759163808123
67062055,88,C,0.0254204,0.5732598949466841
67062053,90,A,0.0314648,0.7160942171524068
67062051,92,C,0.0321668,0.7326830753001828
67062049,94,A,0.0314243,0.7151371676438812
67062045,98,A,0.038039,0.8714481647807673
67062044,99,A,0.0222792,0.49903066244840205
67062043,100,A,0.0129965,0.2796725520091423
