chrom_coord,local_coord,ref,mmRate,DMS_signal
75562247,1,C,0.0180866,0.18657308247107235
75562251,5,C,0.023759,0.3636795074340736
75562253,7,A,0.0323621,0.6322896697285515
75562254,8,A,0.0268374,0.45979480582736454
75562256,10,A,0.0323236,0.6310876040489317
75562259,13,A,0.0304241,0.5717804934401557
75562261,15,A,0.0190744,0.2174146533367469
75562262,16,A,0.0263692,0.4451764382637799
75562264,18,C,0.0335093,0.6681081047327041
75562269,23,C,0.0164927,0.13680756333481114
75562271,25,C,0.0412102,0.9085493408933376
75562274,28,C,0.0123552,0.007624530882160094
75562276,30,C,0.0212594,0.2856357834658207
75562278,32,A,0.0517299,1.0
75562280,34,A,0.0361663,0.7510662478690652
75562282,36,C,0.0415519,0.9192180640810285
75562284,38,A,0.0401013,0.8739267270717678
75562286,40,A,0.012111,0.0
75562289,43,C,0.0200164,0.24682623438095172
75562290,44,A,0.0305163,0.5746592065742063
75562291,45,C,0.040251,0.878600733103952
75562294,48,C,0.024678,0.392372971319025
75562295,49,C,0.0239032,0.36818178979774063
75562296,50,C,0.024416,0.3841926802005732
75562299,53,C,0.0401304,0.8748353013906492
75562301,55,C,0.0338353,0.6782866349029916
75562303,57,A,0.0441392,1.0
75562305,59,C,0.0331136,0.6557533673450271
75562306,60,C,0.0191966,0.22123004102634553
75562307,61,C,0.0352282,0.7217764345170817
75562308,62,A,0.0241853,0.37698965286840963
75562310,64,C,0.0293792,0.5391561186704216
75562311,65,C,0.0196876,0.23656028125214648
75562312,66,C,0.019355,0.22617568267963853
75562314,68,A,0.0309779,0.5890715057355703
75562315,69,C,0.033814,0.6776215959685524
75562316,70,C,0.0331458,0.6567587313679819
75562317,71,C,0.0324393,0.6347000455848282
75562318,72,A,0.030311,0.5682492303657402
75562323,77,A,,
75562328,82,C,,
75562332,86,A,,
75562334,88,A,,
75562335,89,C,,
75562337,91,C,,
75562338,92,C,,
75562341,95,C,,
75562345,99,C,,
