chrom_coord,local_coord,ref,mmRate,DMS_signal
34051646,1,A,,
34051649,4,C,,
34051650,5,C,,
34051651,6,C,,
34051652,7,C,,
34051653,8,C,,
34051655,10,C,,
34051657,12,C,,
34051659,14,C,,
34051660,15,C,,
34051662,17,C,,
34051665,20,C,,
34051667,22,C,,
34051668,23,C,,
34051669,24,C,,
34051671,26,C,,
34051672,27,C,,
34051673,28,C,,
34051674,29,C,,
34051676,31,C,,
34051678,33,C,,
34051680,35,A,,
34051681,36,C,,
34051682,37,C,,
34051683,38,C,,
34051684,39,A,,
34051686,41,A,,
34051690,45,C,,
34051693,48,C,,
34051697,52,C,,
34051701,56,C,,
34051703,58,A,0.0365664,0.8119425255963603
34051704,59,A,0.0450357,1.0
34051707,62,C,0.00225225,0.050010325142053974
34051708,63,C,0.0042735,0.0948913861669742
34051709,64,C,0.00888335,0.19725129175298708
34051711,66,C,0.0156071,0.3465495151624156
34051712,67,C,0.00879266,0.19523755598336434
34051713,68,C,0.00191571,0.04253758684776744
34051715,70,C,0.0,0.0
34051717,72,C,0.00108196,0.024024496121965465
34051718,73,C,0.0144358,0.32054125948969375
34051719,74,C,0.0111235,0.24699294115557213
34051722,77,C,0.00889552,0.19752152181491575
34051724,79,C,0.0275765,0.612325333013587
34051726,81,C,0.0216672,0.4811116514232043
34051728,83,C,0.0114758,0.2548156240493653
34051729,84,C,0.00808854,0.1796028484069305
34051731,86,C,0.0218889,0.4860344126992586
34051732,87,A,0.0408668,0.9074312156800051
34051733,88,C,0.046697,1.0
34051735,90,A,0.0305095,0.6774514440765881
34051738,93,A,0.0156434,0.3473555423808223
34051740,95,C,0.010954,0.24322926034235065
34051743,98,C,0.0209528,0.46524868049125473
34051745,100,C,0.01706,0.3788105880445957
