chrom_coord,local_coord,ref,mmRate,DMS_signal
244864544,2,A,,
244864542,4,A,,
244864539,7,A,,
244864538,8,C,0.0149275,0.19459406122886602
244864533,13,C,0.0160056,0.224308864167437
244864529,17,C,0.00786732,0.0
244864527,19,C,0.0106464,0.07659754619286151
244864525,21,C,0.00884853,0.027044301819270273
244864523,23,C,0.0340797,0.7224707413513966
244864521,25,C,0.0184013,0.29033961586016926
244864519,27,C,0.0220676,0.3913908931198697
244864518,28,C,0.0088534,0.027178529711219864
244864517,29,A,0.0176564,0.2698085364529329
244864514,32,C,0.00903972,0.032313917971598785
244864512,34,A,0.00870646,0.023128540708535813
244864509,37,C,0.0103347,0.06800640986417902
244864507,39,C,0.0196632,0.32512035032652936
244864506,40,C,0.0133149,0.1501472648104079
244864504,42,C,0.0104041,0.06991922622994917
244864501,45,C,0.012104,0.11677220231312971
244864499,47,C,0.0217703,0.38319665240598677
244864498,48,C,0.0146575,0.18715226845137398
244864497,49,C,0.0196694,0.325291235938457
244864495,51,C,0.0234341,0.4290546332326211
244864493,53,C,0.0332025,0.6982931834831891
244864491,55,A,0.0451757,1.0
244864490,56,A,0.0414024,0.9243004301356226
244864489,57,C,0.0307729,0.6313280733639495
244864487,59,C,0.0202865,0.3422998667643471
244864482,64,A,0.0333033,0.7010714527867862
244864481,65,A,0.0401092,0.888656998950983
244864480,66,A,0.0411358,0.9169523488227361
244864477,69,A,0.0264361,0.5117963440401438
244864476,70,A,0.0409554,0.9119801287595527
244864471,75,C,0.011876,0.11048802174546973
244864469,77,C,0.0155392,0.2114538561992063
244864468,78,C,0.0441489,1.0
244864464,82,C,0.0192478,0.3136710143273805
244864462,84,A,0.0313791,0.6480362762591928
244864461,85,C,0.0276293,0.5446835556775642
244864460,86,A,0.0303364,0.6192971750403373
244864459,87,C,0.0501237,1.0
244864458,88,C,0.0215802,0.37795707904672293
244864457,89,A,0.0284402,0.5670337399859654
244864454,92,C,0.0153431,0.20604890966710934
244864451,95,A,0.0272949,0.5354667575116631
244864449,97,C,0.0344444,0.7325226740401053
244864448,98,C,0.0231342,0.42078873081051055
244864446,100,C,0.0289607,0.5813798627292417
