chrom_coord,local_coord,ref,mmRate,DMS_signal
14178815,3,C,,
14178817,5,C,,
14178825,13,C,,
14178827,15,C,,
14178829,17,C,,
14178831,19,A,,
14178833,21,A,,
14178836,24,C,,
14178840,28,A,,
14178841,29,A,0.0182311,0.11578369340720587
14178842,30,A,0.0165729,0.04783136084975256
14178846,34,C,0.0154057,0.0
14178848,36,C,0.0277426,0.5055609284332689
14178849,37,A,0.030127,0.6032726289217455
14178857,45,A,0.0356821,0.8309182703340656
14178858,46,A,0.0398081,1.0
14178859,47,A,0.0382892,0.9377561223486216
14178860,48,C,0.0513056,1.0
14178861,49,A,0.0338751,0.7568681769006327
14178865,53,C,0.0303931,0.6141772940366522
14178868,56,A,0.0237398,0.3415278825033603
14178869,57,C,0.0250027,0.39328098875520445
14178871,59,A,0.0176127,0.09044192374520535
14178872,60,C,0.0331839,0.7285430941218898
14178875,63,A,0.0243162,0.3651485099826247
14178877,65,A,0.0314663,0.6581565747631382
14178878,66,C,0.0352325,0.8124938530636331
14178879,67,C,0.0242241,0.361374291053339
14178880,68,A,0.0154421,0.0014916565583713353
14178884,72,A,,
14178885,73,A,,
14178890,78,A,,
14178895,83,A,,
14178896,84,A,,
14178899,87,A,,
14178903,91,C,,
14178905,93,C,,
14178907,95,C,,
14178909,97,A,,
14178910,98,A,,
14178913,101,A,,
