chrom_coord,local_coord,ref,mmRate,DMS_signal
119084882,1,A,,
119084886,5,A,,
119084887,6,C,,
119084889,8,C,,
119084891,10,A,,
119084894,13,C,,
119084896,15,C,,
119084899,18,C,,
119084902,21,A,,
119084904,23,A,,
119084905,24,C,,
119084906,25,C,,
119084907,26,A,,
119084910,29,A,,
119084913,32,C,,
119084914,33,A,,
119084916,35,A,,
119084917,36,C,,
119084921,40,A,,
119084924,43,A,,
119084925,44,C,,
119084927,46,A,,
119084928,47,C,,
119084929,48,C,,
119084931,50,C,,
119084936,55,C,,
119084937,56,C,,
119084938,57,C,,
119084939,58,A,,
119084940,59,C,,
119084945,64,C,,
119084946,65,C,,
119084947,66,C,,
119084948,67,C,,
119084952,71,A,,
119084953,72,C,0.040319,0.9218424875296799
119084955,74,C,0.0319917,0.7027852179682046
119084957,76,C,0.0131437,0.2069712786727928
119084958,77,C,0.0236614,0.48364903065323384
119084961,80,C,0.0296651,0.6415818695405356
119084962,81,C,0.0183178,0.3430807281267609
119084965,84,A,0.0239101,0.49019131241802427
119084967,86,C,0.0301999,0.6556502743970289
119084968,87,C,0.0131607,0.20741847927593487
119084969,88,C,0.0365124,0.8217063807108176
119084970,89,C,0.00531814,0.0011127403242888185
119084971,90,C,0.0127255,0.19597014383549755
119084974,93,C,0.00527584,0.0
119084977,96,C,0.0432901,1.0
119084978,97,C,0.0155156,0.2693662851782463
119084979,98,C,0.0223874,0.4501352913354094
