chrom_coord,local_coord,ref,mmRate,DMS_signal
138543234,3,C,,
138543233,4,A,,
138543232,5,C,,
138543231,6,A,,
138543228,9,C,,
138543227,10,C,,
138543226,11,C,,
138543225,12,C,,
138543224,13,A,,
138543219,18,A,,
138543217,20,C,,
138543214,23,A,,
138543210,27,C,,
138543209,28,A,,
138543208,29,A,,
138543207,30,C,,
138543206,31,A,,
138543205,32,C,,
138543204,33,A,,
138543201,36,C,0.0276981,0.49394309683087656
138543200,37,A,0.0339616,0.6304945698797558
138543198,39,C,0.0509105,1.0
138543195,42,C,0.0358507,0.6716791133038219
138543194,43,C,0.00701124,0.042945857945917904
138543190,47,A,0.0120479,0.15275081400025944
138543188,49,A,0.0414136,0.792956704015662
138543186,51,A,0.0254709,0.44538758620990365
138543182,55,A,0.0312943,0.5723443752500319
138543180,57,C,0.0282358,0.5056655726125293
138543179,58,C,0.0149794,0.21666087119556393
138543173,64,C,0.0403247,0.7692174369919652
138543172,65,C,0.0246626,0.42776572053329964
138543170,67,A,0.0469564,0.9137960917086976
138543169,68,C,0.0537384,1.0
138543166,71,C,0.0254315,0.4445286210884658
138543165,72,A,0.0287677,0.51726160175194
138543163,74,A,0.0409935,0.7837980429111943
138543161,76,C,0.00504135,0.0
138543160,77,C,0.00976756,0.10303679052260616
138543158,79,C,0.012594,0.16465641940171116
138543157,80,C,0.00883776,0.08276608570248195
138543155,82,C,0.013016,0.17385650268208588
138543154,83,C,0.0149828,0.21673499508929203
138543152,85,C,0.019424,0.313558241214411
138543151,86,C,0.0156838,0.23201759788441692
138543149,88,C,0.0224043,0.37853219429616636
138543146,91,A,0.0465145,0.904162165638561
138543144,93,C,0.0295355,0.5340005210473706
138543143,94,C,0.0203739,0.3342671490533398
138543141,96,C,0.0139859,0.19500143342529785
138543140,97,C,0.0135014,0.18443877856903826
138543138,99,C,0.0226998,0.3849744327069501
138543137,100,C,0.0224315,0.3791251854459915
