chrom_coord,local_coord,ref,mmRate,DMS_signal
69767104,1,C,,
69767106,3,C,,
69767107,4,C,,
69767108,5,C,,
69767110,7,C,,
69767111,8,C,,
69767112,9,A,,
69767121,18,A,0.0281109,0.517609216601238
69767123,20,C,0.0341521,0.6378794204207306
69767125,22,C,0.0306512,0.568182347562414
69767126,23,C,0.011974,0.19635048455880055
69767127,24,A,0.0260808,0.4771933156587179
69767129,26,A,0.0488003,0.9295006214385242
69767131,28,C,0.0278756,0.5129247865279534
69767134,31,C,0.0190278,0.33677986344080046
69767136,33,A,0.0467496,0.8886746088958781
69767137,34,A,0.0333391,0.6216939480468237
69767141,38,C,0.0211318,0.37866698997794757
69767144,41,C,0.015562,0.26778157296910643
69767145,42,A,0.0297147,0.549538196420761
69767153,50,A,0.0320418,0.5958668714039335
69767158,55,C,0.0280226,0.5158513110531249
69767161,58,A,0.0282375,0.5201296111923039
69767163,60,A,0.0226849,0.40958661746123803
69767164,61,C,0.028494,0.5252360978637765
69767166,63,A,0.0421903,0.7979065594563274
69767170,67,A,0.033338,0.6216720488837101
69767171,68,A,0.0333369,0.6216501497205966
69767174,71,C,0.0113788,0.18450104648137186
69767175,72,C,0.00851266,0.1274409852393668
69767180,77,C,0.00211127,0.0
69767183,80,C,0.0047562,0.0526561395398747
69767188,85,A,0.00963192,0.14972358279068204
69767192,89,C,0.0172185,0.3007597217850685
69767194,91,A,0.0555929,1.0
69767195,92,C,0.0523415,1.0
69767197,94,A,0.0362265,0.6791772603868229
69767198,95,C,0.00505863,0.05867701581298751
69767200,97,C,0.00513141,0.06012594407789891
69767201,98,C,0.00380239,0.03366737520413504
69767204,101,C,0.00384246,0.034465101991370525
