chrom_coord,local_coord,ref,mmRate,DMS_signal
23791163,3,C,,
23791164,4,C,,
23791167,7,C,,
23791173,13,C,,
23791176,16,C,,
23791177,17,C,0.0123308,0.0
23791179,19,A,0.0266533,0.3720787048102002
23791185,25,A,0.0354515,0.6006437500649464
23791186,26,A,0.039435,0.7041295605457586
23791188,28,A,0.0376001,0.6564614009747175
23791195,35,C,0.0299596,0.45797179761620227
23791198,38,C,0.0335287,0.5506920702877391
23791202,42,A,0.0455707,0.8635265449481986
23791204,44,A,0.0176647,0.13856733137281385
23791205,45,A,0.0603724,1.0
23791206,46,A,0.04304,0.7977824654744214
23791208,48,A,0.0374461,0.6524606943564059
23791211,51,A,0.0245519,0.31748724450032734
23791213,53,A,0.0496528,0.9695738468093063
23791214,54,A,0.0341713,0.5673859279041493
23791216,56,C,0.0319305,0.509173048746272
23791218,58,C,0.0202247,0.20507258424864655
23791219,59,C,0.0161248,0.09856286305113635
23791220,60,C,0.0264453,0.36667515301403886
23791221,61,A,0.0361856,0.6197146508993795
23791222,62,A,0.050824,1.0
23791224,64,C,0.0327399,0.5302001392453732
23791227,67,C,0.015051,0.07066702690345308
23791228,68,C,0.0232378,0.28334874731121334
23791230,70,C,0.0278154,0.4022684526098116
23791233,73,A,0.0355288,0.6026518969584237
23791234,74,A,0.0432043,0.8020507518211007
23791237,77,C,0.0240434,0.304277119075577
23791238,78,C,0.0242473,0.3095741585526794
23791239,79,C,0.0317856,0.5054087475190422
23791240,80,A,0.0480405,0.9276885268047341
23791244,84,A,0.0262585,0.3618223478432554
23791249,89,A,0.027677,0.3986730123762119
23791253,93,A,,
23791254,94,C,,
23791255,95,C,,
23791256,96,C,,
23791257,97,A,,
23791259,99,C,,
23791260,100,C,,
